smiles,Y
O=Cc1ccc(Cl)cc1,-2.1770779444
C=Cc1cccc(C)c1,-3.1231503041
CN(C)c1ccc(C=O)cc1,-2.2827688499
CC(=O)OC(C)(C)Cc1ccccc1,-2.3946499685
COCCCCC(=O)c1ccc(C(F)(F)F)cc1,-3.5440597008
Cc1cc(Cl)ccc1OC(C)C(=O)O,-2.4660307863
FC(F)(F)c1cccc(Cl)c1,-3.4115138849
CCNCC(O)c1cccc(O)c1,-3.4541026398000003
NC(Cc1cc(I)c(O)c(I)c1)C(=O)O,-2.86
ClCc1ccc(Cl)cc1Cl,-3.5129421932
C=CC(=O)OCCOc1ccccc1,-2.5636257131
CC(C)CCCCCCc1ccc(O)cc1,-4.587250024599999
C=C(C)c1cccc(C(=C)C)c1,-4.4511392252
Cc1ccc(C(C)(C)C)cc1,-4.4720217682
C=COC(=O)c1ccccc1,-2.6229591952
COC(=O)c1ccc(C(C)(C)C)cc1,-3.7398163758
Cc1cccc(CC(C)(C)CO)c1,-2.8265354685000004
C=C(C)C(=O)OCCOc1ccccc1,-2.9526471698
CCCC(=O)OC(C)(C)Cc1ccccc1,-4.1359426126
CCCCOC(=O)c1ccccc1C(=O)OCCCC,-4.3876832538
CCCCCCCCCC(=O)Oc1ccc(C(=O)O)cc1,-5.4245475497000015
COc1ccc(/C=C/C(=O)OCCC(C)C)cc1,-5.4919252104
CCC(Cc1c(I)cc(I)c(N)c1I)C(=O)O,-4.58
CCCCOC(=O)c1ccc(C(=O)OCCCC)cc1,-6.40319542
CCNC(=O)Oc1cc(/C=C(/C#N)C(=O)N(CC)CC)cc([N+](=O)[O-])c1O,-3.18
Cc1cccc(C)c1OCC(=O)O,-2.2566445306
CC(=O)c1ccc(O)cc1,-1.1383824511
Nc1cc([N+](=O)[O-])ccc1O,-2.2056018566
COC(=O)Cc1ccccc1,-2.2114017234
Cc1c(Cl)cccc1[N+](=O)[O-],-3.2706864295
CC(=O)Nc1c(I)cc(I)c(C(=O)O)c1I,-2.64
CNCC(=O)Nc1cc(Cl)c(S(N)(=O)=O)cc1S(N)(=O)=O,-1.27
CC(C)OC(=O)CC(C(=O)OC(C)C)S(=O)(=O)c1ccc([N+](=O)[O-])cc1,-4.29
CC(C)c1ccc(CCC=O)cc1,-3.3026567859
CCCOC(C)OCCc1ccccc1,-3.3841929036
O=[N+]([O-])c1cc(Cl)ccc1Cl,-3.3642253983
O=Cc1ccc(B(O)O)cc1,-2.2673846672
CC(=O)CC(C)(C)c1ccccc1,-2.337666283
CCCCOC(=O)c1ccccc1N,-3.3830205262
COc1ccc(OC)cc1,-2.2455315279
CCCN(CCC)c1c([N+](=O)[O-])cc(S(=O)(=O)N=S(C)C)cc1[N+](=O)[O-],-4.86
Cc1cc(C)c(C)c(O)c1,-2.2522030039
CC(C)(O)C(=O)c1ccc(OCCO)cc1,-1.4699304792
CCC(=O)OCc1ccccc1,-2.344979827
Nc1cc(Cl)c(Cl)cc1Cl,-3.4359504856
CC(C)c1cccc(C(C)CC=O)c1,-3.6773468456
CC(=O)Nc1c(I)c(NC(C)=O)c(I)c(C(=O)O)c1I,-2.01
C/C=C/c1ccc(O)c(OC)c1,-2.3647374971
Cc1ccc(C=O)cc1C,-2.277035079
NCC(=O)NCC(=O)Nc1c(S(N)(=O)=O)cc(S(N)(=O)=O)c(Cl)c1Cl,-1.23
COc1cc(C=O)cc([N+](=O)[O-])c1O,-2.4496899299
CCN(CC)c1cccc(NC(C)=O)c1,-2.4693780306
CCCC(CC)COC(=O)CCc1cc(C(C)(C)C)c(O)c(C(C)(C)C)c1,-7.098737149600001
CC(C)(C)CC(C)(C)c1ccc(O)cc1,-4.4694622333
CCCCCCCCCc1ccc(O)cc1,-4.4980268403
COc1ccccc1OC,-1.3149750669
O=S(=O)([O-])c1cccc(S(=O)(=O)[O-])c1.[Na+].[Na+],0.3709472853
O=[N+]([O-])c1cc(C(F)(F)F)ccc1Cl,-2.5337046723
CC(C)c1ccc(C(C)CC=O)cc1,-3.4598629014
CCOc1ccccc1OCC,-2.41045076
CC(=O)c1ccccc1,-1.2803868403
O=C(O)c1ccccc1C(=O)O,-1.4245732761
CC(C)c1ccccc1C(C)C.OO,-2.4977135853
Cc1cccc(C)c1O,-1.292396158
CCC(O)c1ccccc1,-2.3403675905
CC(=O)c1cccc(C(F)(F)F)c1,-2.4821079167
Nc1ccc(Cl)cc1Cl,-2.4171742578
O=C(O)Cc1ccc(O)cc1,-0.3990804112
COc1ccc(COC(C)=O)cc1,-2.4740066421
C=Cc1cc(Br)ccc1Br,-4.5787304077
CCOC(=O)c1ccccc1,-2.3999022404
O=C(O)CCc1ccccc1,-1.4057514128
CCOP(=S)(OCC)O/N=C(\C#N)c1ccccc1,-4.63
C=Cc1ccc(O)c(C=C)c1,-3.3940626837
Nc1ccc(Cl)cc1O,-2.3906599281
CCOc1ccc(C(=O)O)cc1,-2.4548997462
Nc1c(Cl)cc(C(F)(F)F)cc1Cl,-3.591642752
FC(F)(F)c1ccccc1,-2.511
O=[N+]([O-])c1cc(C(F)(F)F)ccc1O,-2.503
COc1cc(C=O)ccc1OC(=O)C(C)C,-2.5886676064
Cc1ccccc1,-2.2062982993
CCC(=O)c1ccc(O)cc1,-2.639
CCc1ccc(CC(C)(C)C#N)cc1,-3.3513392636000003
CCOc1ccccc1,-2.3318416428
C=CCOC(=O)COc1ccccc1,-2.5363732086
CNS(=O)(=O)c1cc(OC)c(N)cc1OC,-3.6510805625
Nc1cccc(Cl)c1,-1.3733684129
CCCCCCCCCCCCCCC(C)c1cc(C)cc(C)c1O,-7.3357073226999985
C=C(C)C(=O)Oc1ccccc1,-2.4948513605
CCC(=O)c1ccc(N)cc1,-2.627
CN(C)Cc1cc(C(C)(C)C)c(O)c(C(C)(C)C)c1,-2.7113870277
CCC(C)C(=O)N(C)c1ccccc1,-1.5805795126
Cc1cc(C)cc(O)c1,-1.3879839049
O=C(O)c1cccc([N+](=O)[O-])c1O,-2.149
C=CCc1ccc(OC)c(OC)c1,-2.5520132395
O=[N+]([O-])c1cc([N+](=O)[O-])c(Cl)c([N+](=O)[O-])c1,-2.669
O=C(O)c1cc(C(=O)O)c(C(=O)O)cc1C(=O)O,-1.259
ClC(Cl)(Cl)c1ccccc1,-3.567
CCCCOC(=O)c1ccc(C(=O)OCCCC)c(C(=O)OCCCC)c1,-4.807173711
CCCC=O.Nc1ccccc1,-4.5021013295
CC/C=C/CCOC(=O)c1ccccc1O,-4.6439814041
COc1ccc([N+](=O)[O-])cc1[N+](=O)[O-],-3.107
COC(=O)c1ccc(C(=O)O)cc1[N+](=O)[O-],-2.6570018481
Cc1cc(C)cc(C)c1,-3.382657059
Cc1ccc([N+](=O)[O-])cc1Cl,-3.5442781768
Fc1ccccc1F,-2.0
CC(C)(C)c1ccc(C(=O)O)cc1,-3.5779623367
Cc1cccc(O)c1C,-1.4241960776
CC(C)(O)CCc1ccccc1,-1.5556396769999998
CC(=O)Oc1ccc([N+](=O)[O-])cc1,-2.5992568252
[Cl-].[NH3+]c1cc([N+](=O)[O-])cc(Cl)c1O,-2.6990298363
O=C(O)c1cccc(C(=O)O)c1C(=O)O,-0.8370000000000001
Brc1ccc(I)cc1,-4.452
CC(C)COC(=O)c1cc(N)c(Cl)c(N)c1,-2.738284824
NNCc1ccccc1.[Cl-].[Cl-].[H+].[H+],-1.6467890106
CN(C=O)c1ccccc1,-1.4947809467
Nc1ccc(S(=O)(=O)O)cc1S(=O)(=O)O,-1.7700930025
COc1c([N+](=O)[O-])cc([N+](=O)[O-])cc1[N+](=O)[O-],-3.085
COc1ccc(C(=O)O)cc1[N+](=O)[O-],-2.6613195143
Ic1ccccc1I,-4.217
CC(C)(C)C(=O)OCCc1ccccc1,-3.6752800895
Ic1cccc(I)c1,-4.518
Clc1ccccc1Br,-3.2030000000000003
Nc1ccc([N+](=O)[O-])cc1S(=O)(=O)[O-].[Na+],-1.7677385178999998
Nc1cc([N+](=O)[O-])cc(S(=O)(=O)O)c1O,-1.7662055678
COC(=O)c1ccccc1C(=O)OC,-1.6861579246
CC/C=C\CCOC(=O)c1ccccc1,-3.7048974167
COC(=O)c1ccc(C(=O)OC)c(N)c1,-3.7185037648
CCCCOCN(C(=O)CCl)c1c(CC)cccc1CC,-4.1930000000000005
O=C(O)c1cccc(Cl)c1C(=O)O,-0.976
CCOP(=S)(NC(C)CC)Oc1cc(C)ccc1[N+](=O)[O-],-4.814
CCC(C)(C)c1ccccc1,-4.5007459195
Cc1ccc(C)c(C)c1,-3.31
Cc1cc(C(C)(C)C)cc(C)c1CC#N,-4.7018118295
CCc1ccc(CC)cc1,-3.75
Cc1ccc(C(C)C)cc1,-3.77
COC(=O)c1ccc(C)cc1,-2.5767203524
Nc1ccccc1N,-0.4396098786999999
Cc1cc(S(=O)(=O)[O-])ccc1N.[Na+],-1.7295012251
Nc1cc([N+](=O)[O-])cc([N+](=O)[O-])c1[O-].[Na+],-1.7648130029
O=C(CCCCl)c1ccc(F)cc1,-2.7226339225
Cc1ccc(S(C)(=O)=O)cc1[N+](=O)[O-],-2.7647010816
COc1ccc(OC)c(Cl)c1,-2.6724024043
CCCCOc1ccccc1,-3.6132495633
Clc1ccc(Cl)c(Cl)c1,-3.7024520783
COc1cc(/C=C/C(=O)O)cc(OC)c1OC,-2.830470194
O=C(O)Cc1ccccc1,-0.89
Cc1ccc(C(C)(C)C)c(O)c1,-2.672674663
COC(=O)c1ccc(C(=O)OC)c([N+](=O)[O-])c1,-2.8359048818
CCOC(=O)c1ccccc1C(=O)OCC,-2.35
Cc1ccc(O)c(C(C)(C)C)c1,-2.6917536232
C[N+](C)(C)c1ccccc1.[Cl-],0.2877472964999999
CC(O)C(C)Cc1ccccc1,-1.6969729899
FC(F)(F)c1ccc(Cl)cc1,-3.7276952246
O=C(O)c1ccc(O)cc1,-1.41
O=C(O)c1ccccc1Cl,-1.89
CC(C)(C)c1ccc(O)c(C(C)(C)C)c1,-3.7960463334
CC(C=O)Cc1ccc(C(C)(C)C)cc1,-3.7917820609
NCc1ccccc1,-1.53
NNc1ccccc1,0.07
CC(C)(C)OOC(=O)c1ccccc1,-2.7764329492
CNC(C)C(O)c1ccccc1,-0.42
Nc1ccc(O)cc1,-0.8
CC(=O)Nc1ccccc1,-1.33
O=[N+]([O-])c1ccccc1,-1.8
O=C(O)CCP(=O)(O)c1ccccc1,-0.8283051545000001
Nc1ccccc1S(=O)(=O)O,-1.7471686412
CC(=O)Nc1ccc(N)cc1,-0.98
CC(=O)Nc1ccc(S(=O)(=O)Cl)cc1,-2.8772524161
CC(=O)Nc1ccc(Br)cc1,-3.08
COC(=O)c1ccc(C(=O)OC)cc1,-3.796856222
CC(=O)Nc1ccc(F)cc1,-1.78
CC(=O)Nc1ccc(I)cc1,-3.25
COc1ccc(NC(C)=O)cc1,-1.3
Cc1cc(C)c(N)c(S(=O)(=O)O)c1,-1.8195435039
N#Cc1cc(I)c(O)c(I)c1,-3.61
CCOC(=O)C=Cc1ccccc1,-3.0
CCCCCCOC(=O)c1ccc(N)cc1,-3.95
CCCCCNCCOC(=O)c1ccc(N)cc1,-3.27
CCCCOc1ccc(C(=O)OCCN(CC)CC)cc1,-3.84
O=C(O)c1cccc([N+](=O)[O-])c1,-1.7459071723
COc1cc(Cl)c(Cl)cc1O,-2.53
CC(C)(C)c1cccc(C(C)(C)C)c1O,-4.7135873776
O=Cc1ccccc1O,-0.86
NC(=O)c1ccccc1O,-1.76
NNC(=O)Nc1ccccc1,-2.33
CC(=O)c1cccc(N)c1,-1.28
CC=Cc1ccc(OC)cc1,-3.13
CCC(C)(C)c1ccc(O)c(C(C)(C)CC)c1,-4.892804854
COC(=O)/C=C/c1ccccc1,-2.7343475301
CSc1cc(SC)c(N)c(C)c1N,-2.8569254583
C/C=C/c1ccc(OC)c(OC)c1,-2.7782267945
CNC(=O)Oc1cccc(N=CN(C)C)c1,-2.34
CCOP(=S)(OCC)Oc1ccc(S(C)=O)cc1,-2.3
CCNC(=O)C(C)OC(=O)Nc1ccccc1,-1.83
CC(=O)Oc1c(C(C)(C)C)cc([N+](=O)[O-])c(C)c1[N+](=O)[O-],-4.47
COC(=O)c1cccc(C(=O)OC)c1,-2.825819918
C=Cc1ccccc1,-2.5552696161000004
CCCCCC(CO)Cc1ccccc1,-3.8432685623
CCOc1cc(C=O)ccc1O,-1.7642022678
CC(=O)CCc1ccccc1,-1.7160179957
COc1cc(NC(=O)CC(C)=O)c(OC)cc1Cl,-2.9792447784
CC(=O)OC/C=C/c1ccccc1,-2.7927245342
CC(O)C(=O)O.CCCCC(CC)COC(=O)Nc1ccc(C)c(NC(=O)OCCN(C)C)c1,-0.2351938248
Nc1cc(S(=O)(=O)O)ccc1O,-1.8297447369
O=[N+]([O-])c1cccc(Cl)c1,-2.7612722995
CCNc1ccccc1,-1.6520779355
CCc1ccccc1,-2.77
Cc1ccc(Cl)c(Cl)c1,-3.7755457257
Clc1cc(Cl)c(Cl)c(Cl)c1Cl,-5.65
COC(=O)c1ccccc1C,-1.7566476759
Nc1cccc(O)c1,-0.6229628479
O=C(O)C=Cc1ccccc1,-2.48
COc1ccccc1,-1.85
Cc1c(Cl)cccc1Cl,-3.7919361419
Cc1ccc(C(=O)O)cc1[N+](=O)[O-],-2.8480980227
COc1ccc(S(=O)(=O)O)cc1N,-0.8997243446
O=C(O)c1ccccc1O,-1.82
O=C(O)c1ccc(Cl)cc1,-3.31
O=C(O)c1ccc([N+](=O)[O-])cc1,-2.8
Cc1ccc(N)cc1Cl,-1.7531263116999998
COP(=S)(OC)Oc1ccc([N+](=O)[O-])c(C)c1,-4.04
CC(=O)Nc1ccc(Cl)cc1,-2.84
Cc1ccc(Cl)cc1Cl,-3.8089694812
CC(=O)Nc1ccc([N+](=O)[O-])cc1,-2.69
COc1ccccc1C,-2.6890833932
O=C(O)Cc1ccc(Cl)cc1Cl,-2.9191416399000003
COc1c(O)c(Cl)c(Cl)c(Cl)c1Cl,-4.02
N#Cc1ccc(Cl)cc1,-2.749354496
O=[N+]([O-])c1ccc(Cl)cc1,-2.8118286729000004
CC(C)c1ccc(C=O)cc1,-2.7852565821
CCCCNC(=O)NS(=O)(=O)c1ccccc1,-3.05
CCC(=O)c1cccc(Cl)c1,-1.8467055699
CCCCN(CC)c1c([N+](=O)[O-])cc(C(F)(F)F)cc1[N+](=O)[O-],-5.53
COc1ccc(Cl)cc1,-2.779325494
CCOC(=O)c1ccc(N)cc1,-2.32
CC(=O)Oc1ccccc1C(=O)O,-1.72
Cc1ccc(S(=O)(=O)N(Cl)Cl)cc1,-3.51
CCC(C)c1ccccc1,-3.7586078484
O=C(O)COc1c(Cl)cc(Cl)cc1Cl,-3.23
CCCCOC(=O)c1ccc(N)cc1,-3.06
Nc1ccc(C(F)(F)F)cc1,-2.8473301434
CC[N+](CC)(CC)Cc1ccccc1.[Cl-],-0.0072656636
CC(C)c1ccc(N)cc1,-1.7858311962
COc1ccc(N)cc1,-0.7480293677
O=S(=O)(c1ccccc1)N(Br)Br,-3.28
COc1ccc([N+](=O)[O-])cc1N,-1.8832793564
COc1cc(OC)cc(OC)c1,-2.68
CC(C)(C)c1cc(CO)cc(C(C)(C)C)c1O,-4.0127821042
CC(C)CCOCCc1ccccc1,-3.9337357827
COCc1ccc(O)c(OC)c1,-1.8934476814
COc1ccc(O)c(C(C)(C)C)c1,-2.9274884417
O=Cc1cc(O)c(O)c([N+](=O)[O-])c1,-1.937833911
CCOC(=O)C(C)(C)c1ccccc1,-3.045838317
Cc1ccc(N)c([N+](=O)[O-])c1,-1.860061225
COC(=O)c1ccccc1,-1.8117983509
CC(C)Cc1ccc(C(C)C(=O)O)cc1,-3.9922483547000014
COc1cccc(C(C)=O)c1,-1.8691073865
Oc1cc(Cl)ccc1Cl,-1.9111656018
CCN(CC)CCNC(=O)c1cc(Cl)c(N)cc1OC.[Cl-].[H+],-3.2256490876
Cc1cc(O)ccc1C(C)C,-2.854511354
CCCCC(CC)COC(=O)c1ccc(N)cc1,-5.0543936585
Clc1ccccc1C(Cl)(Cl)Cl,-5.0439330965
CCCCC(C#N)c1ccccc1,-3.6623544532
CCCCCCOC(=O)c1ccccc1O,-5.0458782076
CCN(CCCl)c1ccc(C=O)cc1,-3.0334483747000003
COC(=O)c1cc(C(=O)O)cc([N+](=O)[O-])c1,-2.0737299237
O=C(Cl)c1ccc(C(=O)Cl)cc1,-4.0287937791
C=C(C)C(=O)OCc1ccccc1,-2.9682045412
O=[N+]([O-])c1ccc(Cl)cc1Cl,-3.0091456414
COc1cc(Cl)c(OC)cc1N,-3.0061212915
CCCCCCCCN(C)N=Nc1ccc(C(=O)O)cc1,-3.77
CCCCC/C(C=O)=C/c1ccccc1,-3.0466584175
O=C(c1ccccc1)C(F)(F)F,-1.16
Cc1cc(O)c(C(C)C)cc1C(=O)CCl,-2.58
O=C(O)c1cc(O)cc(C(=O)O)c1,-2.005111367
Oc1c(O)c(Cl)c(Cl)c(Cl)c1Cl,-3.55
COP(=O)(OC)OC(=CCl)c1cc(Cl)c(Cl)cc1Cl,-4.52
COC(=O)c1ccc(C(=O)O)cc1,-2.97
Clc1cccc(Cl)c1Cl,-4.003482074
COC(=O)c1ccc([N+](=O)[O-])cc1,-3.04
COC(=O)c1c(C)cc(O)c(C)c1O,-4.037430925
COc1ccc(OC)c([N+](=O)[O-])c1,-3.0173250803
COc1ccc(Cl)c(OC)c1O,-1.56
CCOC(=O)/C=C/c1ccccc1,-3.0130467638
O=C(O)CSC(=S)OCc1ccccc1,-2.68
CCCCCOC(=O)c1ccccc1C(=O)OCCCCC,-3.49
NC(=O)CNC(=O)CNC(=O)OCc1ccccc1,-2.35
CCC(=O)C(CCCCCCOc1ccc(OC)cc1Cl)C(=O)CC,-5.27
Cc1ccc([N+](=O)[O-])cc1[N+](=O)[O-],-3.040285322
O=[N+]([O-])c1cc(O)ccc1NCCCO,-2.1105897103
Cc1ccccc1C,-2.8191677601
Cc1ccc(C)cc1,-2.8191677601
CC(=NO)C(=NO)c1ccccc1,-2.3
CC(C)C(=O)OCCc1ccccc1,-3.0797644375
COc1ccccc1OCC(O)CO,-0.73
OCCOc1cccc(OCCO)c1,-1.02
O=C(NO)c1ccc([N+](=O)[O-])cc1,-1.94
CN(O)C(=O)c1ccc([N+](=O)[O-])cc1,-2.87
CONC(=O)c1ccc([N+](=O)[O-])cc1,-2.28
NC(=O)CNC(=O)OCc1ccccc1,-1.88
CCCSP(=O)(OCC)Oc1ccc(Br)cc1Cl,-4.365622838
Cc1ccc(C)c(O)c1C,-1.9355008883
Cc1cccc(C)c1,-2.8328690378
CC(C)(NC(=O)c1ccccc1)C(=O)O,-0.76
NC(=O)NS(=O)(=O)c1ccc(N)cc1,-1.97
CCOC(=O)C(C)(C)NC(=O)c1ccccc1,-1.19
CCOC(=O)Oc1ccc(NC(C)=O)cc1,-2.67
Cc1cccc([N+](=O)[O-])c1C,-3.0033599893000003
CC(=O)NC(COC(=O)c1ccccc1)C(=O)O,-3.22
NC(Cc1ccc(O)cc1)C(=O)NCC(=O)O,-1.1
CC(C)c1ccc(C#N)cc1,-2.9887953027
C=CCOC(=O)c1ccccc1C(=O)OCC=C,-3.2211356868000003
COC(=O)c1ccc(N(C)C)cc1,-3.05
CN(C)c1ccccc1,-1.9220736974
COc1cc([N+](=O)[O-])c(OC)cc1Cl,-3.1793123652999995
COc1cccc(C(=O)O)c1OC,-2.14
NS(=O)(=O)c1ccc(NO)cc1,-0.84
O=C/C=C/c1ccccc1,-1.9688182578
CC(=O)NC(Cc1ccccc1)C(=O)O,-1.41
CC(C)c1ccc(NC(=O)N(C)C)cc1,-3.5
CC(=O)Nc1ccc(O)cc1,-1.0333232127
CCOC(=O)C(Cc1ccccc1)NC(C)=O,-1.86
CCN(CC)CC(=O)Nc1c(C)cccc1C,-1.78
Cc1cc([N+](=O)[O-])ccc1N,-3.0361524841
Cc1ccc(S(=O)(=O)NC(CCC(=O)O)C(=O)O)cc1,-0.93
COc1cc(C(=O)CO)ccc1O,-1.78
CC(C)(OO)c1ccccc1,-1.0393798776
CCC(CC)(Cc1ccc(C)cc1)C(=O)NO,-3.35
O=C(NC(CO)C(=O)O)c1ccccc1,-0.91
CCC(=O)OCCc1ccccc1,-3.1174443354
CCCC(=O)OCc1ccccc1,-3.1174443354
CC(=O)Nc1ccc(N)c(S(=O)(=O)O)c1,-1.2318564393
CCCC(CCC)(C(=O)NO)c1ccccc1,-2.89
Cc1cc(C)c(CC(C)(C)C(=O)NO)c(C)c1,-3.52
CN(CC(=O)O)C(=S)SCc1ccccc1,-3.23
Cc1ccc([N+](=O)[O-])c(C)c1,-3.0555996074
CCCOC(=O)c1ccccc1C(=O)OCCC,-3.82
CC(C)(C)c1ccc(CCC=O)cc1,-3.1588329057
O=C(O)c1cc([N+](=O)[O-])cc([N+](=O)[O-])c1,-2.2076497234
CCCCCCCOC(=O)c1ccccc1C(=O)OCCCCCCC,-8.56
CNCC(O)c1ccc(O)c(O)c1,-0.96
COc1cc(Cl)c(Cl)c(Cl)c1O,-3.66
CC(=O)C(Oc1ccccc1Cl)C(=O)O,-2.1
O=C([O-])c1ccccc1O.[Na+],-0.1074921693999999
C=C(OC(C)=O)c1ccccc1,-2.1135953878
O=C(O)CSC(CC(=O)O)c1ccccc1,-1.55
Clc1cccc(Cl)c1,-3.0721598007
Cc1ccccc1CCO,-1.042878011
Oc1ccc(Cl)c(O)c1,-1.070567643
COC(=O)c1ccc(O)c(Br)c1,-3.17
O=[N+]([O-])c1ccc(Cl)c(Cl)c1,-3.2005181203
CC(=O)CC(C)=Nc1ccc(O)cc1,-3.59
COC(=O)c1cc(O)c(OC)c(O)c1,-1.6
CC(=O)Nc1ccc(S(=O)(=O)CCO)cc1,-2.3069323017
CC(=O)NC(Cc1ccc(O)cc1)C(=O)O,0.01
CCC(=O)c1ccccc1,-2.0485000681
CC(C)(C)c1ccc(C=O)cc1,-3.1309552762
NCC(=O)NC(Cc1ccc(O)cc1)C(=O)O,-0.73
CC(=O)CC(C)=Nc1ccccc1O,-3.55
COS(=O)(=O)c1ccc(C(=O)O)cc1,-3.05
NC(C(=O)NCC(=O)O)c1ccccc1,-1.41
CC(=O)CC(C)=Nc1ccc(N=C(C)CC(C)=O)cc1,-1.89
COC(=O)C(Cc1ccccc1)NC(=O)C(CC(=O)O)NC(=O)C(F)(F)F,-2.66
Cc1cc(C(C)(C)C)c(O)c(C)c1CC#N,-4.2579024627
CC(=O)Nc1cc(Cl)ccc1[N+](=O)[O-],-0.99
CCOP(=O)(Cc1cc(C(C)(C)C)c(O)c(C(C)(C)C)c1)OCC,-4.4728088442
N#CCCNC(Cc1ccccc1)C(=O)O,-1.49
CCCN(CCC)S(=O)(=O)c1ccc(C(=O)O)cc1,-4.02
CC(=O)Oc1ccccc1[N+](=O)[O-],-2.1855239105
Cc1ccccc1CCl,-3.0813269237
C=C(C)c1ccccc1,-3.0080823215
C=CCc1ccc(O)c(OC)c1,-2.1531779235
O=C(O)C=CC(=O)Nc1ccccc1,-2.72
CC(C)CC(N)C(=O)NC(Cc1ccc(O)cc1)C(=O)O,-1.58
Fc1cccc(F)c1,-2.0003579549
CCN(CC)CC(C)OC(=O)c1ccc(N)cc1,-2.35
CCN(CC)C(C)COC(=O)c1ccc(N)cc1,-2.38
CC(C)CC(NC(=O)C(N)Cc1ccc(O)cc1)C(=O)O,-2.07
CNC(Cc1ccc(O)c(O)c1)C(=O)O,-1.02
CC(=O)NC(CSc1ccc(Cl)c(Cl)c1)C(=O)O,-2.89
CC(C)COC(=O)c1ccccc1C(=O)OCC(C)C,-4.3838902648
O=C(O)CCNC(=O)Nc1ccc([N+](=O)[O-])cc1,-2.7
CC(=O)NC(CSc1c(Cl)cccc1Cl)C(=O)O,-2.31
N#CCCN(CCC#N)C(Cc1ccc(O)cc1)C(=O)O,-1.68
CCOC(=O)C(O)c1ccccc1,-1.26
N#C/C=C/c1ccccc1,-2.0829703418000003
Nc1cccc(S(=O)(=O)CCOS(=O)(=O)O)c1,-1.4238808493
CC(C(=O)O)S(=O)(=O)c1ccccc1,-0.89
CC(O)C(NC(=O)c1ccccc1)C(=O)O,-1.23
Nc1cc(S(=O)(=O)O)ccc1C(=O)O,-1.3156745209
NCCc1ccc(O)cc1,-1.1161078312
O=C(O)CSC(C(=O)O)c1ccccc1,-1.23
CCCCOCCOC(=O)c1ccccc1,-3.3224225356
COc1cc([N+](=O)[O-])ccc1N,-3.2045127381
CC(CC(=O)Nc1ccccc1)C(=O)O,0.39
CC(C(=O)N(C)C)S(=O)(=O)c1ccccc1,-0.87
Oc1cc(F)c(F)c(F)c1,-0.1536096917
COC(C)C(NC(=O)c1ccccc1)C(=O)O,-1.74
O=C(O)CNC(Cc1ccccc1)C(=O)O,-2.16
CC(Oc1cc(Cl)c(Cl)cc1Cl)C(=O)O,-3.55
CC(NC(=O)c1cccc([N+](=O)[O-])c1)C(=O)O,-1.8
O=C(O)CNC(Cc1ccc(O)cc1)C(=O)O,-2.59
NC(Cc1ccc(O)cc1)C(=O)NCC(=O)NCC(=O)O,-1.47
Cc1cc(C(=O)CC(C)C)ccc1O,-1.98
CCOC(=O)c1ccc(O)c(Br)c1,-3.39
CCCOC(=O)c1ccc(O)c(Cl)c1,-3.38
CCCOC(=O)c1ccc(O)c(Br)c1,-3.51
C=CCOc1ccc([N+](=O)[O-])cc1N,-2.8
COc1ccc(N(C)C(N)=O)cc1,-1.16
CCOc1ccc(N(C)C(N)=O)cc1,-1.66
CCCCOc1ccc([N+](=O)[O-])cc1N,-3.82
COc1ccc(C)cc1S(N)(=O)=O,-1.53
CCCCOC(=O)c1ccc(O)c(Cl)c1,-3.51
Cc1ccc(C(=O)O)c(O)c1,-1.1822691023
O=C(O)c1cc([N+](=O)[O-])ccc1O,-2.2627334080000003
Cc1ccc([N+](=O)[O-])cc1C,-3.1794512484
ClCc1ccccc1Cl,-3.2069094899
N#CCc1ccccc1,-3.0687460001
CCCCOC(=O)c1ccc(O)c(Br)c1,-3.67
CCCCCCCCCCCCOS(=O)(=O)c1ccccc1.[Na],-3.543437239
Cc1cc(Cl)ccc1OCC(O)=S,-3.16
CCCCCOC(=O)c1ccc(O)c(Cl)c1,-3.95
CCCCCOC(=O)c1ccc(O)c(Br)c1,-4.1
CCCCCOC(=O)c1ccc(O)c(I)c1,-4.22
CC(C)Oc1ccc([N+](=O)[O-])cc1N,-2.66
CC(C(N)=O)S(=O)(=O)c1ccccc1,-1.64
CC(C)(C)OOC(C)(C)c1ccccc1,-4.2909341502
CCOc1ccc(N(CC)C(N)=O)cc1,-1.85
OC(=S)COc1ccc(Cl)cc1Cl,-2.69
CCCCCCOC(=O)c1ccc(O)c(Cl)c1,-4.09
CCCCCCOC(=O)c1ccc(O)c(Br)c1,-4.22
CCCCCCOC(=O)c1ccc(O)c(I)c1,-4.43
COc1cccc(OCC(O)CO)c1OC,-3.0
COc1c(O)c(OC)c(Cl)c(Cl)c1Cl,-3.41
CN(C)c1ccc(C(=O)O)cc1C(=O)O,-2.02
CCCCCCCOC(=O)c1ccc(O)c(Cl)c1,-4.23
CCCCCCCOC(=O)c1ccc(O)c(Br)c1,-4.42
CCCCCCCOC(=O)c1ccc(O)c(I)c1,-4.56
COc1cc(C(=O)O)c(C(=O)O)cc1O,-1.21
CCCCCCCCOC(=O)c1ccc(O)c(Cl)c1,-4.38
CCCCCCCCOC(=O)c1ccc(O)c(Br)c1,-4.52
CCCCC/C(=C\c1ccccc1)C(OCC)OCC,-5.1720565184
CCCCCCCCOC(=O)c1ccc(O)c(I)c1,-4.67
CCN(CC)C(C)C(C)OC(=O)c1ccc(N)cc1,-3.42
OC(=S)COc1cc(Cl)c(Cl)cc1Cl,-2.96
Nc1ccc(S(=O)(=O)NC(CO)(CO)CO)cc1,-1.4
CC(C)(NC(=O)c1ccccc1)C(=O)NCC(=O)O,-0.56
Cc1ccc(S(=O)(=O)NCl)cc1,-0.36
COc1c(Cl)cc(Cl)c(OC)c1O,-2.96
CS(=O)(=O)c1ccc(C(=N)N)cc1,-1.38
CC(C)CCOC(=O)c1ccccc1C(=O)OCCC(C)C,-5.444898910599999
CCN(CC)NC(=O)Nc1c(C)cccc1C,-1.09
CCOC(=O)C(=Cc1ccc(C=C(C(=O)OCC)C(=O)OCC)cc1)C(=O)OCC,-5.6216352692
CC(C)CCC(C)Nc1ccc(NC(C)CCC(C)C)cc1,-5.5751336546
Nc1cc(C(=O)O)cc(S(=O)(=O)O)c1,-0.94
Cc1cc(C(C)(C)C)c(O)c(C(C)(C)C)c1,-5.462311288
CC(Sc1ccccc1)S(=O)(=O)O,-0.49
CCC(C)c1cc(C(C)CC)c(O)c(C(C)CC)c1,-5.5497933448
O=S(=O)(O)CCSc1ccccc1,-1.53
CN(C)C(=O)c1ccc(Cl)cc1,-1.0
COc1ccc(C(=O)NN)cc1,-1.15
Cc1cc(O)ccc1S(=O)(=O)O,-0.29
CN(C)C(=O)c1ccc([N+](=O)[O-])cc1,-1.27
C=CCc1ccccc1OCC(O)CNC(C)C,-2.88
CCCCC(CC)COC(=O)c1ccccc1,-5.767784581
CCCCOC(=O)c1ccccc1C(=O)OCC(CC)CCCC,-7.22
NC(=S)NS(=O)(=O)c1ccc(N)cc1,-2.24
NS(=O)(=O)c1ccc(NC(=O)CCC(=O)O)cc1,-2.03
CC(C)CCCCCCCOP(OCCCCCCCC(C)C)Oc1ccccc1,-6.382029914199999
OCCOc1ccc(OCCO)cc1,-1.23
NNC(=O)c1ccc([N+](=O)[O-])cc1,-2.16
C=O.CC(C)(C)c1ccc(O)cc1,-6.4939402067
CCCCCCOc1ccc(C(C)=NO)c(O)c1,-4.15
CCCCCCCCCCOc1ccc(C(C)=NO)c(O)c1,-4.89
CCCCCCCCCCOc1ccc(C(CC)=NO)c(O)c1,-4.06
COc1ccc([N+](=O)[O-])cc1OC(C)=O,-2.9466040673
CCCCC(CC)COC(=O)c1ccccc1C(=O)OCC(CC)CCCC,-6.9789083532000005
CC(C)c1ccccc1C(C)C,-6.6027992709
CC(C)c1cccc(C(C)C)c1,-6.6027992709
CCC(C)CN(C)N=Nc1ccc(C(=O)O)cc1,-1.79
CC(=O)Nc1ccc(OP(=O)(O)O)cc1,0.13
CCN(C)N=Nc1ccc(C(=O)O)cc1,-0.42
CCCN(C)N=Nc1ccc(C(=O)O)cc1,-1.43
CCCCN(C)N=Nc1ccc(C(=O)O)cc1,-1.81
CCCCCN(C)N=Nc1ccc(C(=O)O)cc1,-2.37
CCCCCCN(C)N=Nc1ccc(C(=O)O)cc1,-2.52
CCCCCCCN(C)N=Nc1ccc(C(=O)O)cc1,-3.39
CC(C)CCCCCCCOC(=O)c1ccccc1C(=O)OCCCCCCCC(C)C,-9.4195398078
CN(CCO)C(=O)COC(=O)c1ccccc1,-1.09
NC(C(=O)O)c1ccc(O)cc1,-0.53
CCCCCCCCCCCCCCCCOC(=O)Oc1c(Cl)cc(C(=O)OCC)cc1Cl,-7.1338037886
O=C(O)CC(CSC(=O)O)c1ccccc1,-1.24
CC(=O)CC(=O)Nc1ccc(NC(=O)CC(C)=O)cc1,-3.1275010898000004
Nc1ccc([N+](=O)[O-])c(N)c1,-2.1850914787
CCCCCCCCCOC(=O)c1ccccc1C(=O)OCCCCCCCC,-4.7809414151
CC(C)(C)c1cc(C(=O)O)c(O)c(C(C)(C)C)c1.Cl.O.[Zn],-4.8694711026
N#CCc1ccc(Cl)cc1F,-2.5939062498
CC(CC(C)(C)C#N)c1ccccc1,-3.2350788163
CC(C)(C)c1cc(O)ccc1O,-1.220683278
COc1ccc(N)c([N+](=O)[O-])c1,-1.2257020372
CCN(C(N)=O)c1ccc(OC)cc1,-1.27
CCCCC(CC)CNS(=O)(=O)c1ccc(N)cc1,-5.453967766799999
CC(C)CCCCCCCCCCOC(=O)c1ccccc1C(=O)OCCCCCCCCCCC(C)C,-5.724958731699999
CN(C)N=Nc1ccc(C(=O)O)cc1,-0.8
CC(C)(C)OOC(C)(C)c1ccc(C(C)(C)OOC(C)(C)C)cc1,-5.7371515873000005
NNC(=O)c1ccc(C(=O)NN)cc1,-2.29
Brc1cc(Br)c(Br)cc1Br,-6.98
Oc1cc(Cl)c(Cl)c(Cl)c1Cl,-3.15
Oc1c(Cl)cc(Cl)c(Cl)c1Cl,-3.1
Oc1ccc(Cl)c(Cl)c1Cl,-2.67
Oc1c(Cl)c(Cl)cc(Cl)c1Cl,-3.37
Oc1cc(Cl)cc(Cl)c1Cl,-2.67
Oc1c(Cl)cccc1Cl,-1.79
Cc1ccccc1Br,-2.23
CC(C)CCCCCCOC(=O)c1ccccc1C(=O)OCCCCCCC(C)C,-6.6218178985
Cc1ccc(O)cc1C,-1.38
CCCCCCCCOC(=O)[C@@H](C)Oc1ccc(Cl)cc1C,-6.5143670911000005
CCC(C)(C)c1cc(O)c(C(C)(C)CC)cc1O,-6.4955131172000025
CCCCCCOC(=O)c1ccccc1C(=O)OCCCCCC,-6.144
CC(C)CCCCCCCCCCOC(=O)c1ccc(C(=O)OCCCCCCCCCCC(C)C)c(C(=O)OCCCCCCCCCCC(C)C)c1,-7.180237159600001
C=C(C)CN(CC)c1c([N+](=O)[O-])cc(C(F)(F)F)cc1[N+](=O)[O-],-6.124
Ic1ccccc1,-3.01
COC(=O)c1ccc(O)cc1,-1.827
CNC(=O)Oc1ccccc1,-1.803
COc1ccc(NC(=O)N(C)C)cc1Cl,-2.564
Clc1ccc(I)cc1,-4.03
CCOP(=S)(OCC)ON=C(C#N)c1ccccc1,-4.862
CCCOC(=O)c1ccc(N)cc1,-2.452
CCCCCCCCCCCCCCCCCC(=O)O[Al](O)OC(=O)c1ccccc1,-7.253899897899999
CCCCOc1ccc(C(=O)OCC)c(N(CC)CC)c1,-3.84
Nc1ccc(S(N)(=O)=O)cc1,-1.34
CCCCCCCCCCCCCCCCCCNC(=O)CCc1cc(C(C)(C)C)c(O)c(C(C)(C)C)c1,-7.724189002
CC(C)(C)Cc1ccccc1,-4.15
Clc1c(Cl)c(Cl)c(Cl)c(Cl)c1Cl,-7.56
CCCCCC(CCC)COC(=O)c1ccccc1C(=O)OCC(CCC)CCCCC,-9.6499887292
Cc1cccc([N+](=O)[O-])c1,-2.46
CC(C)c1ccc(S(=O)(=O)O)cc1,0.6127511139
CCOc1ccc(NC(C)=O)cc1,-2.3
N#Cc1ccc(N)cc1,-1.1429743647
COc1c(Cl)cc(Cl)c(Cl)c1Cl,-5.13
Clc1cc(Cl)c(Cl)c(Cl)c1,-4.68
Clc1cc(Cl)c(Cl)cc1Cl,-5.47
COc1c(Cl)cc(Cl)cc1Cl,-4.2
Clc1cc(Cl)cc(Cl)c1,-4.6
O=S(=O)([O-])C[C@@H](O)CNc1ccccc1,0.1187844902
CCc1cccc(CC)c1N(COC)C(=O)CCl,-3.17
CCOP(=S)(OCC)SCSc1ccc(Cl)cc1,-6.05
CCCCc1ccc(C(=O)O)c(C(=O)O)c1CCCC,-4.4
CCOP(=S)(OCC)Oc1ccc([N+](=O)[O-])cc1,-4.29
O=C([O-])c1ccccc1.[K+],0.4872673501
C=C[C@@](C)(/C=C/c1ccc(O)cc1)CCC=C(C)C,-6.3370173812
Nc1ccc(Br)cc1C(=O)O,-3.07
O=C(O)c1cc(Br)c(O)cc1O,-2.62
CCCCCCCCCCCCCC[N+](C)(C)Cc1ccccc1.[Cl-],-0.9531217854
CCCNC(=O)NS(=O)(=O)c1ccc(Cl)cc1,-3.25
C#CCN(C)[C@H](C)Cc1ccccc1,-2.51
O=C([O-])c1ccccc1.[Li+],0.3909106219
CCN(CC)CCOC(=O)c1ccc(N)cc1,-1.72
Cc1cc(C)c(N)c(C)c1N,-0.8207163555
Cc1ccc(O)cc1,-0.7015479053
CCCCNc1ccc(C(=O)OCCN(C)C)cc1,-3.01
COC(=O)c1ccccc1N,-1.7338470451
Cc1ccc(C(C)C)c(O)c1,-2.19
CCOC(=O)c1ccc(O)c(O)c1,-1.8556550616
O=C(O)c1cc(C(=O)O)cc(C(=O)O)c1,-1.9422995529
COc1ccc(CCC#N)cc1OC,-1.9013447833
O=S(=O)(O)c1ccccc1,0.8489070931
Cc1cccc(S(=O)(=O)O)c1C,0.7779988658
CCOC(=O)N(CC)c1ccccc1,0.8673994761
Cc1c(N)cccc1Cl,-2.1510663204
CC(=O)OCCc1ccccc1,-2.2317574452
Clc1ccccc1Cl,-3.0533857998
C/C=C/c1ccc(OC)cc1,-3.1255398769
O=C(O)c1cc(S(=O)(=O)O)ccc1O,0.6554902722
Nc1ccc(OCCO)c(N)c1,-0.2337041755
CC[N+](CC)(CC)CC.O=C([O-])c1ccccc1,0.583312842
Cc1ccc(N)cc1,-1.0477452605
CCOc1ccccc1O,-1.1714515037
COc1cc(C=O)ccc1O,-1.2280265929
O=C([O-])c1ccccc1C(=O)O.[K+],-0.3910244327
Cc1ccc(S(=O)(=O)[O-])cc1.[Na+],0.6245331513
COc1ccc([NH2+]CCO)cc1[NH3+].O=S(=O)([O-])[O-],-0.5343422948
CC(=O)CC(=O)Nc1ccccc1,-1.2990810635
Cc1cccc(C)c1N,-1.167514488
NC(=O)c1ccc(N)cc1,-1.2255453859
CN(C)Cc1ccccc1,-1.2279188258
CC(=O)CC(=O)Nc1ccc(S(=O)(=O)[O-])cc1.[K+],0.4217473345
Cc1cc(O)ccc1O,-0.2074175173999999
CNC.O=C(O)COc1ccc(Cl)cc1Cl,0.4499772209
Oc1ccc(O)cc1,-0.1967366109
Cc1ccc(N(CC(C)O)CC(C)O)cc1,-1.5038218002
Cc1ccc([N+](=O)[O-])cc1S(=O)(=O)O,0.4924399529
O=C(O)[C@H](O)c1ccccc1Cl,-0.4390279004999999
NCCc1ccccc1,-0.2823811698
O=Cc1ccccc1,-1.2095723109
CN[C@@H](C)[C@@H](O)c1ccccc1,-1.4051913165
Cc1ccc(N)c(S(=O)(=O)O)c1,-1.4942009905000002
CC(O)c1cc(N)ccc1N.O=S(=O)([O-])[O-],-0.6856367901
CC(=O)Oc1ccccc1,-1.3735951622999998
Cc1ccc(N)c(C)c1,-1.3352536727
Nc1ccccc1Cl,-1.3575741458
NP(N)(=O)Oc1ccccc1,-1.4876534031
CCCOC(=O)/C(O)=C/Oc1ccccc1,-1.6225463588
Cc1ccc(N)c(Cl)c1O,-1.4815528695
Cc1ccccc1S(N)(=O)=O,-1.5259868531
Cc1cc(N)ccc1N.O=S(=O)(O)O,-1.641347932
Nc1cccc(C(F)(F)F)c1,-1.5081956214
COc1ccc(OC)c(NC(C)=O)c1,-1.5915498548
CC(C)c1ccc(S(=O)(=O)[O-])cc1.[K+],0.3208872115
CC(C)c1ccc(S(=O)(=O)[O-])cc1.[Na+],0.3460227367
OCCN(CCO)c1ccccc1,-0.5833809314
Oc1ccccc1O,0.6123418909
Cc1ccc(OCCCS(=O)(=O)[O-])c([N+](=O)[O-])c1.[Na+],0.1703103591
Nc1ccc(OCCO)c(N)c1.[Cl-].[Cl-].[H+].[H+],0.2461592973999999
C[C@H](N)c1ccccc1,-0.4601924093
COC(=O)c1ccc([O-])cc1.[Na+],0.3803001877
CC(N)c1ccccc1,-0.4813817083
NNc1ccc(Cl)cc1.[Cl-].[H+],-1.5636654662
Cc1cc(C)cc(N)c1,-1.4022004623
[NH3+][C@@H](C(=O)[O-])c1ccccc1,-1.5082784056999998
CC(=O)CCc1ccc(O)cc1,-1.5520409413
O=[N+]([O-])c1cc(N(CCO)CCO)ccc1NCCO,-1.7953855716
Oc1ccc(Cl)cc1Cl,-1.5589830837
Cc1ccc(C(N)=O)cc1N,-0.5767319197
Cc1ccc(N)cc1N,-0.5071845321
Cc1cc(N)ccc1N,-0.5071845321
Cc1ccc(NCCO)cc1O,-0.6550553282
OCCOCCOc1ccccc1,-0.7165256146
Nc1ccccc1,-0.4250168953
O=C(O)c1cc(C(=O)O)cc(S(=O)(=O)[O-])c1.[Na+],0.1093959475
Nc1ccc(F)cc1,-0.5272743845000001
COC(=O)c1cc(C(=O)OC)cc(S(=O)(=O)[O-])c1.[Na+],-0.9664819924
COC(Cc1ccccc1)OC,-1.6296186709
COc1cc(CC(C(C)=O)C(C)=O)ccc1O,-1.7863659491
Cc1ccc(C)c(O)c1,-1.5375827569
Cc1cc(O)c(C)c(C)c1O,-1.6383266335
Nc1ccc(S(=O)(=O)CCOS(=O)(=O)O)cc1,-1.9051186702
Nc1ccccc1C(F)(F)F,-1.6756867087
COc1ccccc1NC(=O)CC(C)=O,-1.8059055211
Cc1ccc(S(N)(=O)=O)cc1,-1.7421953353
COc1ccc(C)cc1N,-1.6601758755
Nc1ccc(Cl)cc1,-1.628640918
CCCCC(CC)CCCCCc1ccc(S(=O)(=O)[O-])cc1.[Na+],-0.0969056512
Oc1ccc(Cl)cc1,-0.6876597172
Cc1ccccc1O,-0.6190130172999999
OCCOc1ccccc1,-0.742461176
COc1ccc(CO)cc1,-0.7447271456
C=O.Nc1ccccc1,-2.0040922179
Cc1cccc(O)c1,-0.662918503
N[C+](N)N.O=C([O-])c1ccccc1,0.0050162556
O=C([O-])COc1ccccc1.[Na+],0.1085957051
Oc1ccccc1Cl,-0.7538392019
Clc1ccc(Br)cc1Cl,-1.0114935501
Nc1ccc(S(=O)(=O)[O-])cc1.[Na+],0.0379554154
CN[C@@H](C)[C@H](O)c1ccccc1.[Cl-].[H+],-0.003669443
O=[N+]([O-])c1cccc(S(=O)(=O)[O-])c1.[Na+],-0.0514554578
O=C(O)c1cc([N+](=O)[O-])cc([N+](=O)[O-])c1O,-1.057125752
OCCc1ccccc1,-0.7859239136
N#Cc1ccccc1O,-0.7749656265
O=C(O)c1ccccc1,-1.619929844
O=COCc1ccccc1,-1.6731198028999998
Cc1ccccc1N=C(N)N=C(N)N,-1.8422414993
CC(=O)CC(=O)Nc1ccccc1C,-1.8501922609
CC(C)(O)c1cccc(C(C)(C)O)c1,-1.8635330455
CCc1cccc(C)c1N,-1.7061271762
COc1ccc(NC(=O)CC(C)=O)cc1,-1.9014771833
CC(=O)Oc1ccc(C#N)cc1,-1.7990172934
Sc1ccccc1Cl,-1.7800351331
CN(C)Cc1ccccc1Cl,-1.8493554218
O=S(=O)(Cl)c1ccccc1,-1.88532188
COc1ccc(C=O)cc1O,-1.8262432451
Cc1ccc(C=O)cc1,-1.7237015325
Nc1ccc(O)cc1[N+](=O)[O-],-1.8337646505
O=[N+]([O-])c1ccccc1O,-1.8029142358
CC(=O)COc1c(C)cccc1C,-1.9185447839
COc1ccc(OC)c(N)c1,-1.8588690394
CC(=O)CC(=O)Nc1ccc(C)cc1C,-1.9900786823
COc1ccc(C)cc1NC(C)=O,-1.931164755
CC(CC=O)c1ccccc1,-1.86983286
Cc1cc(O)ccc1N,-1.7894220529
COC(=O)C(=O)c1ccccc1,-1.9142373478
COc1cc(CN)ccc1O.[Cl],0.0188462521
Cc1c(O)cccc1O,0.1927727267
CCOc1ccc(N)cc1,-0.8608353259999999
N#CCC(=O)c1ccccc1Cl,-2.1751395948
Nc1ccc(N(CCO)CCO)cc1.O=S(=O)(O)O,-0.2184130526
NC(=O)c1ccccc1N,-0.9139223167
CCCCCCCCCc1ccc(OCCOCCO)cc1,-0.3045102393
CC(O)COc1ccccc1,-1.0034177306
Cc1ccccc1N,-0.8539252345
NNc1ccc(S(N)(=O)=O)cc1.[Cl-].[H+],-0.1912743698
O=C(O)C(O)c1ccccc1,-0.0321269405
O=P(O)(O)c1ccccc1,-1.0269230581
COc1ccccc1N,-0.9443240129
CC(C)(O)C(=O)c1ccccc1,-1.0915320913
N#Cc1ccc(O)c(O)c1,-1.0235160951
Nc1ccc(S(=O)(=O)O)cc1,-1.1412730253
Nc1ccc(S(=O)(=O)O)cc1N,-1.1812163945
Cc1cccc(N)c1,-0.9508352475
Oc1cccc(O)c1,1.0034883278
O=C(O)[C@H](O)c1ccccc1,-0.1416667622
O=S(=O)(O)c1ccc(O)cc1,0.7590091939
Nc1cccc(S(=O)(=O)O)c1,-1.2051065795
CC(=O)C(O)c1ccccc1,-1.1766034244
Nc1cc(Cl)c(Cl)cc1S(=O)(=O)O,-2.1052106917
O=[N+]([O-])c1ccccc1NCCO,-1.9933265855
NC(=O)c1ccc(Cl)c(N)c1,-1.976703976
c1ccccc1,-1.6423088751
CCCCOCc1ccc(O)c(OC)c1,-2.0948968063
Nc1cc(Cl)ccc1Cl.[Cl-].[H+],-2.0750002801
CCN(CC)c1cccc(O)c1,-2.0112787971
Fc1ccccc1,-1.7924097659
CC(C)(CO)Cc1ccccc1,-2.0423138216
O=Cc1ccccc1Cl,-1.9805722205
CCC(C)c1ccccc1O,-2.0123777929
O=C(O)c1cc(C(=O)O)cc([N+](=O)[O-])c1,-2.178419855
CCOC(=O)NS(=O)(=O)c1ccc(C)cc1,-2.2430987475
CC(=O)/C=C/c1ccccc1,-2.050971343
Nc1ccc(NCCO)c([N+](=O)[O-])c1,-2.1910899756
CC(O)CC(C)(C)c1ccccc1,-2.1472867242
Nc1cccc(Cl)c1Cl,-2.1303847013
Cc1ccc(Cl)cc1N,-2.0718850743
CCOC(=O)Cc1ccccc1,-2.1362024863
CCCc1ccc(O)c(OC)c1,-2.1792905928
COc1ccc(CC(C)C=O)cc1,-2.24666187
Cc1cc(N)c(S(=O)(=O)O)cc1Cl,-2.3456971252
Nc1ccc(Cl)cc1C(F)(F)F,-2.2934813757
CC(C)(C)c1ccccc1O,-2.1899589144
O=C(O)c1cccc(Cl)c1Cl,-2.3316729189
Cc1cc(S(=O)(=O)O)c(N)cc1Cl,-2.4061778726
CC(=O)CC(=O)Nc1ccccc1Cl,-2.4065360765
CC(=O)Oc1ccc(Br)cc1,-2.4166041571
N#Cc1ccc(C(F)(F)F)cc1[N+](=O)[O-],-2.4707735629
O=[N+]([O-])c1cc([N+](=O)[O-])c([O-])c([N+](=O)[O-])c1[O-].[Pb+2],-2.8083913688
CC(C)C(=O)c1ccccc1,-2.35661526
Nc1cc([N+](=O)[O-])cc(C(=O)O)c1O,-2.4907790333
CNS(=O)(=O)c1cc(OC)c(N)cc1C,-2.5769433589
CC(C)(C)c1ccc(O)cc1,-2.3914008137
Nc1ccc(Cl)c(Cl)c1,-2.4461379538
COc1ccc(C)cc1,-2.3395421013
CCC(C)(C)c1ccccc1O,-2.4912242204
C/C(C=O)=C/c1ccccc1,-2.4747186153
CCCCNS(=O)(=O)c1ccccc1,-2.6757824138
O=[N+]([O-])c1ccccc1Cl,-2.5639664909
Brc1ccccc1,-2.568561457
Cc1ccc([N+](=O)[O-])cc1,-2.5149437885
C=CCc1ccc(OC(C)=O)c(OC)c1,-2.7015911491000004
O=[N+]([O-])c1ccc(Cl)cc1O,-2.6373771386
Clc1ccccc1,-2.4493202347
CC(CCO)CCc1ccccc1,-2.6600258381
Cc1ccc(NCCO)c([N+](=O)[O-])c1,-2.7474051676
CC(C)C(=O)OCCOc1ccccc1,-3.0263435366
Cc1ccc(C(N)=O)c(O)c1,-2.9170001587
C=CC(C)(C#N)Cc1ccccc1,-3.0006167172
Fc1cc(Br)cc(F)c1F,-3.2102979357
Cc1cc(C)c(O)c(C(C)(C)C)c1,-3.1719091991000004
FC(F)(F)c1ccc(Cl)c(Cl)c1,-3.2679824907
CC(C)COC(=O)Cc1ccccc1,-3.2710471955
Cc1ccc(Cl)cc1,-3.1023856768
N#Cc1cccc([N+](=O)[O-])c1C#N,-2.9373448418
O=[N+]([O-])c1cc(Cl)cc(Cl)c1,-3.5843334863
CC(C)N(C(=O)CO)c1ccc(F)cc1,-1.1786398993
CCCCCCCc1ccc(O)cc1,-3.6597017052
CCCCCCCCCc1ccc(OCC(=O)O)cc1,-3.8425967597
COC(=O)CCc1cc(C(C)(C)C)c(O)c(C(C)(C)C)c1,-5.1235829068
CCC(C)C(C)C(C)CCc1ccc(O)cc1,-5.1824053879
CC(C)CCCCCCCOC(=O)c1ccc(C(=O)OCCCCCCCC(C)C)c(C(=O)OCCCCCCCC(C)C)c1,-5.7065739478
C=Cc1ccc(S(=O)(=O)[O-])cc1.[Na+],-0.0332510813
CNCC(O)c1cccc(O)c1.Cl,-0.308924931
C=Cc1ccc(C(C)(C)C)cc1,-4.5633510279000005
Cc1cc(C)cc(C(=O)Cl)c1,-3.3292897203
CN(C)Cc1cc(CN(C)C)c(O)c(CN(C)C)c1,0.5055163708
NCc1ccc(CN)cc1,1.1750718055
COc1cc(S(=O)(=O)[O-])c(C)cc1NC(=O)CC(C)=O.[NH4+],-0.2018762227
CCOC(=O)c1ccc([O-])cc1.[Na+],0.7254773119
C[N+](C)(C)C.O=C([O-])c1ccccc1C(=O)O,0.6211099353
Nc1c(I)c(C(=O)[O-])c(I)c(C(=O)[O-])c1I,-1.569622787
CC(C)(N)CO.CCCCCCCCCCCCc1ccccc1S(=O)(=O)O,0.2137915766
COCC(NC(C)=O)C(=O)NCc1ccccc1,-3.3984573794
CC(CO)CC(C)c1ccccc1,-2.3469160768
CC(C)CCCCCCCCCCOC(=O)CSCc1cc(C(C)(C)C)c(O)c(C(C)(C)C)c1,-6.7895895249
CCCCCCCCSCc1cc(C)c(O)c(CSCCCCCCCC)c1,-7.3271136165
CCCCC(CC)COC(=O)c1ccc(C(=O)OCC(CC)CCCC)cc1,-8.9896322186
C=CC(=O)OCc1c(Br)c(Br)c(Br)c(Br)c1Br,-7.806077004
CCCCC(CC)COC(=O)c1c(Br)c(Br)c(Br)c(Br)c1C(=O)OCC(CC)CCCC,-5.949075231
CC(C)c1ccc(C(C)C)cc1,-6.6027992709
CCCCC(CC)COC(=O)c1ccc(C(=O)OCC(CC)CCCC)c(C(=O)OCC(CC)CCCC)c1,-8.2520983426
CCCCCCCCCCCCCCCCCCOC(=O)CCc1cc(C(C)(C)C)c(O)c(C(C)(C)C)c1,-8.2701498682
CCCCCCCC(=O)CC(=O)c1ccccc1,-5.8836966949
CCCCCCCCCOC(=O)c1ccc(C(=O)OCCCCCCCCC)c(C(=O)OCCCCCCCCC)c1,-6.757182205
O=S(=O)([O-])c1ccc(O)cc1.[Na+],-8.3631893131
O=Cc1cc(O)cc(Br)c1,-3.2502
CCC(O)(COC(N)=O)c1ccccc1,-0.9227
O=C(O)c1c(Cl)cccc1Cl,-1.1309
O=C(O)c1c(Cl)ccc(Cl)c1Cl,-1.4666
O=C(O)c1cc(Cl)c(Cl)cc1Cl,-2.4446
O=C(O)c1ccc(Cl)cc1Cl,-2.6003
CNC[C@H](O)c1ccc(O)c(O)c1.O=C(O)[C@H](O)[C@@H](O)C(=O)O,0.0
CNC[C@H](O)c1ccc(O)c(O)c1,-3.0077
NC(N)=NS(=O)(=O)c1ccc(N)cc1,-1.9885
Cc1ccccc1OCC(O)CO,-1.1887
Cc1cc(O)ccc1Cl,-1.5704
NC(Cc1ccc(O)c(O)c1)C(=O)O,-1.5959
CNC(=O)Oc1cccc(C(C)C)c1,-3.3567
N[C@@H](Cc1cc(I)c(O)c(I)c1)C(=O)O,-2.8583
O=[N+]([O-])c1ccc(F)c([N+](=O)[O-])c1,-2.6677
CCC(C)(C)c1ccc(O)cc1,-2.9902
CC(=O)c1c(C)c([N+](=O)[O-])c(C(C)(C)C)c([N+](=O)[O-])c1C,-5.1901
CCCCCCCCCCOC(=O)c1ccccc1C(=O)OCCCCCCCCCC,-9.3076
COc1cc(C=O)cc(OC)c1OC,-2.1195
CC(C)CCOC(=O)c1ccccc1O,-3.1572
O=C(OCCO)c1ccccc1O,-1.1567
Cc1cccc(Cl)c1O,-0.7739
Oc1cccc(O)c1O,0.6043
Brc1c(Br)c(Br)c(Br)c(Br)c1Br,-9.5374
Oc1c(Cl)cc(Cl)cc1Cl,-2.3924
O=[N+]([O-])c1ccc(O)cc1C(F)(F)F,-1.6172
CCC(C)c1cc([N+](=O)[O-])cc([N+](=O)[O-])c1O,-3.6646
NC(=O)c1ccccc1C(N)=O,-2.4371
O=C(O)Cc1ccccc1C(=O)O,-1.0515
Nc1ccc(Cl)cc1[N+](=O)[O-],-2.5380000000000003
O=[N+]([O-])c1cc(Cl)ccc1O,-3.0902
Cc1cc(O)c(C(C)C)cc1Cl,-2.2664
CCN(CCO)c1ccccc1,-1.9171
COc1ccc(OC)c(C=O)c1,-2.3202
O=C(O)CCCOc1cc(Cl)c(Cl)cc1Cl,-3.8294
CC(=O)CC(=O)c1ccccc1,-2.6268
CC(C)OC(=O)COc1ccc(Cl)cc1Cl,-3.848
CC(C)COC(=O)c1ccc(N)cc1,-2.9437
CCOc1ccc(C(=O)OCCN(CC)CC)cc1,-2.7145
CCCCOC(=O)COc1ccc(Cl)cc1Cl,-3.78
Cc1cc(Cl)ccc1OCCCC(=O)O,-3.678
Cc1ccc(N)cc1C,-1.5036
Oc1ccc(Cl)c(Cl)c1,-1.2458
CC(C)(C)c1ccc(O)c(O)c1,-1.9197
O=S(=O)(Cl)c1ccc(I)cc1,-4.2686
CC(O)c1ccccc1,-1.7969
ClC(Cl)c1ccccc1,-2.809
COC(=O)c1cc(O)c(O)c(O)c1,-1.2399
Nc1c(Cl)cc([N+](=O)[O-])cc1Cl,-4.4709
CCC(C)c1ccc(O)cc1,-2.1945
O=C(O)c1ccc(C(=O)O)cc1,-4.0444
CC(Oc1cccc(Cl)c1)C(=O)O,-2.2232
CCc1cc(CC)cc(CC)c1,-7.0641
BrCCc1ccccc1,-3.6757
CNCc1ccccc1,0.9166
CC(=O)Nc1ccc(C)cc1,-2.0946
CC(=O)Nc1ccc(/C=N/NC(N)=S)cc1,-3.429
Cc1ccc(S(=O)(=O)O)cc1,0.5564
CCOCCOC(=O)/C=C/c1ccc(OC)cc1,-2.6995
OCC(O)COc1ccc(Cl)cc1,-1.3067
CCCCCCCCCCc1ccccc1,-7.959
Cc1cccc(Cl)c1,-3.5228
Sc1ccccc1,-2.1204
CNC(=O)Oc1ccccc1OC(C)C,-2.0512
COCCOC(=O)c1ccccc1C(=O)OCCOC,-1.5213
CCCCCCCCOC(=O)c1ccccc1C(=O)OCCCCCCCC,-7.2493
O=[N+]([O-])c1ccc(Cl)cc1C(F)(F)F,-3.3533
CNc1ccccc1C(=O)O,-2.8784
COc1ccc(C=O)cc1OC,-1.4199
CCOc1ccc(C=O)cc1OC,-2.1913
CCCOC(=O)c1cc(O)c(O)c(O)c1,-1.7827
OCCNc1ccccc1,-0.4745
O=C(O)c1c([N+](=O)[O-])cc([N+](=O)[O-])cc1[N+](=O)[O-],-1.0977
Cc1cc(O)c(Cl)c(C)c1Cl,-2.9801
O=C(O)c1cc(I)cc(I)c1O,-3.307
CCOc1ccc([N+](=O)[O-])cc1N,-3.2113
Cc1cc(C)c(N)cc1C,-1.9549
NNc1cccc(S(=O)(=O)O)c1,-0.8275
NCc1ccc(S(N)(=O)=O)cc1,0.321
O=Cc1ccc(O)c(O)c1,-1.3402
CN(C)c1ccc(N=NS(=O)(=O)[O-])cc1.[Na+],-1.0991
C=CCc1ccc(OC)cc1,-2.9209
Cc1c(C(N)=O)cc([N+](=O)[O-])cc1[N+](=O)[O-],-2.3525
O=S(=O)(O)OCCOc1ccc(Cl)cc1Cl,-0.0601
O=C(O)c1cc(O)c(O)c(O)c1,-1.1552
CCOc1ccc(NC(N)=O)cc1,-2.173
N[C@@H](Cc1cc(Br)c(O)c(Br)c1)C(=O)O,-1.9281
CNC(=O)Oc1cc(C)c(N(C)C)c(C)c1,-3.3469
O=C(O)c1cc(Cl)ccc1O,-1.237
CC(=O)Nc1ccc(F)cc1C,-1.3593
CC(=O)Nc1ccc(C)cc1F,-1.7403
Fc1cc(F)c(F)cc1F,-2.3757
Fc1ccccc1CCl,-2.541
Fc1ccccc1Cl,-2.4157
Fc1ccc(I)cc1,-3.1257
F[P-](F)(F)(F)(F)F.N#[N+]c1ccccc1,-1.4438
CCCc1cc(F)ccc1O,-1.887
O=C(O)c1ccccc1C(F)(F)F,-1.5978
CC(=O)NCc1c(I)c(NC(C)=O)c(I)c(C(=O)O)c1I,-2.3208
O=C(O)Cc1cc(O)ccc1O,0.7037
O=C(O)c1ccc(F)c([N+](=O)[O-])c1,-1.5809
Fc1cccc(CCl)c1,-2.5436
CN(c1c([N+](=O)[O-])cc([N+](=O)[O-])cc1[N+](=O)[O-])[N+](=O)[O-],-3.5889
Cc1cc(C)c(C(=O)O)c(C)c1,-2.3566
Cc1cc(O)c(C(=O)O)c(O)c1,-2.0496
CCC(C)c1cc([N+](=O)[O-])cc([N+](=O)[O-])c1OC(=O)C=C(C)C,-5.5083
C=C(C(=O)O)c1ccccc1,-2.0568
C[C@H](N)[C@@H](O)c1ccccc1,-0.8786
OCc1cc(O)ccc1O,0.8534
COc1cc(C(C)=O)ccc1O,-1.5216
Cc1ccc(C(C)C)cc1O,-2.0798
O=C(O)C(=O)Nc1ccccc1,-1.3019
O=C(CCCl)NCc1ccccc1,-3.2959
CC(O)(C(=O)O)c1ccccc1,-0.8949
COc1ccc(C=O)c(C(=O)O)c1OC,-1.9247
CC(=O)N(C)N(C(=O)C(=O)N(C)C)c1ccccc1,-0.5345
Cc1ccccc1C(C)C,-3.7606
CC(=O)c1ccc(O)c(O)c1O,-2.0216
O=C(O)c1ccc(C(=O)O)c(C(=O)O)c1,-1.0003
O=C(O)c1ccc([N+](=O)[O-])c([N+](=O)[O-])c1,-1.5005
COc1ccccc1OCC(O)COC(N)=O,-1.5251
O=C([O-])c1ccccc1.[Na+],0.5864
CCOC(=O)COc1ccc(Cl)cc1Cl,-3.3503
CCCCCc1ccc(O)cc1O,-1.9548
Cc1cccc(C(C)C)c1,-3.4994
CN[C@@H](Cc1ccc(O)cc1)C(=O)O,-2.1325
CCCCOC(=O)/C=C/c1ccccc1,-1.6112
COCc1ccccc1,-1.6098
Cc1ccc(C(C)C)c(O)c1C(=O)O,-3.2883
Cc1c(Cl)cc(Cl)c(O)c1Cl,-3.2761
CCCOc1ccc([N+](=O)[O-])cc1N,-3.1592
C[C@](N)(Cc1ccc(O)c(O)c1)C(=O)O,-1.3247
O=C(O)/C=C\C(=O)Nc1ccccc1,-2.2815
N[C@H](Cc1ccc(O)cc1)C(=O)O,-2.6049
NC(Cc1ccc(O)cc1)C(=O)O,-2.6561
COCOC(=O)c1ccccc1O,-2.3
CCc1cccc(CC)c1N,-2.3478
CC(C)(C)c1cccc(O)c1,-1.8614
O=[N+]([O-])c1cccc(Br)c1,-1.3054
O=[N+]([O-])c1cc(O)cc([N+](=O)[O-])c1,-1.663
O=C(O)c1ccc(C(=O)O)c(Br)c1,-2.1339
Cc1cccc(CO)c1,-0.3879999999999999
O=C(O)COc1cc(Cl)cc(Cl)c1,-2.3617
O=C(O)COc1cccc(Cl)c1,-2.1954
OCc1ccc(CO)cc1,-0.3861
O=C(O)c1c(Br)c(O)c(O)c(O)c1Br,-0.4188
Cc1c([N+](=O)[O-])cc([N+](=O)[O-])c(O)c1[N+](=O)[O-],-2.0434
O=C(O)c1cccc([N+](=O)[O-])c1C(=O)O,-1.0214
Brc1cccc(Br)c1Br,-5.0402
O=[N+]([O-])c1cc(Cl)cc(Cl)c1O,-4.0876
O=Cc1cccc(C(=O)O)c1O,-2.4423
O=C(O)c1ccc([N+](=O)[O-])cc1[N+](=O)[O-],-1.0665
OCc1ccccc1CO,0.0569
O=C(O)c1ccccc1CO,-1.5508
CCc1ccccc1[N+](=O)[O-],-2.7993
O=[N+]([O-])c1ccccc1CO,-1.4861
Clc1ccccc1I,-3.54
Brc1ccc(Br)c(Br)c1,-4.808
O=[N+]([O-])c1cc([N+](=O)[O-])c(O)cc1O,-3.4086
O=Cc1ccc(O)c(C(=O)O)c1,-2.6354
CN(C)c1cccc(S(=O)(=O)O)c1,0.2983
Cc1ccc(C(=O)[O-])cc1C,-3.0653
O=[N+]([O-])c1cccc(CO)c1,-2.4142
N#Cc1ccc(C(=O)O)cc1,-2.0885
O=[N+]([O-])c1ccc(CO)cc1,-1.8841
CN(C)c1ccc(C(=O)O)cc1,-3.3979
OCc1cccc(O)c1,-0.2678
N#CCC(=O)Nc1ccccc1,-2.7275
O=C(O)Cc1cccc(O)c1,0.8177
Cc1ccc(N=C=S)cc1,-4.7213
C=Cc1ccc(C)cc1,-3.1232
OCc1ccc(O)cc1,-1.2678
O=Cc1ccc(C=O)cc1,-2.8265
Ic1ccc(I)cc1,-5.3723
Clc1cccc(I)c1,-3.55
OCc1cccc(CO)c1,-0.2328
O=C(O)c1c(Cl)c(Cl)c(Cl)c(Cl)c1C(=O)O,-1.9264
O=Nc1ccc(O)cc1,-1.5462
CC(=O)OOC(=O)c1ccccc1,-2.4502
CCCc1ccc(O)cc1,-2.0276
O=I(=O)c1ccccc1,-1.8416
CNc1cccc(C)c1,-2.05
CCc1cc(C)cc(O)c1,-1.7696
Cc1ccc([N+](=O)[O-])c(O)c1,-2.7505
NC(=S)Nc1cccc([N+](=O)[O-])c1,-1.4499
Cc1ccc(N(SC(F)(Cl)Cl)S(=O)(=O)N(C)C)cc1,-5.5864
CC(C)(C)c1cc(C(C)(C)C)c(O)c(C(C)(C)C)c1,-3.875
CC(C)OP(=S)(OC(C)C)SCCNS(=O)(=O)c1ccccc1,-4.2014
COc1ccccc1Cl,-2.4639
CCOC(=O)[C@H](Cc1ccc(O)cc1)NC(C)=O,-1.8586
OCc1ccc(Br)cc1,-1.9295
OCc1ccc(Cl)cc1,-1.7561
Oc1c(Cl)ccc(Cl)c1Cl,-2.6422
CN(Cc1ccccc1)N=O,-1.5224
COc1cc(Cl)c(Cl)c(Cl)c1Cl,-5.2605
Cc1ccc(OCC(=O)O)cc1,-2.1414
COc1c(Cl)c(Cl)c(Cl)c(Cl)c1OC,-5.2394
O=C(O)CNc1c([N+](=O)[O-])cc([N+](=O)[O-])cc1[N+](=O)[O-],-2.3922
CCCCCCCCOC(=O)c1cc(O)c(O)c(O)c1,-3.8945
Fc1ccccc1Br,-2.6958
CCCCCCCc1ccccc1,-5.5959
CCCCCCOC(=O)c1ccc(O)cc1,-3.949
CCCCCCCOC(=O)c1ccc(O)cc1,-4.0725
CN(C)S(=O)(=O)N(SC(F)(Cl)Cl)c1ccccc1,-5.4088
Cc1cc(Cl)cc(C)c1O,-1.6763
C=CCc1ccc(O)c(O)c1,-0.7787
O=Cc1cc(O)ccc1O,-1.0004
CC(NC(=O)c1ccccc1)C(=O)O,-1.6839
COC(=O)CNC(=O)c1ccccc1,-1.0556
CCCCCCCCOC(=O)c1ccc(O)cc1,-4.2224
CC(C)(C)c1cc([N+](=O)[O-])cc([N+](=O)[O-])c1O,-4.7274
CC(=O)Oc1ccc(Br)cc1C(=O)O,-2.5895
COc1ccc(NC(N)=O)cc1,-1.5917
COc1ccc(O)c([N+](=O)[O-])c1,-2.8409
Cc1cc(Cl)ccc1O,-1.5519999999999998
Cc1cc(Cl)cc(Cl)c1O,-2.0439
NC(=O)c1cccc(S(N)(=O)=O)c1,-2.1554
N#Cc1cc(Br)c(O)c(Br)c1,-3.3284
CCCCCCCC(=O)Oc1c(Br)cc(C#N)cc1Br,-6.7023
OCc1ccc(Cl)cc1Cl,-2.248
OCc1ccc(Cl)c(Cl)c1,-2.0439
COC(=O)c1c(Cl)c(Cl)c(C(=O)OC)c(Cl)c1Cl,-5.8221
CC(O)COCc1c(Cl)ccc(Cl)c1Cl,-3.5673
Cc1ccccc1OCC(=O)O,-2.4424
O=C(O)COc1ccccc1[N+](=O)[O-],-2.016
CCCN(CCC)c1c([N+](=O)[O-])cc(C)cc1[N+](=O)[O-],-2.9663
CNC(=O)Oc1c(C(C)(C)C)cc(C)cc1C(C)(C)C,-4.598
COC(=O)COc1ccc(Cl)cc1Cl,-2.9596
CCOC(=O)COc1cc(Cl)c(Cl)cc1Cl,-4.8493
CCCCCCCCOC(=O)COc1ccc(Cl)cc1Cl,-7.0217
CCCOC(=O)COc1ccc(Cl)cc1Cl,-4.2502
COc1ccc(CCC(=O)O)cc1,-2.2144
CCCCOCCOC(=O)COc1ccc(Cl)cc1Cl,-4.4276
COc1c(C(=O)O)cccc1C(=O)O,-2.2926
CCC(=O)Oc1ccc([N+](=O)[O-])cc1,-3.8925
CCCCC(=O)Oc1ccc([N+](=O)[O-])cc1,-4.3945
CNC(=O)OCc1ccc(Cl)c(Cl)c1,-3.1389
C#CC(C)OC(=O)Nc1cccc(Cl)c1,-2.6172
NC(=O)Nc1ccc(Br)cc1,-1.6336
CCc1ccccc1Br,-3.6702
COc1cccc(Cl)c1Cl,-3.309
COc1c(Cl)cccc1Cl,-3.1019
NC(=O)C=Cc1ccccc1[N+](=O)[O-],-1.2837
CCOC(=O)CCc1ccccc1,-2.9086
CNC(=O)Oc1ccc(N(C)C)c(C)c1,-2.3572
CNC(=O)Oc1cc(C)c(SC)c(C)c1,-3.9214
S=C=Nc1cccc(Br)c1,-4.0851
C=C(C)C(=O)Nc1ccc(Cl)c(Cl)c1,-4.4325
CCC(C)OC(=O)Nc1cccc(Cl)c1,-3.1727
COc1ccc(C(=O)O)cc1C(=O)O,-3.1165
N#Cc1cccc(N)c1,-1.1693
S=C=NCCc1ccccc1,-3.1714
O=C(O)CCCCc1ccccc1,-2.4657
COP(=O)(OC)O/C(=C\Cl)c1ccc(Cl)cc1Cl,-3.4066
CCCOC(=O)c1ccccc1,-2.6701
OCc1cc(Br)ccc1O,-0.2072
CCOC(=O)[C@H](Cc1ccccc1)NC(C)=O,-1.7557
Fc1cc(F)c(F)c(F)c1,-2.3057
S=C=Nc1cccc(Cl)c1,-3.9507
Cc1cc(Cl)c(O)c(Cl)c1,-1.4202
COc1ccccc1C(N)=O,-1.7815
CC(=O)Oc1c([N+](=O)[O-])cc([N+](=O)[O-])c(C)c1C(C)(C)C,-4.4717
O=C(O)c1cc(Cl)ccc1[N+](=O)[O-],-1.319
CCCCOP(=O)(OCCCC)Oc1ccccc1,-3.4746
O=C(Nc1ccccc1)C(Cl)Cl,-3.3555
Cc1cc(O)ccc1[N+](=O)[O-],-2.1103
CCOC(=O)C(SP(=S)(OC)OC)c1ccccc1,-4.4643
CC(=O)Nc1ccc(OC(C)=O)cc1,-1.9076
CCCC(=O)Oc1ccc([N+](=O)[O-])cc1,-3.9404
CNC(=O)Oc1cc(C(C)(C)C)cc(C(C)(C)C)c1,-4.2445
COc1cc(Cl)c(OC)cc1Cl,-4.413
COc1cc(Cl)c(Cl)cc1OC,-3.4588
COc1cccc(Cl)c1,-2.783
C=CCOP(=O)(OCC=C)c1ccccc1,-2.8999
O=Cc1ccc(O)c(Br)c1,-2.1794
O=C(O)COc1cccc(Cl)c1Cl,-2.8097
N#CSc1ccc(N)cc1,-2.6015
O=Cc1ccc(O)c([N+](=O)[O-])c1,-2.9512
COc1ccc(C(=O)CCC(=O)O)cc1,-1.0632
O=[N+]([O-])c1cccc(Cl)c1Cl,-3.4881
CC(Oc1ccc(Cl)cc1)C(=O)O,-2.1351
N[C@@H](Cc1cc(Cl)c(O)c(Cl)c1)C(=O)O,-0.7959999999999999
CCc1ccc(NC(C)=O)cc1,-2.1453
NS(=O)(=O)c1cccc(S(N)(=O)=O)c1,-2.1693
CCOP(=S)(OCC)Oc1ccc(N)cc1,-2.826
COC(=O)c1ccc(O)c(Cl)c1,-2.873
O=C(O)COc1c(Cl)ccc(Cl)c1Cl,-2.6198
COCC(=O)c1ccccc1,-0.7616
CC(C)C(=O)Oc1ccc([N+](=O)[O-])cc1,-3.9588
O=C(O)c1ccc([N+](=O)[O-])c(C(=O)O)c1,-1.3391
Cc1ccc(O)c(CO)c1,-0.3143
NP(N)(=O)c1ccccc1,-1.1482
NCCCNc1ccccc1,-1.6543
CCCN(CCC)c1c([N+](=O)[O-])cc(S(C)(=O)=O)cc1[N+](=O)[O-],-5.7601
O=C([O-])c1cccc(Cl)c1[N+](=O)[O-],-2.6323
CN(C)C(=O)Nc1cccc(OC(=O)NC(C)(C)C)c1,-2.9342
Cc1cccc(O)c1[N+](=O)[O-],-1.64
COc1cc(C(=O)[O-])c([N+](=O)[O-])cc1OC,-0.7543
CCN(CC)C(C#N)c1ccccc1,-0.9738
COc1cc(C(=O)O)ccc1C(=O)O,-1.9916
CC(=O)Nc1ccc(Cl)cc1C,-2.3097
O=[N+]([O-])c1cccc(P(=O)(O)O)c1,0.6835
NNP(=S)(NN)c1ccccc1,-1.425
Cc1cc(C)cc(OCC(=O)O)c1,-2.3527
Cc1ccc([N+](=O)[O-])cc1O,-2.1851
NC(=O)SCC(=O)Nc1ccccc1,-1.3228
Nc1cc([N+](=O)[O-])ccc1I,-4.4216
CC[C@H](C)c1cccc([C@H](C)CC)c1O,-5.0593
O=C(O)CCCCCc1ccccc1,-2.6026
O=C(O)C(O)C(O)c1ccccc1,-0.3063
CC=C(Cc1ccccc1)C(=O)O,-2.5648
CC(=O)CC(CC(=O)O)c1ccccc1,-1.4463
CCN(c1c([N+](=O)[O-])cc([N+](=O)[O-])cc1[N+](=O)[O-])[N+](=O)[O-],-3.7007
O=C(OCC([N+](=O)[O-])([N+](=O)[O-])[N+](=O)[O-])c1ccccc1C(=O)OCC([N+](=O)[O-])([N+](=O)[O-])[N+](=O)[O-],-3.5782
Cc1ccc(S(N)(=O)=O)cc1N,-1.9169
Cc1ccc(N(C)C(N)=O)cc1,-0.423
NC(=O)c1ccc(S(N)(=O)=O)cc1,-2.3015
O=C(O)c1ccc(Br)c([N+](=O)[O-])c1,-2.9677
CN(C)C(=O)c1ccccc1C(=O)N(C)C,0.5083
C=CCc1ccc(OCC(=O)[O-])c(OC)c1,-2.2786
O=C(O)COc1ccc(Cl)cc1CO,-2.0347
C=CCN(CC=C)c1c(C)cc(OC(=O)NC)cc1C,-3.5932
CCCCCOC(=O)c1ccc(O)cc1,-3.8135
COC(=O)c1c(C(=O)O)cccc1[N+](=O)[O-],-2.0853
CC(C)OC(=O)c1cccc([N+](=O)[O-])c1C(=O)[O-],-2.3466
CC(C)OC(=O)c1c(C(=O)[O-])cccc1[N+](=O)[O-],-2.4897
CC(C)(C)OC(=O)c1cccc([N+](=O)[O-])c1C(=O)[O-],-3.0467
CC(C)CCOC(=O)c1cccc([N+](=O)[O-])c1C(=O)[O-],-3.0689
Cc1cc(C)c([PH](=O)O)c(C)c1,-2.7896
CCC(C)OC(=O)c1cccc([N+](=O)[O-])c1C(=O)[O-],-2.7193
CC(=O)NC(NC(C)=O)c1ccccc1,-1.3144
COc1c(Cl)c(Cl)cc(Cl)c1Cl,-5.1307
O=C(OCCCO)c1ccccc1,-1.2558
CC(C)c1ccccc1Br,-4.1898
Cc1cc(O)c([N+](=O)[O-])cc1Cl,-4.3901
CCOc1ccc(N(C(C)=O)C(C)=O)cc1,-1.947
COC(=O)c1cc(Cl)cc(N)c1Cl,-3.2634
CCNc1c([N+](=O)[O-])cc([N+](=O)[O-])cc1[N+](=O)[O-],-3.4085
C/C=C/c1ccc(OCC(=O)[O-])c(OC)c1,-1.5826
OCc1cc(Cl)c(Cl)c(Cl)c1,-3.0948
NCC(O)c1ccccc1,-0.4764
COP(=O)(OC)O/C(C)=C/C(=O)OC(C)c1ccccc1,-2.4973
CCCOCCN(C(=O)CCl)c1c(CC)cccc1CC,-3.795
CC(=O)N[C@@H](Cc1cc(Br)c(O)c(Br)c1)C(=O)O,-2.1830000000000003
Nc1cc([N+](=O)[O-])ccc1Br,-3.5583
CCOC(=O)CCCOc1ccc(Cl)cc1C,-4.4095
Cc1c(Cl)c(O)c(Cl)c(Cl)c1Cl,-4.6021
CC(C)OC(=O)c1cc(C(=O)OC(C)C)cc([N+](=O)[O-])c1,-5.0389
CNC(=O)Oc1cc(C)cc(C)c1C,-1.9851
CC(=O)c1ccc(O)c(C(=O)[O-])c1,-2.2304
CN(C)C(=O)c1ccc(C(=O)N(C)C)cc1,0.2656
CCOP(=O)(OCC)SCc1ccccc1,-2.4155
CC(=O)N[C@@H](CSc1ccc(Cl)c(Cl)c1)C(=O)O,-2.8868
[N-]=[N+]=NCC(=O)N[C@H](CO)[C@H](O)c1ccc([N+](=O)[O-])cc1,-1.1692
CN(C)C(=O)c1cccc(C(=O)N(C)C)c1,0.487
CCOC(=O)COc1ccc(Cl)cc1,-2.4206
COC(=O)C(Cl)Cc1ccc(Cl)cc1,-3.7655
C=CCOc1ccccc1C(N)=O,-2.2273
N#CCC[NH2+][C@@H](Cc1ccccc1)C(=O)[O-],-1.4939
NC(Cc1cc(Cl)c(O)c(Cl)c1)C(=O)O,-1.7546
O=C(O)CC(O)(CC(=O)O)C(=O)Nc1ccccc1,-0.4874
COC(=O)c1ccc(O)c(I)c1,-3.3138
CCOC(=O)c1ccc(O)c(I)c1,-3.4924
CCCOC(=O)c1ccc(O)c(I)c1,-3.6865
CCCCOC(=O)c1ccc(O)c(I)c1,-3.9033
C[C@@H](Oc1ccc(Cl)cc1Cl)C(=O)O,-2.6003
OCc1c(Cl)c(Cl)c(Cl)c(Cl)c1Cl,-5.1467
CCNC(=O)[C@H](C)OC(=O)Nc1ccccc1,-1.8293
Cc1ccc(O)c(I)c1,-2.4662
CC(=O)Oc1ccccc1/C=C/C(=O)O,-3.1559
CCOC(=O)c1ccc(O)c(Cl)c1,-3.2232
Cc1cc(Cl)ccc1O[C@H](C)C(=O)O,-2.3972
COc1cc(Cl)c(Cl)c(Cl)c1OC,-4.3701
COc1cc(Cl)ccc1O,-1.5013
CCC(C(=O)O)C(C(=O)O)c1ccccc1,-2.3256
NS(=O)(=O)c1ccc(S(N)(=O)=O)cc1,-2.5283
O=C(O)[C@@H](O)c1ccccc1,0.1592
N[C@@H](Cc1cc([N+](=O)[O-])c(O)c([N+](=O)[O-])c1)C(=O)O,-1.5125
CC(C)=NNC(=O)Nc1ccc([N+](=O)[O-])cc1,-3.5952
COc1c(C(=O)O)cc(C(=O)O)cc1C(=O)O,-1.5354
O=C(O)c1ccccc1C(=O)OCCO,-1.4825
Nc1cc([N+](=O)[O-])c(O)c([N+](=O)[O-])c1,-2.3853
COc1c(O)ccc(C=O)c1C,-1.3755
CC(C)OC(=O)c1ccc(N)cc1,-2.6099
OCc1ccc(I)cc1,-2.7460000000000004
CC(C)(C)NCC(O)c1ccc(O)c(CO)c1,-1.2298
CC(C)CC(=O)Oc1ccc([N+](=O)[O-])cc1,-4.3945
OCc1ccccc1Br,-2.158
COc1cc(C=O)cc(Cl)c1O,-2.8747
CCC(C)(O)C(O)c1ccccc1,-1.7244
CCCCCCCCCCCCOC(=O)c1ccc(N)cc1,-7.8
C=C(CC(Cl)(Cl)Cl)c1ccccc1,-4.2822
CCCOc1ccc(NC(C)=O)cc1,-3.0557
Cc1ccccc1N(C)C(N)=O,-0.4032
CCN(C(N)=O)c1ccccc1C,-0.2096
CCCC(O)(CCC)C(O)c1ccccc1,-2.648
CCCCC(O)(CCCC)C(O)c1ccccc1,-3.2225
O=CNC(Nc1ccc(Cl)c(Cl)c1)C(Cl)(Cl)Cl,-3.3228
O=C(O)c1cccc(C(=O)O)c1[N+](=O)[O-],-1.9901
C#CC(C)N(C(=O)CCl)c1ccccc1,-2.6468
O=C([O-])c1cc(Br)ccc1Cl,-1.952
CC(=O)OC(c1ccc(Cl)c(Cl)c1)C(Cl)(Cl)Cl,-3.8279
COP(=O)(OC)O/C(=C/Cl)c1cc(Cl)c(Cl)cc1Cl,-4.5221
CCOc1ccc(NC(=O)CO)cc1,-2.1058
CS(=O)(=O)N(SC(Cl)(Cl)C(F)(Cl)Cl)c1ccccc1,-5.1485
O=C(O)CC(=O)c1ccccc1[N+](=O)[O-],-1.8434
CNC(=O)Oc1cccc(N=CN(C)C)c1.[Cl-].[H+],0.5037
COC(=O)NC(=S)Nc1ccccc1NC(=S)NC(=O)OC,-4.1097
C#CC(C)(C)NC(=O)c1cc(Cl)cc(Cl)c1,-4.2324
CC(=O)Nc1ccc(Br)cc1C,-1.756
Cc1cccc(C)c1N(COCC(C)C)C(=O)CCl,-3.6822
Cc1cccc(I)c1O,-1.8378
O=C(O)COc1ccc([N+](=O)[O-])cc1[N+](=O)[O-],-1.9369
CCCCC(CC)COC(=O)COc1ccc(Cl)cc1Cl,-7.0122
CCSC(=O)COc1ccc(Cl)cc1C,-5.027
CC(=O)/C(=N\O)c1ccccc1,-2.3676
O=C(O)/C=C\c1cccc(O)c1,-2.099
CC(=O)C(=Cc1ccccc1)CC(=O)O,-1.6111
CC(C)CCCCCOC(=O)c1ccccc1C(=O)OCCCCCC(C)C,-6.6375
Cc1cc(Cl)ccc1NC(=S)N(C)C,-3.6604
CCN(CC)c1c([N+](=O)[O-])cc(C(F)(F)F)c(N)c1[N+](=O)[O-],-5.4668
CC(C)NCC(O)COc1ccc(CC(N)=O)cc1,-1.3016
CCSCc1ccccc1OC(=O)NC,-2.0927
C[C@@H](Oc1cc(Cl)c(Cl)cc1Cl)C(=O)O,-3.1295
O=C(O)/C=C/c1cccc(Br)c1,-2.636
CCc1ccccc1NC(C)=O,-1.5906
CCCN(CCCl)c1c([N+](=O)[O-])cc(C(F)(F)F)cc1[N+](=O)[O-],-5.5968
CCC(C)Nc1c([N+](=O)[O-])cc(C(C)(C)C)cc1[N+](=O)[O-],-5.4703
CC(=O)c1cc(O)c(O)c(O)c1,-1.4711
CCCN(CCC)c1c([N+](=O)[O-])cc(C(C)C)cc1[N+](=O)[O-],-6.4491
COC(=O)CS(=O)(=O)c1ccccc1,-1.1406
O=C(O)c1cc(Br)cc(C(=O)O)c1C(=O)O,-1.4481
CCN(CC)C(=O)SCc1ccccc1Cl,-4.0310000000000015
CCCSP(=S)(OCC)Oc1ccc(Cl)cc1Cl,-6.693
CC(Nc1ccccc1Cl)C(=O)O,-2.3271
CC(C)N(Cc1ccccc1)C(=O)C(C)(C)C,-2.4704
O=C(O)CCCNC(=O)c1ccccc1,-1.2025
CCCSP(=S)(OCC)Oc1ccc(SC)cc1,-6.0171
Cc1cc(O)c(C(=O)O)cc1Cl,-3.1248
CCC(C)N(C(=O)SCc1ccccc1)C(C)CC,-5.0484
NC(=O)c1cc(Cl)cc(Cl)c1N,-2.0814
CCCCCCCCCOC(=O)c1ccc(N)cc1,-6.0
COCCc1ccc(OCC(O)CNC(C)C)cc1,-1.1992
NC(=O)N[C@@H](Cc1ccccc1)C(=O)[O-],-2.0958
Cc1cc(C)c(OCC(=O)O)c(Br)c1,-3.1234
CCOc1ccccc1/C=C\C(=O)O,-2.5234
CCOC(=O)CN(C(=O)CCl)c1c(CC)cccc1CC,-3.4727
C/C=C/C(=O)Oc1c([N+](=O)[O-])cc([N+](=O)[O-])cc1C(C)(C)CC(C)(C)C,-4.9595
CC(=O)NCC(=O)Nc1ccccc1,-1.5678
CCOC(=O)C(=CC=Cc1ccccc1)NC=O,-3.3483
CCC(CC)Nc1c([N+](=O)[O-])cc(C)c(C)c1[N+](=O)[O-],-5.9721
CCOc1ccc(NC(C)=O)c(C)c1,-1.839
COc1cc(C=O)c(C)cc1O,-2.7435
CC(=O)C(=O)Nc1ccccc1,-1.3676
CN(CCCCC(=O)O)S(=O)(=O)c1ccccc1,-1.5585
NCCc1ccc(O)c([N+](=O)[O-])c1,-1.3399
CC(=O)O[C@@H](C(=O)O)c1ccccc1,-1.2313
O=C(O)c1ccc(S(=O)(=O)O)c(C(=O)O)c1,0.6087
CCc1cccc(C)c1N(C(=O)CCl)C(C)COC,-2.7287
CNC(=O)Oc1ccccc1OC(CCl)OC,-2.3005
CCCN(CCC)C(=O)SCc1ccccc1,-4.2798
CC(C)Cc1ccc(C(C)C(=O)NO)cc1,-3.044
CC(=O)Nc1cc(NS(=O)(=O)C(F)(F)F)c(C)cc1C,-3.2365
CC(C)(NC(=O)c1ccccc1)C(N)=O,-1.6154
COc1ccc(Cl)c(Cl)c1Cl,-4.2918
CSc1cc(O)cc(O)c1,-1.7957
CCCCSc1cc(O)cc(O)c1,-2.5191
O=CC(=O)Cc1ccccc1,-2.1707
COP(=S)(OC)Oc1c(Cl)cc(C)cc1Cl,-5.4374
COc1c(O)cc(Cl)c(Cl)c1Cl,-2.8712
CC(=O)N(C)CCOC(=O)c1ccccc1,-0.8494
Nc1c(Br)cc(Br)c(S(=O)(=O)O)c1Br,-0.4888
CCOc1ccccc1/C=C/C(=O)[O-],-3.3248
C[C@H](O)C(=O)Nc1c(I)c(C(=O)NC(CO)CO)c(I)c(C(=O)NC(CO)CO)c1I,-0.7443
CCOP(=S)(OCC)Oc1cc(Cl)c(Cl)c(SC)c1,-6.0807
CCSC(C(=O)O)c1ccccc1,-1.5686
O=C(NCCO)c1cc(O)ccc1O,-0.5436
CNC(=O)OCc1cccc(Cl)c1Cl,-3.1389
CCCCN(C(N)=O)c1ccccc1,-1.2971
CN(C)C(=O)SCCCCOc1ccccc1,-3.9266
N#CCO/N=C(\C#N)c1ccccc1,-3.2899
COP(=S)(OC)SCC(=O)N(c1ccc(Cl)cc1)C(C)C,-4.4321
NC(=O)COC(=O)c1ccccc1,-1.6405
CCNC(=O)COC(=O)c1ccccc1,-2.2373
CCN(CC)C(=O)COC(=O)c1ccccc1,-2.0706
CC(=O)OCC(C(OC(C)=O)c1ccccc1)[N+](=O)[O-],-3.972
CC(=O)OC[C@H]([C@@H](OC(C)=O)c1ccccc1)[N+](=O)[O-],-3.972
CNC(=O)Sc1ccc(OS(C)(=O)=O)cc1,-2.7359
CC(=O)NC(=O)COC(=O)c1ccccc1,-2.4003
CC=Cc1ccc(O)c(O)c1,-1.3505
CCOc1ccc(NC(=O)NN)cc1,-1.6471
O=Cc1cc(Br)ccc1Br,-3.8003
CC(C)(NC(=O)C(Br)C(C)(C)C)c1ccccc1,-4.9455
CSCOC(=O)c1ccccc1OC(C)=O,-2.6404
CC(=O)Oc1ccccc1C(=O)OCS(C)=O,-1.7824
CC(=O)Oc1ccccc1C(=O)OCS(C)(=O)=O,-3.3936
CC(Oc1ccccc1Cl)C(=O)O,-2.2232
CCOC(=O)CCN(Cc1ccccc1)SN(C)C(=O)O/N=C(/C)SC,-4.3005
CCCC(=O)N(CSP(=S)(OC)OC)c1ccccc1Cl,-5.204
CCC(=O)OCc1ccc(Cl)cc1Cl,-3.0665
CCN(C(=O)SCc1ccccc1)C(C)C(C)C,-4.7337
CCc1cccc(C)c1N(COC(C)C)C(=O)CCl,-3.1882
CCOc1ccc(NC(=O)OC(C)C)cc1OCC,-4.0022
C/C=C\COCN(C(=O)CCl)c1c(CC)cccc1CC,-4.0287
COc1c(O)ccc(C=O)c1N,-0.2232
COC(=O)c1ccc([N+](=O)[O-])cc1C(=O)[O-],-2.0558
COC(CC(=O)O)c1ccccc1,-1.6952
COC(=O)c1cc([N+](=O)[O-])ccc1C(=O)[O-],-1.721
CC(CCC(=O)O)NC(=O)c1ccccc1,-1.6917
CNC(=O)COC(=O)c1ccccc1,-1.7178
CCCNC(=O)COC(=O)c1ccccc1,-2.5387
CC(C)(C)NC(=O)COC(=O)c1ccccc1,-2.8665
NC(=O)CNC(=O)COC(=O)c1ccccc1,-1.4983
CN(C)C(=O)COC(=O)c1ccccc1,-1.372
CCCN(CCC)C(=O)COC(=O)c1ccccc1,-2.3791
CCCCN(CCCC)C(=O)COC(=O)c1ccccc1,-3.5614
C=CCN(CC=C)C(=O)COC(=O)c1ccccc1,-2.5626
CN(CC(=O)O)C(=O)COC(=O)c1ccccc1,-2.254
NS(=O)(=O)c1ccc(SCCO)cc1,-1.8239
NS(=O)(=O)c1ccc(SCCCO)cc1,-2.2472
NS(=O)(=O)c1ccc(SCCCCCO)cc1,-2.6618
CN(C)C(=O)CCOC(=O)c1ccccc1,-1.0994
CN(C)C(=O)CCCOC(=O)c1ccccc1,-1.2286
CC(=O)N(C)C(=O)COC(=O)c1ccccc1,-2.8664
CC(C)NC(=O)COC(=O)c1ccccc1,-2.7321
CCCCNC(=O)COC(=O)c1ccccc1,-2.7588
CCCCCCNC(=O)COC(=O)c1ccccc1,-3.902
CC(NC(=O)COC(=O)c1ccccc1)C(N)=O,-2.7172
NCCCCC(NC(=O)c1ccccc1)C(=O)O,-2.2845
O=[N+]([O-])c1cc(CCO)ccc1O,-1.1556
COc1ccc(NCC(O)CO)cc1,-0.295
CCOC(=O)c1ccc(OC)c(OC)c1C(=O)[O-],-2.253
CC=CC(=O)Nc1ccc(O)cc1,-2.6464
NS(=O)(=O)c1ccc(SCCCCO)cc1,-2.5141
NS(=O)(=O)c1ccc(CCCO)cc1,-1.032
NS(=O)(=O)c1ccc(CCCCO)cc1,-1.1931
NS(=O)(=O)c1ccc(CCCCCO)cc1,-1.9712
CC(C)(C)c1ccccc1,-3.658
CC(C)c1ccccc1,-3.2924
CCCc1ccccc1,-3.3622
CCCCc1ccccc1,-4.0559
CCc1ccccc1CC,-3.2759
CCc1cccc(CC)c1,-3.7476
Cc1cccc(C)c1C,-3.2037
C#Cc1ccccc1,-2.3502
CCCCCc1ccccc1,-4.6434
CC(C)Cc1ccccc1,-4.1235
CCc1ccccc1C,-3.2072
CCc1ccc(C)cc1,-3.1026
Cc1cc(C)c(C)c(C)c1C,-3.9807
CCCCCCc1ccccc1,-5.2551
CCCCCCCCc1ccccc1,-6.46
O=[N+]([O-])c1c(Cl)c(Cl)c(Cl)c(Cl)c1Cl,-5.8269
O=[N+]([O-])c1cc(Cl)c(Cl)cc1Cl,-3.8866
Cc1ccccc1Cl,-2.5295
Brc1ccc(Br)cc1,-4.0717
Cc1ccc(Br)cc1,-3.1917
Clc1ccc(Br)cc1,-3.6298
Brc1cccc(Br)c1,-3.5435
Clc1cccc(Br)c1,-3.2102
O=[N+]([O-])c1c(Cl)c(Cl)cc(Cl)c1Cl,-5.0963
Fc1ccc(CCl)cc1,-2.5442
Fc1ccc(F)cc1,-1.9709
Brc1ccccc1Br,-3.5
Cc1cccc(Br)c1,-3.523
Fc1cccc(Cl)c1,-2.3457
Clc1ccc(Cl)c(Cl)c1Cl,-4.5619
O=[N+]([O-])c1cc(Cl)c(Cl)c(Cl)c1Cl,-4.5531
Fc1cccc(Br)c1,-2.6656
O=[N+]([O-])c1ccc(Cl)c(Cl)c1Cl,-3.94
O=[N+]([O-])c1c(Cl)cc(Cl)cc1Cl,-4.5591
CCN(CC)c1ccccc1,-3.0278
CNc1ccccc1,-1.2803
COc1ccc(C=O)cc1,-1.5016
Nc1cc(Cl)cc(Cl)c1,-2.3153
Oc1c(Cl)c(Cl)c(Cl)c(Cl)c1Cl,-4.2793
CCc1ccccc1O,-1.3594
COc1ccccc1O,-0.8221
COc1cccc(OC)c1O,-0.9525
Oc1cc(Cl)c(Cl)cc1Cl,-2.2163
Cc1ccc(O)c(C)c1,-1.1909999999999998
Oc1ccc(Br)cc1,-1.092
COc1ccc(O)cc1,-0.4919
Cc1cc(C)c(O)c(C)c1,-2.055
Oc1cccc(Cl)c1Cl,-1.6559
Oc1cccc(Br)c1,-0.8764
Oc1cc(Cl)cc(Cl)c1,-1.5590000000000002
Oc1ccc(Br)cc1Br,-2.1225
Cc1cc(Cl)ccc1OCC(=O)O,-2.503
O=C(O)COc1ccccc1,-1.1031
O=C(O)COc1ccc(Cl)cc1,-2.29
O=C(O)/C=C/c1ccccc1,-2.4335
O=C(O)COc1ccc(Cl)c(Cl)c1,-2.6846
O=C(O)COc1ccccc1Cl,-2.1637
COc1ccc(/C=C/C(=O)O)cc1,-2.3984
O=C(O)c1cc(Cl)cc(Cl)c1,-3.1137
O=C(O)c1ccc(Cl)c(Cl)c1,-3.495
O=C(O)c1ccccc1I,-2.7308
Cc1cccc(C(=O)O)c1,-2.1428
COc1ccc(C(=O)O)cc1,-2.458
Cc1ccccc1C(=O)O,-2.0621
O=C(O)c1cccc(F)c1,-1.9704
O=C(O)c1ccc(F)cc1,-2.0673
O=C(O)c1cccc(Cl)c1,-2.5415
CC(C)c1ccc(C(=O)O)cc1,-3.0364
O=C(O)c1cccc(Br)c1,-2.699
O=C(O)c1ccc(Br)cc1,-3.5251
O=C(O)c1cccc(I)c1,-3.2706
O=C(O)c1ccc(I)cc1,-3.9631
OCc1ccccc1,-0.4319
OCCCc1ccccc1,-1.3798
Cc1ccc(CO)cc1,-1.1999
OCc1c(Cl)cccc1Cl,-2.1019
O=Cc1ccccc1[N+](=O)[O-],-1.8138
O=Cc1ccc([N+](=O)[O-])cc1,-1.8101
CCCCOC(=O)c1ccccc1,-3.4801
CC(=O)OCc1ccccc1,-1.6853
CC(C)OC(=O)c1ccccc1C(=O)OC(C)C,-2.8773
N#Cc1ccccc1,-1.7123
N#Cc1c(Cl)cccc1Cl,-3.9803
Cc1ccccc1[N+](=O)[O-],-2.3243
COc1ccccc1[N+](=O)[O-],-1.9572
O=[N+]([O-])c1cc([N+](=O)[O-])cc([N+](=O)[O-])c1,-2.8846
O=[N+]([O-])c1cccc([N+](=O)[O-])c1,-2.4989
COc1ccc([N+](=O)[O-])cc1,-2.4142
O=[N+]([O-])c1ccc([N+](=O)[O-])cc1,-3.3867
Cc1c([N+](=O)[O-])cc([N+](=O)[O-])cc1[N+](=O)[O-],-3.2423
O=[N+]([O-])c1ccccc1[N+](=O)[O-],-3.1017
COc1cccc([N+](=O)[O-])c1,-2.4861
Cc1c([N+](=O)[O-])cccc1[N+](=O)[O-],-3.0003
Cc1ccc([N+](=O)[O-])c([N+](=O)[O-])c1,-3.2604
NC(=O)c1ccccc1,-0.953
ClCc1ccccc1,-2.3822
CSc1ccccc1,-2.39
O=CNc1ccccc1,-0.6785
S=C=Nc1ccccc1,-3.1772
CC(=O)Nc1ccccc1Cl,-1.4001
CC(=O)Nc1cccc(C)c1,-2.091
CC(=O)Nc1ccccc1[N+](=O)[O-],-1.9093
S=C=NCc1ccccc1,-3.1364
NC(=O)c1c(Cl)cccc1Cl,-1.8427
CCNCNC(=O)c1ccccc1,-0.0749
CNCC(C)c1ccccc1,-1.0947
NC(=O)NCc1ccccc1,-0.9462
NS(=O)(=O)c1ccccc1,-1.5630000000000002
Cc1cccc(S(N)(=O)=O)c1,-1.3409
COP(=S)(OC)Oc1ccc(SC)c(C)c1,-4.5695
O=C(O)COc1ccc(Cl)cc1Cl,-2.5139
CCOP(=S)(OCC)Oc1ccc(Cl)cc1Cl,-6.1094
CC(C)OC(=O)Nc1cccc(Cl)c1,-3.3804
CN(C)C(=O)Nc1ccccc1,-1.6101
CC(Oc1ccc(Cl)cc1Cl)C(=O)O,-2.8271
CC(C)OC(=O)Nc1ccccc1,-3.0005
COP(=S)(OC)Oc1cc(Cl)c(Cl)cc1Cl,-5.5072
COP(=S)(NC(C)C)Oc1ccc(Cl)cc1Cl,-4.7982
CNP(=O)(OC)Oc1ccc(C(C)(C)C)cc1Cl,-3.1639
CCOP(=O)(OCC)Oc1ccc([N+](=O)[O-])cc1,-2.0594
CCOP(=S)(CC)Oc1cc(Cl)c(Cl)cc1Cl,-5.7524
CN(C)C(=O)Nc1ccc(Cl)c(Cl)c1,-3.7443
CON(C)C(=O)Nc1ccc(Cl)c(Cl)c1,-3.5213
CCOP(=O)(OCC)O/C(=C\Cl)c1ccc(Cl)cc1Cl,-3.4624
COP(=S)(OC)Oc1ccc([N+](=O)[O-])c(Cl)c1,-3.8717
CCCCN(C)C(=O)Nc1ccc(Cl)c(Cl)c1,-4.7584
CCC(=O)Nc1ccc(Cl)c(Cl)c1,-2.9864
COP(=S)(OC)SCSc1ccc(Cl)cc1,-5.2939
CNC(=O)Oc1cccc(C)c1,-1.803
N#Cc1c(Cl)c(Cl)c(Cl)c(C#N)c1Cl,-5.6466
COP(=S)(OC)Oc1cc(Cl)c(Br)cc1Cl,-6.0864
CN(C)C(=O)Nc1cccc(C(F)(F)F)c1,-3.4365
CCCC(C)C(=O)Nc1ccc(C)c(Cl)c1,-4.4503
CNC(=O)Oc1cc(C)cc(C(C)C)c1,-3.3575
CNC(=O)Oc1ccccc1C(C)C,-2.6841
COP(=S)(OC)Oc1ccc(C#N)cc1,-3.7232
CNC(=O)Oc1cc(C)cc(C)c1,-2.5813
CON(C)C(=O)Nc1ccc(Br)cc1,-2.895
C#CC(C)N(C)C(=O)Nc1ccc(Cl)cc1,-3.8971
CCOP(=S)(OCC)Oc1cc(Cl)c(Br)cc1Cl,-5.9521
CCCC(C)(C)C(=O)Nc1ccc(Cl)cc1,-4.0218
CCCOP(=O)(OCCC)Oc1ccc(SC)cc1,-3.3865
CON(C)C(=O)Nc1ccc(Br)c(Cl)c1,-3.9236
Cc1ccc(NC(=O)N(C)C)cc1Cl,-3.4826
COP(=S)(OC)Oc1cc(Cl)c(I)cc1Cl,-6.6160000000000005
CCOP(=O)(NC(C)C)Oc1ccc(SC)c(C)c1,-2.9648
CCOP(=S)(NC(C)C)Oc1ccccc1C(=O)OC(C)C,-4.1939
CC(C)OP(=O)(OC(C)C)SCc1ccccc1,-2.8579
CCN(CC)C(=O)SCc1ccc(Cl)cc1,-3.9641
CCCCCCc1ccc(O)cc1O,-2.5895
Nc1ccc(N)cc1,-0.4658
Cc1ccc(S(C)(=O)=O)cc1,-1.9873
C=CS(=O)(=O)Nc1ccccc1,-1.4996
Cc1ccc(NO)cc1,-0.7894
ONc1ccccc1,-0.4359
CCOS(=O)(=O)c1ccccc1,-2.1308
COS(=O)(=O)c1ccccc1,-1.7419
O=C(O)C(=O)c1c(C(=O)O)cccc1C(=O)O,-0.4541
Cc1ccc(P(=O)(O)O)c(C)c1,-1.0938
CC(=O)O[Hg]c1ccccc1,-1.8868
CC(=O)C(=O)c1ccccc1,-1.7558
CCOP(=S)(OCC)O/N=C(\C#N)c1ccccc1Cl,-5.2917
NC(=S)c1c(Cl)cccc1Cl,-2.3363
O=S(=O)(O)c1c(Br)c(Br)c(Br)c(Br)c1Br,-2.0061
Brc1cc(Br)cc(Br)c1,-5.6004
Oc1c(Br)cc(Br)cc1Br,-3.6745
Nc1c(Cl)cc(Cl)cc1Cl,-3.6912
O=C(O)C(CO)c1ccccc1,-0.9305
OCc1ccccc1O,-0.2946
CC(=O)c1ccc(N)cc1,-1.6058
NC(=S)Nc1ccccc1,-1.7898
CC(=O)Nc1ccc(S(N)(=O)=O)cc1,-1.6066
O=C(NC(CO)C(O)c1ccc([N+](=O)[O-])cc1)C(Cl)Cl,-2.1114
CN[C@@H](C)[C@H](O)c1ccccc1,-0.4147
CCCCNC(=O)NS(=O)(=O)c1ccc(N)cc1,-2.1782
Nc1ccccc1O,-0.7369
Nc1cc([N+](=O)[O-])cc([N+](=O)[O-])c1O,-2.4862
Nc1cccc([N+](=O)[O-])c1,-2.0611
Nc1ccc([N+](=O)[O-])cc1,-2.2782
O=[N+]([O-])c1ccc(O)c([N+](=O)[O-])c1,-2.5976
Cc1ccc(O)c([N+](=O)[O-])c1,-2.3837
O=Cc1ccc(O)cc1,-0.9762
O=[N+]([O-])c1ccc([N+](=O)[O-])c(O)c1,-2.6796
O=[N+]([O-])c1ccc(F)cc1O,-2.05
Cc1cc([N+](=O)[O-])cc([N+](=O)[O-])c1O,-3.0003
O=[N+]([O-])c1cccc([N+](=O)[O-])c1O,-2.7668
O=[N+]([O-])c1c(O)cccc1O,-2.0734
CCC(C)c1ccc(O)c([N+](=O)[O-])c1,-3.8403
Nc1ccc(C(=O)O)c(O)c1,-1.9572
Nc1cccc(C(=O)O)c1,-1.3663
O=C(O)c1ccc(O)c(O)c1,-0.9278
COc1cc(C(=O)O)ccc1O,-2.0496
Nc1cc(Cl)cc(C(=O)O)c1Cl,-2.4688
Nc1ccc(C(=O)O)cc1,-1.3511
O=C(O)c1c(O)cccc1O,-1.2074
CCCCOC(=O)c1ccc(O)cc1,-2.9723
COC(=O)c1ccccc1O,-1.3130000000000002
COC(=O)c1ccc(N)cc1,-1.5974
CCCCCOC(=O)c1ccc(N)cc1,-3.3499
CCCCCCCOC(=O)c1ccc(N)cc1,-4.6001
CCCCCCCCOC(=O)c1ccc(N)cc1,-5.3999
NC(Cc1ccccc1)C(=O)O,-1.0657
O=C(O)c1cccc(C(=O)O)c1,-3.2204
CC(=O)N(C)c1ccccc1,-0.951
CC(C)N(C(=O)CCl)c1ccccc1,-2.4806
CCOCN(C(=O)CCl)c1c(C)cccc1CC,-3.0827
Oc1ccccc1,-0.04
Nc1cccc(N)c1,0.51
CCc1ccc(O)cc1,-1.4
Cc1cc(C)c(C)cc1C,-3.84
Clc1ccc(Cl)cc1,-3.35
O=Cc1cccc(O)c1,-1.23
Oc1cc(O)cc(O)c1,-1.05
Cc1ccc(C(=O)O)cc1,-2.53
NC(=O)OCc1ccccc1,-0.35
O=C(O)c1ccccc1F,-1.39
Nc1ccccc1C(=O)O,-1.52
O=C(O)c1cccc(O)c1,-1.24
O=[N+]([O-])c1ccc(O)cc1,-0.94
Nc1ccccc1[N+](=O)[O-],-1.96
Cc1c(C)c(C)c(C)c(C)c1C,-5.23
O=[N+]([O-])c1cccc(O)c1,-1.07
CC(=O)Nc1cccc(O)c1,-1.06
COc1cccc(C(=O)O)c1,-1.93
CC(=O)Nc1ccccc1O,-2.13
COc1ccccc1C(=O)O,-1.6
Cc1ccc(O)c(C(=O)O)c1,-2.76
O=Cc1cccc([N+](=O)[O-])c1,-1.98
CCOC(=O)c1ccc(O)cc1,-2.2
Nc1ccc(O)c(C(=O)O)c1,-2.26
N#Cc1cccc(N=C=S)c1,-3.19
COC(=O)c1ccc(OC)cc1,-2.34
O=C(O)c1cc(O)ccc1O,-0.85
CC(=O)Nc1ccc(C=O)cc1,-1.63
CCCOC(=O)c1ccc(O)cc1,-2.68
CN(C)c1ccc(N=C=S)cc1,-4.13
N#CC(C#N)=NNc1ccccc1,-3.36
Oc1c(F)c(F)c(F)c(F)c1F,-0.52
O=C(O)c1ccccc1Br,-2.05
Cc1cc(Cl)ccc1N=CN(C)C,-2.88
O=C(O)CNC(=O)c1ccccc1,-1.69
CN(C)C(=O)Nc1ccc(Cl)cc1,-2.89
O=C(O)c1ccccc1[N+](=O)[O-],-1.35
O=C(O)c1ccc(N=C=S)cc1,-3.98
NCC(CC(=O)O)c1ccc(Cl)cc1,-1.7
O=C(O)c1cccc(N=C=S)c1,-3.25
O=C(O)c1cc(Br)ccc1O,-2.65
S=C=Nc1ccc(I)cc1,-4.05
CON(C)C(=O)Nc1ccc(Cl)cc1,-2.47
O=C(O)c1ccc(Cl)c([N+](=O)[O-])c1,-2.76
O=C(O)CCCOc1ccc(Cl)cc1Cl,-3.57
C=CCOc1ccc(CC(=O)O)cc1Cl,-3.13
O=C(O)c1cccc(Cl)c1[N+](=O)[O-],-2.63
COc1c(Cl)ccc(Cl)c1C(=O)O,-1.7
O=C(Nc1cccc(Cl)c1)OCC#CCCl,-4.24
O=C(O)Cc1c(Cl)ccc(Cl)c1Cl,-3.08
O=C(O)COc1cc(Cl)c(Cl)cc1Cl,-2.98
O=C(O)COc1ccc(Cl)c(Cl)c1Cl,-3.1
CC(=O)NS(=O)(=O)c1ccc(N)cc1,-1.41
CCN(CC)CCNC(=O)c1cc(Cl)c(N)cc1OC,-3.18
NC(Cc1ccc(N(CCCl)CCCl)cc1)C(=O)O,-3.49
COC(=O)NS(=O)(=O)c1ccc(N)cc1,-1.76
COC(=O)CS(=O)(=O)c1ccc(Cl)cc1,-2.38
O=[N+]([O-])c1cc([N+](=O)[O-])c(O)c([N+](=O)[O-])c1,-1.97
CCCCNC(=O)NS(=O)(=O)c1ccc(C)cc1,-3.17
CC(C)OC(=O)CS(=O)(=O)c1ccc(Cl)cc1,-2.41
COC(=O)CS(=O)(=O)c1ccc(Br)cc1,-2.48
COP(=S)(OC)Oc1ccc([N+](=O)[O-])cc1,-3.68
CCN(CC)C(=O)/C(C#N)=C\c1cc(O)c(O)c([N+](=O)[O-])c1,-4.26
Oc1c(Br)c(Br)c(Br)c(Br)c1Br,-6.6
CS(=O)(=O)c1ccc(C(O)C(CO)NC(=O)C(Cl)Cl)cc1,-2.15
CCCN(CCC)c1c([N+](=O)[O-])cc(C(F)(F)F)cc1[N+](=O)[O-],-6.05
CCCN(CCC)c1c([N+](=O)[O-])cc(C(F)(F)F)c(N)c1[N+](=O)[O-],-7.07
CCCN(CCC)c1c([N+](=O)[O-])cc(S(N)(=O)=O)cc1[N+](=O)[O-],-5.13
Oc1ccc(F)cc1,-0.21
Oc1cccc(Cl)c1,-0.71
CCOc1ccc(O)cc1,-1.29
NC(=S)c1ccccc1,-1.92
Cc1cc(O)cc(C)c1Cl,-2.67
O=C(NCO)c1ccccc1,-0.52
CCc1ccc(C(=O)O)cc1,-2.52
COc1ccc(C(N)=O)cc1,-1.72
COc1cccc(C(N)=O)c1,-1.72
CN(C)CNC(=O)c1ccccc1,0.42
Oc1ccc(I)cc1,-1.71
CCCCc1ccc(C(=O)O)cc1,-3.08
CNC(=O)Oc1ccc(C)c(C)c1,-2.49
CCC(C)c1ccccc1OC(=O)NC,-2.53
O=C(O)CONC(=O)c1ccccc1,-0.95
COc1cc(/C=C/C(=O)O)ccc1O,-3.05
COC(=O)c1ccccc1OC(C)=O,-1.84
C=CCOc1ccccc1OCC(O)CNC(C)C,-0.32
CN(C)C(=O)COC(=O)c1ccccc1O,-1.71
COCCN(C(=O)CCl)c1c(C)cccc1C,-2.09
CCN(CCO)C(=O)COC(=O)c1ccccc1,-1.37
O=C(O)CCCc1ccc(N(CCCl)CCCl)cc1,-3.4
CC(C)N(C(=O)COC(=O)c1ccccc1)C(C)C,-3.34
O=C(OCC(=O)N(CCO)CCO)c1ccccc1,0.43
CCN(CC)C(=O)COC(=O)c1ccccc1O,-2.56
CNc1ccc(S(=O)(=O)N(C)C)cc1,-3.08
O=C(COC(=O)c1ccccc1)NC(CO)(CO)CO,-1.27
CN(CC(N)=O)C(=O)COC(=O)c1ccccc1,-0.92
COCCN(CCOC)C(=O)COC(=O)c1ccccc1,-1.57
CC(=O)Oc1ccccc1C(=O)OCC(N)=O,-1.79
CCOC(=O)CN(C)C(=O)COC(=O)c1ccccc1,-1.67
CCNC(=O)COC(=O)c1ccccc1OC(C)=O,-1.68
CCOC(=O)COC(=O)c1ccccc1OC(C)=O,-2.58
CC(=O)Oc1ccccc1C(=O)OCC(=O)N(C)C,-1.55
CN(C=O)c1ccc(S(=O)(=O)N(C)C)cc1,-2.37
CC(=O)N(C)c1ccc(S(=O)(=O)N(C)C)cc1,-2.3
COCC(=O)N(c1c(C)cccc1C)C(C)C(=O)OC,-1.6
CCN(CC)C(=O)COC(=O)c1ccccc1OC(C)=O,-2.11
CCC(=O)N(C)c1ccc(S(=O)(=O)N(C)C)cc1,-2.48
CCCN(CCC)C(=O)COC(=O)c1ccccc1OC(C)=O,-2.65
CC(=O)Oc1ccccc1C(=O)OCC(=O)NCC(N)=O,-2.52
CCCC(=O)N(C)c1ccc(S(=O)(=O)N(C)C)cc1,-2.16
CCN(CC)C(=O)C(C)OC(=O)c1ccccc1OC(C)=O,-1.6
CC(=O)Oc1ccccc1C(=O)OCC(=O)N(C(C)C)C(C)C,-3.25
CCCCC(=O)N(C)c1ccc(S(=O)(=O)N(C)C)cc1,-2.85
CCCCCC(=O)N(C)c1ccc(S(=O)(=O)N(C)C)cc1,-2.95
CCN(CC)C(=O)Nc1ccc(OCC(O)CNC(C)(C)C)c(C(C)=O)c1,-1.9
CCOC(=O)CNC(=O)COC(=O)c1ccccc1OC(C)=O,-1.87
COP(=S)(OC)Oc1ccc([N+](=O)[O-])cc1Cl,-4.68
CCCCCCC(=O)N(C)c1ccc(S(=O)(=O)N(C)C)cc1,-3.68
CCCCCCC(=O)N(C)S(=O)(=O)c1ccc(N(C)C)cc1,-3.68
CCCCCCCC(=O)N(C)c1ccc(S(=O)(=O)N(C)C)cc1,-3.59
CCOC(=O)CN(C)C(=O)COC(=O)c1ccccc1OC(C)=O,-2.55
COP(=O)(OC)O/C(=C\Cl)c1cc(Cl)c(Cl)cc1Cl,-4.52
CCOP(=S)(OCC)Oc1ccc(S(C)(=O)=O)cc1,-3.58
CCCCNC(=O)Oc1cc(/C=C(/C#N)C(=O)N(CC)CC)cc([N+](=O)[O-])c1O,-2.32
CCN(CC)C(=O)/C(C#N)=C\c1cc(OC(=O)NC(C)(C)C)c(O)c([N+](=O)[O-])c1,-3.53
Cc1ccccc1CO,-1.09
N#Cc1ccccc1C#N,-2.38
O=CC(=O)c1ccccc1,-0.74
O=Cc1ccccc1C=O,-1.34
O=C(O)CCCc1ccccc1,-1.78
NCCc1ccc(O)c(O)c1,0.12
CCC(=O)Nc1ccccc1,-1.55
Cc1ccc(C(=O)O)cc1C,-3.16
Cc1ccc(C(=O)O)c(C)c1,-2.97
Cc1ccc(C)c(C(=O)O)c1,-2.92
CNC(=O)c1ccc(N)cc1,-1.24
Oc1ccc(N=C=S)cc1,-2.67
Oc1cccc(N=C=S)c1,-1.99
O=C(O)C(=O)c1ccccc1,-0.37
N#Cc1cccc(C(=O)O)c1,-2.63
OCNC(=S)c1ccccc1,-1.14
Cc1cccc(C(=O)O)c1O,-2.04
Cc1cccc(O)c1C(=O)O,-2.04
O=C(O)c1ccc(O)cc1O,-1.41
O=C(O)/C=C/C=C/c1ccccc1,-3.64
CCOc1ccc(N=C=S)cc1,-4.26
COc1ccc(C(=O)NCO)cc1,-1.22
O=C(O)/C=C(\Cl)c1ccccc1,-2.77
COc1cccc(C(=O)NCO)c1,-1.29
CCCCCCc1ccc(C(=O)O)cc1,-3.65
S=C=Nc1ccc(Br)cc1,-4.27
CC(=O)c1ccc(N=C=S)cc1,-4.02
O=C(O)/C(S)=C/c1ccccc1,-2.96
O=C(O)C(S)Cc1ccccc1,-1.56
O=C(O)CCCOc1ccc(Cl)cc1,-3.29
CC(=O)Oc1ccc(C(C)=O)cc1,-1.52
CC(=O)Oc1ccc(C(N)=O)cc1,-1.64
O=[N+]([O-])c1cccc(N=C=S)c1,-3.55
S=C=Nc1cccc(N=C=S)c1,-4.7
N#CC(C#N)=NNc1cccc(O)c1,-2.95
CCc1cc(CC)cc(OC(=O)NC)c1,-3.32
CCOC(=O)c1ccc(O)c(OC)c1,-1.72
CC(=O)Nc1cccc(N=C=S)c1,-3.53
COC(=O)c1ccc(NC(C)=O)cc1,-1.9
N#CC(C#N)=NNc1ccc(Cl)cc1,-4.36
O=C(O)c1ccc(O)c(C(=O)O)c1,-1.78
COC(=O)c1ccc(OC(C)=O)cc1,-2.5
CC(=O)Oc1ccc(NC(N)=O)cc1,-2.49
O=C(O)c1cccc(C(=O)O)c1O,-2.11
S=C=Nc1cccc(I)c1,-4.68
O=C(O)c1cccc(O)c1C(=O)O,-2.11
CCOC(=O)c1ccc(N=C=S)cc1,-4.05
CC(=O)OC(C(=O)O)c1ccccc1,-1.23
O=C(O)COc1cc(Cl)ccc1Cl,-2.62
O=C(O)COc1c(Cl)cccc1Cl,-2.15
CCC(=O)Oc1ccc(NC(C)=O)cc1,-2.72
Cc1ccc(S(=O)(=O)NN)cc1,-1.48
CNC(=S)N(C)c1ccc(Cl)cc1C,-3.66
N#[N+]c1ccc(S(=O)(=O)O)cc1,-2.42
COC(=O)Oc1ccc(NC(C)=O)cc1,-1.69
Cc1ccc(N)cc1S(=O)(=O)O,-1.62
CCCOC(=O)c1ccc(NC(C)=O)cc1,-3.29
COC(=O)C(N)Cc1ccc(O)c(O)c1,0.48
CCCC(=O)Oc1ccc(NC(C)=O)cc1,-2.83
CCOC(=O)OCOc1ccc(NC(C)=O)cc1,-2.43
CC(C)(C)C(=O)Oc1ccccc1C(=O)O,-3.01
CCCCOC(=O)c1ccc(NC(C)=O)cc1,-3.46
CC(=O)c1ccc(NN=C(C#N)C#N)cc1,-2.71
CC(=O)Oc1ccc(/C=N/NC(N)=O)cc1,-2.84
CCCOC(=O)Oc1ccc(NC(C)=O)cc1,-2.57
O=C(O)COc1cc(Cl)c(Cl)c(Cl)c1,-2.94
CCCCCC(=O)Oc1ccc(NC(C)=O)cc1,-4.14
CCC(CC)C(=O)Oc1ccccc1C(=O)O,-1.84
O=C(O)COc1cc(Cl)cc(Cl)c1Cl,-3.0
N#CC(C#N)=NNc1ccccc1[N+](=O)[O-],-3.93
CCCCOC(=O)Oc1ccc(NC(C)=O)cc1,-3.37
CCN(CC)C(=O)C(C)OC(=O)c1ccccc1,-2.28
COCCOC(=O)Oc1ccc(NC(C)=O)cc1,-1.69
CCN(CC)CCOC(=O)c1ccc(NC(C)=O)cc1,-1.65
N#CC(C#N)=NNc1ccc(C(=O)CCl)cc1,-3.19
CCCCCOC(=O)C(N)Cc1ccc(O)c(O)c1,-0.99
CCC(CC)(C(=O)NC(N)=O)C(=O)OCc1ccccc1,-3.66
CCCCCCCC(=O)Oc1ccc(NC(C)=O)cc1,-4.44
CCC(C(=O)NC(N)=O)(C(=O)OC)c1ccccc1,-2.75
COCC(C)OC(=O)Oc1ccc(NC(C)=O)cc1,-2.48
CCCCCCOC(=O)Oc1ccc(NC(C)=O)cc1,-4.32
CC(C)CN(CC(C)C)C(=O)COC(=O)c1ccccc1,-3.56
CC(O)CN(CC(C)O)C(=O)COC(=O)c1ccccc1,-1.18
CCCCCCCCCC(=O)Oc1ccc(NC(C)=O)cc1,-4.53
Nc1ccc(C(=O)O)c(S(=O)(=O)O)c1,-1.86
O=C(O)COc1c(Cl)cc(Cl)c(Cl)c1Cl,-3.41
CCN(CC)S(=O)(=O)c1ccc(N)cc1,-2.63
CC(=O)NC(Cc1ccc(OC(C)=O)cc1)C(N)=O,-1.9
O=C(O)COc1c(Cl)c(Cl)c(Cl)c(Cl)c1Cl,-3.75
O=[N+]([O-])c1cc([N+](=O)[O-])c(O)c([N+](=O)[O-])c1O,-3.51
CC(=O)Nc1ccc(S(=O)(=O)NC(C)=O)cc1,-2.78
CCC(C)c1cc([N+](=O)[O-])cc([N+](=O)[O-])c1OC(C)=O,-2.25
CC(C)Cc1ccc(C(C)C(=O)OCC(=O)N(C)CC(N)=O)cc1,-3.41
CCCCCCCCCCCCCCCCCC[N+](C)(C)C.[Br-],-3.6161271205
CC(C)=CCC/C(C)=C\CO,-2.3206011661000003
CCCCC(CC)COP(=S)([S-])OCC(C)C.CCCCC(CC)COP(=S)([S-])OCC(C)C.[Zn+2],-2.9581950472000003
CC(C)CCCCCOC(=O)CCS,-4.4543816995
O=[Si]([O-])[O-].O=[Si]([O-])[O-].[Al+3].[Na+],-3.4731390517
C=C(C)C(=O)[O-].[Zn+2],-2.3632080977000003
CCC(C)OP(=S)([S-])OC(C)CC(C)C.CCC(C)OP(=S)([S-])OC(C)CC(C)C.[Zn+2],-2.9908768679000004
CCCCCCCC/C=C\CCCCCCCC(=O)O.NCCNCCO,-4.8091341894
CCCCCCCCCCCCOC(=O)C(C)O,-4.6341446203
NO,-0.763033718
C=CCCCCCCCCC(=O)O,-3.5528261452
C[N+](C)(CCCNS(=O)(=O)CCC(F)(F)C(F)(F)C(F)(F)C(F)(F)C(F)(F)C(F)(F)F)CC(=O)[O-],-4.0571851475
[Mo],-4.2038484637
C=COC(=O)CCCCCC(C)(C)C,-4.581332510899999
CCCN(CCC)C(=O)SCC,-2.7031744039
O=P([O-])([O-])[O-].O=P([O-])([O-])[O-].O=P([O-])([O-])[O-].[Ca+2].[Ca+2].[Ca+2].[Ca+2].[Ca+2].[OH-],-4.1419008964
CC(=O)OC/C=C(/C)CCC=C(C)C,-3.7549532157
O=C(CCS)OCC(COC(=O)CCS)(COC(=O)CCS)COC(=O)CCS,-5.1231687481
CCCCCCCCCCCCCCCCCC(=O)OCC(COC(=O)CCCCCCCCCCCCCCCCC)OC(=O)CCCCCCCCCCCCCCCCC,-5.4730005799
CCOC(=O)CC(C)CC(C)(C)C,-3.8230431676
O=[Si]([O-])[O-].[Ca+2],-2.6500869941
[Al+3].[Al+3].[Mo].[Mo].[O-2].[O-2].[O-2].[O-2].[O-2].[O-2].[O-2].[O-2].[O-2],-4.2291529922
CF,-0.1758743764999999
CCCC(CCC)C(=O)O,-1.8579774272
C[Si](C)(C)O[Si](C)(C)C,-4.909505216
C=C(F)C(F)(F)F,-2.7599573667
S=[W]=S,-4.1391336425
O=[Si]([O-])[O-].[Pb+2],-6.6197116003
CCCOCC(C)OCC(C)O,-0.0700526508
CCCCCCCC/C=C\CCCCCCCC(=O)O.NCCNCCN,-4.4100874366000005
C=COC(=O)C(CC)CCCC,-4.1519109764
C=C(C)C(=O)NCNC(=O)C(=C)C,-1.1892367555
CO[Si](CCCN=C=O)(OC)OC,-3.2569810012
CCO[Si](CCCCl)(OCC)OCC,-3.3285834497000004
CCCCCCCC/C=C\CCCCCCCC(=O)OCC(O)COB(O)O.CCCCCCCC/C=C\CCCCCCCC(=O)OCC(O)COB(O)OCC(O)COC(=O)CCCCCCC/C=C\CCCCCCCC.CCCCCCCC/C=C\CCCCCCCC(=O)OCC(O)COB(OCC(O)COC(=O)CCCCCCC/C=C\CCCCCCCC)OCC(O)COC(=O)CCCCCCC/C=C\CCCCCCCC,-5.345705158
CCO[Si](CCCSSCCC[Si](OCC)(OCC)OCC)(OCC)OCC,-5.6765418086000015
CCCCCCCCCCCCCCCC(=O)NCC(=O)O,-5.593122621900001
CC(CCN(CCC(C)CC(C)(C)C)C(=S)S[Zn]SC(=S)N(CCC(C)CC(C)(C)C)CCC(C)CC(C)(C)C)CC(C)(C)C,-6.1025269393
CCCCC(CC)CNC(=O)CCCCCC(C)C,-5.731545252999999
CCN(CC)C(=O)C(Cl)=CCOP(=O)(OC)OC,0.523
CC(C)CCCCCCCOC(=O)CCCCCCCCC(=O)OCCCCCCCC(C)C,-7.2523945018
CCCCCCCC/C=C\CCCCCCCC(=O)O.CCCCCCCC/C=C\CCCCCCCC(=O)O.CCCCCCCC/C=C\CCCCCCCCNCCCN,-8.2501920599
O=[V]=O,-4.4002500912
CCCCC(CC)C(=O)O[Co]OB(O[Co])O[Co](OC(=O)C(CC)CCCC)OC(=O)C(CC)CCCC,-1.8254561435
[Ca+2].[Mg+2].[O-2].[O-2],-1.9883562334
CC(=O)/C=C/C=C(\C)CCC=C(C)C,-3.2972120668
[Mg+2],-2.4020693383
O=[Ca],-1.7683268794999998
O.O=S(=O)(O)O.[Pb],-4.226296415899999
[Ca+2].[OH-].[OH-],-1.9107299257
O=P([O-])([O-])[O-].O=P([O-])([O-])[O-].O=P([O-])([O-])[O-].O=P([O-])([O-])[O-].[Si+4].[Si+4].[Si+4],-3.0559869634
CCCCCCCl,-3.1223887332
C=C(C)C(=O)OCC(F)(F)F,-2.2684756839
O=[N+]([O-])O[Bi](O[N+](=O)[O-])O[N+](=O)[O-],-2.642008137
CCCCCCC(C)=O,-2.1536963273
CCCCC/C=C/CC(CC(=O)O)C(=O)O,-2.4042405739
C/C=C/C(CCC)(C(=O)O)C(CCC)(CCC)C(=O)O,-3.4953596006
[Ba+2].[Fe+3].[Fe+3].[Fe+3].[Fe+3].[Fe+3].[Fe+3].[Fe+3].[Fe+3].[Fe+3].[Fe+3].[Fe+3].[Fe+3].[O-2].[O-2].[O-2].[O-2].[O-2].[O-2].[O-2].[O-2].[O-2].[O-2].[O-2].[O-2].[O-2].[O-2].[O-2].[O-2].[O-2].[O-2].[O-2],-8.7448595438
[K+].[K+].[O-2].[O-2].[O-2].[Ti+4],-5.5836431263
C=CC(=O)OCC(CC)CCCC,-4.2832046138
CCCCC(CC)COP(=S)([S-])OCC(CC)CCCC.CCCCC(CC)COP(=S)([S-])OCC(CC)CCCC.[Zn+2],-4.9288559714
CCS,-0.8459165595999999
CCCCC(CC)COC(=O)OOC(=O)OCC(CC)CCCC,-2.5951754429
CC(C)=CCC[C@@H](C)CC=O,-3.243750947
CCCCBr,-2.1977641867
CCCCCCCCCCCC(=O)N[C@@H](CCC(=O)O)C(=O)[O-].[Na+],-3.6091104804
COC(OC)C(C)(C)CC=C(C)C,-3.3397616042
C#CC(C)(O)CC/C=C(\C)CC,-2.3027678878
C=C(C)C(=O)OCCC[Si](OC)(OC)OC,-3.4779807224
CCCCCOC(=O)CC,-2.2505224040000003
FC(F)=C(F)Cl,-2.1609542979
CCCCCCCCCCCCOCCO,-1.4593774078
NCCCCCCCCCCC(=O)O,-2.4007753619
CCCC[Sn](CCCC)(CCCC)CCCC,-4.596065772
C[O-].C[O-].[Mg+2],-3.9943699512
[Cd+2],-4.1112934221
CCC(C)(OOC(C)(C)C)OOC(C)(C)C,-4.4507609201
CCO,1.2336682179
CCC(C)(CCC(C)C)C(=O)[O-].CCC(C)(CCC(C)C)C(=O)[O-].[Co+2],-2.7160174073000003
CCCOC(=O)CC,-0.82
CCCCC/C=C/CCC=O,-3.301742894
CC(F)(F)F,-2.043101387
CCCCCC(=O)OC,-1.87
CN=C=S,-0.9832225904
CC(C)CCCCCCCO,-3.3243784972
CCC(=O)[O-].CCC(=O)[O-].[Co+2],-0.4376623173
CCCCCCCCC(=O)OC,-3.38
CC(C)CCCC(C)(C)O,-2.2869836341
CCCCCCCC(=O)OC,-3.17
CCN(CC)CC,-0.1376829835
CCCCCCCC/C=C\CCCCCCCCNCCCNCCCN,-3.7183913352
CSC,-0.9312189022
CNC(=S)[S-].[Na+],0.747325108
CCCC(=O)OCC,-1.36
CCCC[Sn](CCCC)(CCCC)O[Sn](CCCC)(CCCC)CCCC,-3.9228515135
CCCCC,-3.006984006
CCCCOC(C)=O,-1.2199585633
O=[Pb],-3.5023551324
O=P([O-])([O-])[O-].O=P([O-])([O-])[O-].[Ca+2].[Ca+2].[Ca+2],-4.6051146656
CC[N+](=O)[O-],-0.22
CCCCCCCCCCCCCCCCCC[NH+](C)C.[Cl-],-4.6786900339
CCCC[N+](CCCC)(CCCC)CCCC.[Br-],1.3320248442
[Cd+2].[OH-].[OH-],-3.3236333941
CC(C)=CCC/C(C)=C/CO,-2.3519095035
CCCCOCCOP(=O)(OCCOCCCC)OCCOCCCC,-2.7785623319
CCCCCCOC,-2.2450853258000003
C=CC(C)(O)CC/C=C(\C)CC,-2.4091286640000003
CCCCC(CC)C(=O)OCC,-3.423291255
[OH-].[OH-].[Zn+2],-2.1858288548
C/C=C/C,-1.9394650737
OCC(O)C(O)C(O)CO,0.6252744890999999
C=CC(=C)C,-2.0257332357
CCCCCCCC/C=C/CCCCCCCCNCCCNCCCNCCCN,-3.8360757577
CC(C)CCCC(C)CCO,-3.3932597866000003
CC/C=C(\C)C(O)CCCCC,-3.4318638977
CCCCOC(=O)CCC,-2.3610477791
[Re],-0.4755079565
O=P([O-])([O-])[O-].[Sr+2],-3.4683853884
C=C/C=C/CC/C=C/CC,-3.34190657
OC/C=C\CO,0.8466851642000001
C=C(C)C(=O)OCCOCCOCCOCC,-0.6030114261
CCCCCCCCCC(=O)O,-3.4452161366000005
CC(C)C,-2.977604072
CCCC,-2.977604072
CC,-2.6913820060000004
[F-].[F-].[H+].[NH4+],1.0233941334
CCCCCCCC/C=C\CCCCCCCC(=O)N(CCCC)CCCC,-4.788985440799999
CCCCCCCCCOC(C)=O,-4.4708606495
CC/C=C\CCOC(=O)C/C=C\CC,-4.5097094839
CCCCCCCCCCCC(=O)OCC(O)CO,-4.6602344394
CCCCCCCCCCCC,-6.41
CCCCCCCCCCCCCC,-7.456
C=CBr,-1.275
C=COCC,-0.858
CC(C)=CCC/C(C)=C/C=O,-2.4116682055000003
COP(=O)(OC)OC=C(Cl)Cl,-1.344
CC(C)=CCC(C)(C)C(=O)C(C)C,-3.4892158636
C[N+](C)(C)CCCl.[Cl-],0.799
O=C([O-])[O-].O=C([O-])[O-].[OH-].[OH-].[Pb+2].[Pb+2].[Pb+2],-5.5472319177
CNC,1.558
CCCCCCCCC(O)CO,-2.4785789552
O=C(O)C(Cl)(Cl)Cl,0.519
ClCCCCCCCl,-3.4346473299
[I-].[NH4+],1.0867760203
NC(N)=O.O=P(O)(O)O,0.5376020021
NC(N)=O,0.9578400994
[C-]#[O+].[C-]#[O+].[C-]#[O+].[C-]#[O+].[C-]#[O+].[Fe],-3.2920233513
C=CC(=O)OCCC(C)CCOC(=O)C=C,-2.6214335505
O=CC(O)CO,-0.489
C.O=S(=O)(O)O,-3.3330935045
FC(F)(F)C(F)(F)F,-2.4239072122
CC(C)=CCC/C(C)=C\CCC=O,-3.5383035446
CCOS(C)(=O)=O,0.402
CC(=O)C=C(C)[O-].CC(=O)C=C(C)[O-].[Co+2],-1.6975300994
O=C(O)CC(S)C(=O)O,0.522
C=CCl,-1.36
C=CF,-0.276
FC(F)(F)C(F)(F)Cl,-3.411
O=[Mo](=O)([O-])[O-].[Co+2],-2.6343205414
FC(F)(F)C(F)(F)C(F)(F)F,-4.518
CC(C)CBr,-2.432
C=C[Si](C)(OC)OC,0.5776235848
CCC(C)C,-3.1630000000000003
CC(C)[N+](=O)[O-],-0.615
C=CC(=O)OCC(CC)(COC(=O)C=C)COC(=O)C=C,-2.772789495
CC(C)CC(=O)CC(C)C,-2.4540578458
ClCC(Br)CBr,-2.374
OC(CCl)CCl,-0.115
CCCCCCCC/C=C/CCCCCCCCN(CCO)CCO,-4.7801182897
O=C(O)CC(CC(=O)O)C(=O)O,0.275
C=CC(=O)OCCC[Si](OC)(OC)OC,-4.6063887787
CCCCCCCCCCCO,-4.4804406676
[Ba+2].[O-][B][O-],-2.3407335191
CCCOC(=O)CCC,-1.905
CCCC(C)C,-3.74
CCCCC(CC)COC(=O)OOC(C)(C)C,-4.6599585126
CC(C)CC(O)CC(C)C,-2.1590000000000003
C=CCNC(N)=S,-0.294
C=COC=C,-1.261
CCCCCCCCCCCC(=O)[O-].CCCCCCCCCCCC(=O)[O-].[Zn+2],-4.9505314842
CCCCCCCCCCCCCCCCCC(=O)O.NCCNCCNCCNCCN,-4.9604194489
NCCNCCNCCN,0.835
NCCNCCNCCNCCN,0.723
CCS(=O)(=O)C(C)(C)S(=O)(=O)CC,-1.927
FC(Br)C(F)(F)F,-1.901
C=CC(=C)CCCC(C)(C)OC(C)=O,-3.5974164985000003
O=[N+]([O-])C(CO)(CO)CO,0.821
CCCCCCCCCCCCCCCCCC[N+](C)(C)C.[Cl-],-3.8514567881
CCCN(CCC)CCC,-2.4722202552000003
N,1.4518068893
C=COCC(F)(F)F,-1.4780000000000002
CC(C)CCOC(=O)CC(C)C,-3.5540595352999995
CCCCCC(CO)CCC,-3.5181985232
C/C(=C\C(=O)O)C(=O)O,-0.6940000000000001
O=S(=O)(O)CS(=O)(=O)O,0.754
O=C(O)[C@H](O)[C@@H](O)C(=O)O.[Ca+2],-2.6024346943
CC(C)(C)Cl,-1.507
[Cl-].[Cu+],-3.3235329498
[Ni+2].[O-][Mo+2]([O-])([O-])[O-],-1.6720680623
CC(C)CCl,-2.0
FC(F)C(F)(F)F,-1.4164957907
OC[C@H](O)[C@@H](O)C(O)[C@H](O)[C@H](O)CO,-0.517
CCCCC(CC)C(=O)OOC(C)(C)C,-3.6695176909
CCOC(=O)NCC(C)C,-0.768
CCCCCOC(=O)CCC,-2.467
CC(=O)NCC(=O)O,-0.649
CC(C)C(C)(C)O,-0.411
CC(C)(C)C(C)(C)O,-0.723
CC(C)(C(=O)O)C(=O)O,-0.1669999999999999
CC(C)(CC(=O)O)C(=O)O,-0.32
CCCC(C)(O)CC,-1.001
CC[NH+](C)CC,0.713
CCCCC(O)CCCC,-2.49
CCCC(C)Cl,-2.63
CCCCCCCC(C)O,-2.744
CCCCCCO,-1.382910122
O=C(O)CC(Br)C(=O)O,-0.215
CC/C(C)=C/CC/C(C)=C/C#N,-3.5896411422
COC(C)(C)C,-0.3235268543
C#CCCCC#C,-1.747
CC(C)CCCCCCO,-2.487
C#CCCCCCCC,-4.093999999999999
CCCCCC(O)CCC,-2.591
C/C(Cl)=C\C(=O)O,-0.605
CCOC(=O)CC(=O)C(F)(F)F,-1.6630244633000002
O=[N+]([O-])OCCOCCO[N+](=O)[O-],-1.6904508209
C[C@H](C(=O)[O-])[C@@H](C)C(=O)[O-],-0.688
CCCCCOC(=O)CCCC,-3.6244813037
CCCC(CC)(CC)CO,-2.419
O=C([O-])C(=O)[O-].[Ni+2],-3.556228502
CCCC(CC)CCCCCCCN,-3.6976259568
O=C(O)CCCCCCCCCCC(=O)O,-3.7602414897
CC(Cl)=CCl,-1.614
CC(O)CSCCCCCCCCC(C)(C)C,-4.7309406924
CCCCCCCCCCCC(=O)O,-4.6195835711
[Lu+3].[Lu+3].[O-2].[O-2].[O-2],-4.9185665359
CCCCC(CC)COC(=O)CS,-4.635481621399999
CCOC(=O)/C=C(C)/C=C/CC(C)CCCC(C)C,-5.693
CCCCCCCCCC(=O)OC,-4.6267485225
O=C([O-])[O-].O=C([O-])[O-].O=C([O-])[O-].[Pr+3].[Pr+3],-5.0220270242
CCCCN(CCCC)C(=O)N(CCCC)CCCC,-4.8205954965
CCC(C)(C)C,-3.55
CC=CCC,-2.54
CC=CCCCC,-3.82
CCN(CC)C(=S)SSC(=S)N(CC)CC,-4.8603775493
C#CCCCC,-2.36
CCCC[Sn](=O)CCCC,-4.7940381830000005
CCCCC(CC)C(=O)[O-].CCCCC(CC)C(=O)[O-].CCCC[Sn+2]CCCC,-5.1134043257
ClCCl,-0.63
ClC(Cl)Br,-1.54
ClC(Br)Br,-1.9
CC(C)CCCC(C)CC#N,-3.5877591379
O=[Mo](=O)([O-])[O-].[Ca+2],-3.7036943449
BrCCBr,-1.68
CC(=O)CC/C=C(\C)CCC=C(C)C,-3.6974484249
C=CCOC(=O)CCCCC,-2.6105517594
CCCI,-2.29
CCCCCl,-2.03
C=CC(=O)O[Si](C(C)C)(C(C)C)C(C)C,-4.9437379631
CC(C)OC(=O)CCC(=O)OC(C)C,-1.7293168462
CC(Cl)C(C)(C)Cl,-2.69
ClC=CCl,-1.3
NC(=O)C(F)(F)F,-1.4850227408
IC=CI,-3.22
ClC=C(Cl)Cl,-1.96
CCCCCCC#CC(=O)OC,-3.6518876662
CCCCCCCCCCO,-3.6312380365
ClC(Cl)=CC(Cl)=C(Cl)Cl,-4.23
CC(C)CO,0.04
CCCC(C)CO,-1.11
CCC(C)(C)CO,-1.04
CCC(CC)CO,-1.17
CCCCCCCC/C=C\CCCCCCCCNCCCN,-3.9550420009
CCC(C)C(C)(C)O,-0.89
CCC(O)(CC)CC,-0.85
COC,0.8843659201
CCC=O,0.58
O=P[O-].O=P[O-].[Ba+2],0.1236633717
BrCCCCBr,-2.7902167817000003
CCCCC=O,-0.85
CCCCOC(=O)CCCCC(=O)OCCCC,-3.8681538696
CCCCCC=O,-1.3
CC=CC=O,0.32
CCC(C)=O,0.52
CC(=O)[O-].CC(=O)[O-].[Co+2],0.2936043702
C=CC(=O)OCCCCCCOC(=O)C=C,-2.8193366955
CCCCCCCCCC(=O)N(C)C,-2.7681111795
CCCCCCCC(=O)O,-2.3
CC=CC=CC(=O)O,-1.77
CCCOC=O,-0.49
CCCOC(C)=O,-0.72
CCOC(=O)CC(=O)OCC,-0.82
C=CC(=O)OC,-0.22
CCCCC(=O)O,-0.490652149
C=CC(=O)OCC,-0.74
CCCCC(C(=O)OCC)C(=O)OCC,-2.8164963969
C=C(C)C(=O)OC,-0.8
CCOCCOCC,-0.77
CCCCCCCCCCC(C)CCCCCCCC,-6.4511045339
NC(=O)N=NC(N)=O,-3.5462434596
ClCCOCCCl,-1.12
CCCCCCCN,-1.85
[C-]#[O+],-2.9287991689
CCC(C)(C)Cl,-2.5105450102
N#CCN(CC#N)CCN(CC#N)CC#N,-2.8204043469
CC(F)F,-1.3147228436
CCC(C)(O)CCCC(C)C,-2.6942897822000003
FC(F)(F)Br,-2.6677709688
CC(C)CCCCCOP(=S)([S-])OCCCCCC(C)C.CC(C)CCCCCOP(=S)([S-])OCCCCCC(C)C.[Zn+2],-4.3707014658
CC(C)=CCC/C(C)=C/COC=O,-3.7461507617
O.O.O.O.O=S(=O)([O-])[O-].[Pb].[Pb].[Pb].[Pb].[Pb],-4.5661230993
CCC[N+](=O)[O-],-0.8
N=C(N)NCC(=O)O,-1.51
CC(C)(C#N)N=NC(C)(C)C#N,-2.7132509977
C=CC(=O)OCC(C)CC,-2.6532064055
CCCCSP(=O)(SCCCC)SCCCC,-5.14
N#CCCCl,-0.29
CC=CCC#N,-0.96
CC(=O)[CH-]C(C)=O.CC(=O)[CH-]C(C)=O.CC(C)[O-].CC(C)[O-].[Ti+4],-2.0700509817
CN(C)C(=S)SC(=S)N(C)C,-2.8302990647
CC(C)=CCC[C@@H](C)CCO,-2.7067344575
CCC(=O)C(C)CC=C(C)C,-2.7010952437
O=CC(Cl)(Cl)Cl,-0.691340871
CCC(C)CO,-0.4681010618999999
CC(C)CCO,-0.4681010618999999
O=[Mo]=O,-3.7396436363
CCCCCCCCO,-2.6375931207
O=[Te]=O,-3.7156062333
CC(=O)NC(N)=O,-0.9
C=CC(C)(CCC=C(C)C)OC(C)=O,-3.8157769203
O=S(=O)(CCl)CCCl,-1.5
O=C([O-])[O-].O=C([O-])[O-].O=C([O-])[O-].[Ce+3].[Ce+3],-5.0664023631
CCCCC(CC)COC(C)=O,-4.6451400046
CCCCCCCCC(C)C#N,-4.6324209502
C=CCSS(=O)CC=C,-0.83
C=CCCCC(C)C,-4.458990177
CCCCCOC(N)=O,-1.47
CCCCOCCOC(=O)CCCCC(=O)OCCOCCCC,-4.9587331394
CC(C)(C)COC(N)=O,-0.8
OCC(O)C(O)C(O)C(O)CO,1.09
O=C([O-])[O-].O=C([O-])[O-].O=C([O-])[O-].[Nd+3].[Nd+3],-5.1084204387
CCCCCCOC(N)=O,-1.92
[Gd+3].[Gd+3].[O-2].[O-2].[O-2],-5.0152363724
C=CC(C)(CCC=C(C)C)OC(=O)C(C)C,-4.8105849842
CCCCC(CC)C(=O)OCC(C)(C)COC(=O)C(CC)CCCC,-5.0206378696
[O-2].[O-2].[O-2].[O-2].[O-2].[Pb+2].[Ti+4].[Zr+4],-5.0982221528
C=C(Cl)CSC(=S)N(CC)CC,-3.39
CCCCC(=O)CC(C)=O,-1.56
CCCC(C(C)=O)C(C)=O,-0.88
CC(=O)CC(=O)C(C)(C)C,-1.63
CCCCCCCOC(N)=O,-2.62
CC(C)(C(=O)O)C(C)(CC(=O)O)C(=O)O,-0.29
CNC(=O)ON=C(CSC)C(C)(C)C,-1.62
C=C(C)C(=O)OCC(CC)CCCC,-4.8059741607
CCCCC(CC)CCl,-4.6808820955
CCCCCCCCOC(N)=O,-3.3
C.CCCCCCCCCCCCO,-4.8148101896
C=CC(=O)OCCCCCCCCCCOC(=O)C=C,-4.9608754545
CC(C)=CCCC(C)=CC=O,-2.06
CCCCC(CC)COC(=O)CS[Sn](C)(SCC(=O)OCC(CC)CCCC)SCC(=O)OCC(CC)CCCC,-5.3942922935
O=C(Cl)OCCOCCOC(=O)Cl,-4.8865490032
O=C([O-])C(=O)[O-].O=C([O-])C(=O)[O-].O=C([O-])C(=O)[O-].[Lu+3].[Lu+3],-5.3110386285
C=CC(=O)OCCCOCC(C)(C)COCCCOC(=O)C=C,-3.0495421403
CCCCCOC=O,-1.6020599913
CCCCCCCCCCCC(=O)OC,-4.69
C=C(C)C(=O)OCCCCCC,-3.7554210341
CCCCCCCCCC=O,-3.7255255026
CC(=O)OC/C=C(\C)CCC=C(C)C,-3.8305001771
C=CC(C)CC/C=C(\C)CCC=O,-3.7935760497
COC(=O)C(F)(F)F,-0.6479837034
CCC(C)CCCC(C)(C)O,-2.7493446847000005
COC(C)(C)CCCC(C)CC=CC(C)=CC(=O)OC(C)C,-5.19
CCCCCCCC/C=C/CCCCCCCC(=O)O.NCCO,-3.0888344498
CCCCCCCCCCCC(=O)N(C)C,-3.9093070505
CCCCCCCCCCCCCCN(C)C,-3.9356925608
CCCCl,-1.4534068203
CC(C)CC(C)OP(=S)([S-])OC(C)C.CC(C)CC(C)OP(=S)([S-])OC(C)C.[Zn+2],-2.3189749133
CC(Cl)CCl,-1.6216647134
CC(C)CCOCCC(C)C,-3.7601070667
ClC(Cl)(Cl)Cl,-2.31
BrC=CBr,-1.32
CC(C)COP(=O)(OCC(C)C)OCC(C)C,-3.0021546468
C=C(C)C,-2.3290690398
C=C[C@@H](COC(C)=O)OC(C)=O,-0.8176814122
CC(C)C(C)CO,-0.39
CCOC(=O)CC,-0.66
CCCCCCCC/C=C/CCCCCCCC(=O)NCCCN(C)C,-4.1492593891
CCCCOCCO,-0.42
C#CC(C)(O)CCC=C(C)C,-1.7720804309
CCCCCCN,-1.1
CCCCCCCCN,-2.75
CCCCC(CC)CN,-1.7134804626
CC(C)N(C(=O)SCC(Cl)=CCl)C(C)C,-4.08
NC(=O)CC(N)C(=O)O,-0.74
CCC(=O)[O-].[Zr+4],-2.8232791914
CC(=O)CC(=O)CC(C)C,-1.6
C=C(C)C(=O)OCCCCOC(=O)C(=C)C,-2.969024542
O=C(O)CCCCCCCC(=O)O,-1.8944614494
CC(C)CCCC(C)CC=O,-3.8064830067
CCCBr,-1.7107562487
O=P(OCCCl)(OCCCl)OCC(CCl)(CCl)COP(=O)(OCCCl)OCCCl,-3.4001753553
C=CC(C)(CCC=C(C)C)OC(C)OCC,-3.9764017843
C=CC(C)(O)CC/C=C(\C)CCC=C(C)C,-3.9853522661
C=C(C)C(=O)OCCCCCCOC(=O)C(=C)C,-4.0436629248
O=C([O-])CCCCCCCCC(=O)[O-].[Na+].[Na+],-3.0410647254
C=C(C)C(=O)OCCOCCOCCCC,-2.0159485066
CCCCCO,-0.6027996358
C=CCOC(=O)C(=C)C,-1.7584817871
FC(F)(I)C(F)(F)C(F)(F)C(F)(F)I,-3.314476262
Cl/C=C\CCl,-1.706753006
CCO[Si](CC(C)C)(OCC)OCC,-3.016846171
S=C=S,-1.5594220963
CCCCCCCC(OC)OC,-2.9180054187
C=CCCCCCCCCC=O,-3.8931862
[Na+].[O-][Cl+3]([O-])([O-])[O-],-1.7665284956
CCCCC(CC)COC(=O)CCCCCCCCC(=O)OCC(CC)CCCC,-3.3290743264
[As],-2.5735793664
CCN(CC)S(=O)N(CC)CC,-1.28
C=C(C)C(=O)OCC(CC)(COC(=O)C(=C)C)COC(=O)C(=C)C,-4.2262342969
CC(C)C(NCCC#N)C(=O)O,-1.12
CCC(C)C(NCCC#N)C(=O)O,-0.98
CC(C(=O)O)N(CCC#N)CCC#N,-0.17
O=[N+](O)OCCCCO[N+](=O)O,-1.68
CCCCOP(=O)(OCCCC)OCCCC,-2.85
O=[Zn],-4.448167714599999
CC(CCO[N+](=O)O)O[N+](=O)O,-1.66
NCC(=O)NCC(=O)NCC(=O)O,-0.53
CC(CC(C)O[N+](=O)O)O[N+](=O)O,-2.22
O=[N+](O)OCCCCCO[N+](=O)O,-2.19
[O-2].[O-2].[O-2].[Sb+3].[Sb+3],-5.0237548039
CC(C)CC(C(=O)O)N(CCC#N)CCC#N,-1.14
O=P([O-])([O-])[O-].O=P([O-])([O-])[O-].[Zn+2].[Zn+2].[Zn+2],-5.1553472856
CC(CCC(C)O[N+](=O)O)O[N+](=O)O,-2.68
CC(O)C(O)C(O)C(O)C=NNC(N)=O,-0.7
CCCCC(CC)C(=O)[O-].[Mo],-3.4351686053
NC(CSCCSCC(N)C(=O)O)C(=O)O,-2.85
CCCCCCOC(=O)CCCCC(=O)OCCCCCC,-5.082600348500001
CCCCC(CC)COC(=O)CS[Sn](CCCC)(CCCC)SCC(=O)OCC(CC)CCCC,-5.3942867121
NC(CSCCCSCC(N)C(=O)O)C(=O)O,-2.49
NC(CSCCCCSCC(N)C(=O)O)C(=O)O,-3.62
CCCCC(CC)CCCCCC(C)CCCC(=O)O,-5.0561178371
C#CC(C)(O)CCCC(C)CCCC(C)C,-4.953059618999999
[Gd],-4.7986506454
FC(F)=C(F)OC(F)(F)C(F)(F)F,-4.9542967929
C=C(C)CC(C)(C)C,-4.688326948
CC(C)CC(NC(=O)C(C)NC(=O)CN)C(=O)NC(C(=O)O)C(C)C,-2.13
O=[Si]([O-])[O-].O=[Si]([O-])[O-].O=[Si]([O-])[O-].[Al+3].[Mg+2].[Na+],-5.1305146868
CC(C)(C)OOC(C)(C)C#CC(C)(C)OOC(C)(C)C,-5.1145685291000005
CCCCCCC(CCCC)C(=O)O,-4.959305966700001
CCCCC(NC(N)=O)C(=O)O,-2.16
CCCCCCC(O)CCCCCCCCCCC(=O)[O-].CCCCCCC(O)CCCCCCCCCCC(=O)[O-].[Ca+2],-5.463097207000001
CCCCCCCCCCCCCCCCCC(=O)[O-].CCCCCCCCCCCCCCCCCC(=O)[O-].[Ca+2],-5.440787474
CCCCOC(=O)CCC(C)(OOC(C)(C)C)OOC(C)(C)C,-5.1898813447
CC(C)CC(NC(=O)CN)C(=O)O,-0.43
CCC(SC(CC)C(=O)O)C(=O)O,-0.71
CC(SCSC(C)C(=O)O)C(=O)O,-1.82
O=[Cd],-4.7863829333
CC(C)C(N)C(=O)NC(C(=O)O)C(C)C,-0.4
CCCCCCCCCCOC(C)=O,-4.9857583021
C=CC(=O)OCCN(C)S(=O)(=O)C(F)(F)C(F)(F)C(F)(F)C(F)(F)F,-5.3087460931
CC(=O)NC(CCC(=O)O)C(=O)O,-0.71
FC(F)(F)C(Cl)(Cl)Cl,-4.3331923932
CC(C)CCCCCCCCCCO,-5.0007940326
CCOC(=S)SC(CC(N)=O)C(=O)O,-1.7
O=[Zr].[CaH2],-4.8730792601
CC(C)OC(=O)CCCCCCCCC(=O)OC(C)C,-5.1559612143
CC(C)CC(N)C(=O)NC(CC(C)C)C(=O)O,-0.69
CCCCCCC(O)CCCCCCCCCCCO,-5.1560946306
C=CCSC(CCC(SCC=C)C(=O)O)C(=O)O,-2.2
CCCCCCCCCCCCCCCCOP(=O)([O-])O.[K+],-3.2602593536
CC(C)CC(Br)C(=O)NC(C)C(=O)NC(C)C(=O)O,-1.43
CCC(=O)OCCC(C)C,-2.8700736410000003
COC(OC(C)=O)C(OC(C)=O)C(OC(C)=O)C(COC(C)=O)OC(C)=O,-1.82
OC(=S)CCCCCCC(O)=S,-2.24
C=CC(O)CCCCC,-1.8219317146
FC(F)=C(F)C(F)(F)F,-2.8887982833
CCCC(=O)NNC(=O)CCC,-1.0
CCN(CC)S(=O)(=O)N(CC)CC,-1.14
CCCCCCCCCCOC(=O)C(C)O,-3.06
NC(=O)NCCCCCC(=O)O,-2.16
CC(F)(F)Cl,-1.7233908536000002
OC(=S)CCCCCCCCC(O)=S,-3.07
FCF,-1.4374417919999998
CCCCC(=O)NNC(=O)CCCC,-2.16
CCOC(=O)CNC(C)=CC(C)=O,-0.59
CCC(CO[N+](=O)O)O[N+](=O)O,-1.89
C[Si](C)(C)C,-3.6533405182
CCCCCCCCOC(=O)C(C)OC(C)=O,-3.39
CC(=O)OCCC(C)CC(C)(C)C,-3.9891678317
CCCC(C)(COC(N)=O)COC(N)=O,-1.74
CC(C=NNC(N)=O)=NNC(N)=O,-1.95
CCCCS(=O)(=O)NS(=O)(=O)CCCC,-0.76
CC(O)C(=O)NCCCCCCNC(=O)C(C)O,-0.7
CCOC(=O)OCC,-0.7982097075
CCCCCCS(=O)(=O)NS(=O)(=O)CCCCCC,-2.2
CC(=O)OC(OC(C)=O)C(OC(C)=O)OC(C)=O,-2.1
O=C(NCCCCCCNC(=O)OCCO)OCCO,-0.92
CCCCCCCCP(=O)(O)O,-3.0148095518
CCCS(=O)(=O)C(S(=O)(=O)CCC)S(=O)(=O)CCC,-1.95
O=C(NCCCCCCNC(=O)OCCCCO)OCCCCO,-1.93
[Pb],-3.0492180227
CCCC(=O)OCCC(C)C,-2.9328521233
ClCCCBr,-1.9401514115
OC(O)C(Cl)(Cl)Cl,1.0371672978
CC(C)OC(=O)CCCCC(=O)OC(C)C,-3.1070289759
O=[N+](O)OCCCCCCCO[N+](=O)O,-3.4
O=[N+](O)OCCCCCCCCO[N+](=O)O,-4.14
OCCC(F)(F)C(F)(F)C(F)(F)C(F)(F)C(F)(F)C(F)(F)F,-4.2870640225
C=CC(C)CCCC(C)(C)OC(C)=O,-4.0301641261
O=P(OC(CCl)CCl)(OC(CCl)CCl)OC(CCl)CCl,-4.3767049743
O=[N+](O)OCCCCCCO[N+](=O)O,-2.77
[I-].[Na+],1.0777960404
CCCCNC(=O)OCC#CI,-3.2033373628
CC(C)(C)OOC(C)(C)C,-2.9320403696
CCCCCCCCC(CO[N+](=O)O)O[N+](=O)O,-5.72
CCCCC(CC)C(=O)OOC(C)(C)CC,-4.116871778
CCCCCCCC(C)=O,-2.9303113789
CC(C)COP(=S)([S-])OCC(C)C.CC(C)COP(=S)([S-])OCC(C)C.[Zn+2],-2.5192483347
CC(=O)CC(C)=NCCN=C(C)CC(C)=O,-2.83
CCCCCCCCCCN(C)C,-4.0452878346
CCOC(=O)CCSP(=S)(OC(C)C)OC(C)C,-4.2747784981
CCCCCCC(C)(C)S,-3.9901601094
CC(C)=CCCC(C)CCOC=O,-4.0559608323
CCCCCCCCC(C)C=O,-4.0270844645
O=[Se]([O-])[O-].[Zn+2],-4.0799654344
CCCCCCCC(=O)NCC(=O)O,-2.1115375925
O=[Si]=O,-3.6026675784
CCCCCC#CC(=O)OC,-3.0091327736
O=P[O-].O=P[O-].[Mn+2],-0.0813040923
CC(=O)OCCC(C)CCC=C(C)C,-4.095938730199999
C=CC(F)(F)C(F)(F)C(F)(F)C(F)(F)F,-4.1979376007
C=CC(=O)OCC(CC)(COCC(CC)(COC(=O)C=C)COC(=O)C=C)COC(=O)C=C,-4.4927855243
CCCCCCCC(=O)O.OCC(O)CO,-3.2000007811
CC(C)(C)S,-1.7878458675
CCCCC(CCCC)(CCCC)C(=O)NO,-4.16
[I-].[K+],0.935222717
CN(CCO)S(=O)(=O)C(F)(F)C(F)(F)C(F)(F)C(F)(F)F,-3.4036850425
O=C([O-])/C=C\C(=O)[O-].[Fe+2],-2.0840678994
CCCCCCCCCO,-3.0130118711
C=C/C(C)=C/CC=C(C)C,-3.9729302572
CC(CC(=O)OOC(C)(C)C)CC(C)(C)C,-4.2100961015
CCCCC(CC)CC(CC)(CC)C(=O)NO,-3.35
CCCCOC(=O)CSCSCC(=O)OCCCC,-4.3430778582
CCCCCCCCC(CC)(CC)C(=O)NO,-5.22
CC(C)CC(CC(C)C)(CC(C)C)C(=O)NO,-4.0
CCCCCCC(CCC)(CCC)C(=O)NO,-2.82
CCCCCCCCCCC(C)(C)C(=O)NO,-4.8
COC(=O)OC,0.1852603514
NOS(=O)(=O)O,0.0752827195
CC/C=C/CCOC(=O)OC,-3.0698306477
CCCCCCCCNCC(O)CO,-2.22
CCCCCCCCCNCC(O)CO,-2.64
CCCCCCCCCCNCC(O)CO,-3.11
NNC(N)=S,-0.8457609068
CCC(C)(C)OOC(C)(C)CC,-4.1004353388
CC(C)C(=O)OCC(C)(C)C(OC(=O)C(C)C)C(C)C,-4.333139569
CCCCCCCC[Si](OC)(OC)OC,-4.2461281993
C=CCCCCCC=O,-1.9972521926
CC(C)OC(=O)Cl,-0.9882911293
N.O=C([O-])CC(O)(CC(=O)[O-])C(=O)[O-].[Fe+3],0.6609213970000001
C=CC(=O)OCCCOCC(COCCCOC(=O)C=C)OCCCOC(=O)C=C,-2.5527472821
C#C,-1.3364263766
CCCCC(CC)CO[N+](=O)[O-],-4.1466934911
C=CC(=O)OCCCCCC(C)C,-4.1706554665
S=[Cd],-4.080623481
[Fe+3].[Fe+3].[Mo].[Mo].[O-2].[O-2].[O-2].[O-2].[O-2].[O-2].[O-2].[O-2].[O-2],-4.5716709895
CC(C)(C)CC(C)(C)CC(=O)[O-].CC(C)(C)CC(C)(C)CC(=O)[O-].[Zn+2],-3.5342880969
CC(C)=CCCC(C)CC#N,-3.104157036
CCCCCCCCCCCCCCCCCC.O=P(O)(O)O.[K],-3.5298030639
O=[Si]([O-])O.[K+],-3.0044671735
O.O.O.O.O.O=[Si]([O-])[O-].[Na+].[Na+],-3.2659206297
O=C([O-])[O-].[Cd+2],-2.1796827894
CC/C=C\CCOC(=O)C(C)C,-3.1741873711
CC(C)NC(C)C,0.0362422138
O=C([O-])C(=O)[O-].[Sn+2],-2.2740087187
O=C([O-])[O-].[Mg+2],-2.8845018574
C=C(C)C(=O)OCCOC(=O)NCCC(C)CC(C)(C)CNC(=O)OCCOC(=O)C(=C)C,-4.619923834
CCCCOC(=O)/C=C/C(=O)OCCCC,-4.3135515372
C=C(C)C(=O)OCCOC(=O)C(=C)C,-2.2613132646
C[NH3+].[Cl-],-1.796002246
CCOC=O,0.1514941879
S=[Zn],-2.9676237394
O=C(O)CN(CCCN(CC(=O)O)CC(=O)O)CC(=O)O,-1.4690725372
CCCCCC(=O)O,-1.0522193787
CCCCOC(=O)CC(O)(CC(=O)OCCCC)C(=O)OCCCC,-3.5452709716000004
CCCCC(CC)COC(=O)CC#N,-3.2864784846
O=S(=O)([O-])[O-].O=[Pb].O=[Pb].O=[Pb].[Pb+2],-3.9794501756
CCCCCCCCC=O,-3.1487064763
OCC(F)(F)F,0.9998306582
CCOCCOCCOC(C)=O,0.7539645195999999
C=C[Si](OC(=C)C)(OC(=C)C)OC(=C)C,0.6452233386
OCCCCO,1.0451691789
OCC(O)CO,1.0357686635
CC[N+](CC)(CC)CC.[Br-],0.6774520067
CC[N+](CC)(CC)CC.[Cl-],0.7806565243000001
C[Si]([O-])(O)O.[K+],0.8786634333
CC/C(C)=N/O[Si](C)(O/N=C(\C)CC)O/N=C(\C)CC,-0.4792340167
OO,0.4683422926
CCCCCCCCCCCCCO,-3.3018240282
O=C([O-])CC(O)(CC(=O)[O-])C(=O)[O-].[Bi+3],-4.5597626401
CCCCCC(=O)OC(=O)CCCCC,-4.296805043
CCCCCCCCCC(C)=O,-4.2018206695
CC(C)CCCCCOC(=O)CS,-4.2850368969
C=CCCCCC=C,-4.0232731502
CCCCCCCCCCCCCCCCCC(=O)NCCCN(C)C,-4.5666142382
[Mg+2].[OH-].[OH-],-4.4691448782
CCCCCCCCCCCCO,-4.9847464515
N#C[S-].[Cu+],-4.8040109101
O=C([O-])[O-].O=C([O-])[O-].O=C([O-])[O-].[La+3].[La+3],-5.3958921156
[Nd+3].[OH-].[OH-].[OH-],-5.0353430041000005
[Te],-4.875401753
CCCC(=O)OCCC(C)CCC=C(C)C,-5.142612080899999
CCCCCCCC[Sn](Cl)(Cl)CCCCCCCC,-5.4150412012
[Dy+3].[Dy+3].[O-2].[O-2].[O-2],-5.3675853562
CCCCCCCCCCCC=O,-5.0614595476
CCCCC(CC)C(=O)OCCOCCOCCOC(=O)C(CC)CCCC,-5.4201521344
C=CC(=O)OCCCCCCCC(C)C,-5.1999126975
CCCCCCCCCC(C)C=O,-5.151636178
O=C([O-])C(=O)[O-].O=C([O-])C(=O)[O-].O=C([O-])C(=O)[O-].[Gd+3].[Gd+3],-5.648400548200001
[Y],-4.8349877189
CCCCCCCCCCSC(=N)N,-2.71
[O-2].[O-2].[O-2].[O-2].[O-2].[O-2].[O-2].[O-2].[O-2].[O-2].[O-2].[Pr+3].[Pr+3].[Pr+3].[Pr+3].[Pr+3].[Pr+3],-5.905407864500001
CCCCC(CC)COC(=O)/C=C/C(=O)OCC(CC)CCCC,-5.4565752567
O=[PH]([O-])O.O=[PH]([O-])O.[Ca+2],-5.253149755
CCN(CC)C(=S)[S-].CCN(CC)C(=S)[S-].[Zn+2],-5.5333331166
CCCCCCCC/C=C/CCCCCCCC(=O)N(CCO)CCO,-5.567720212
CC(CCNCCNCCC(C)CC(C)(C)C)CC(C)(C)C,-2.24
CCCCCCCCCCCCCCCCCC(=O)NCCO,-5.5152815814
CCCCCCC(O)CCCCCCCCCCC(=O)O,-5.4883700889
CCCCCCCCCCCC#N,-5.2899699473
C=CCCCCCCCCC(=O)OC,-5.3975153521
[Bi+3].[Bi+3].[O-2].[O-2].[O-2],-5.777924821699999
C=CC(=O)OCCC(F)(F)C(F)(F)C(F)(F)C(F)(F)C(F)(F)C(F)(F)C(F)(F)C(F)(F)C(F)(F)C(F)(F)C(F)(F)C(F)(F)F.C=CC(=O)OCCC(F)(F)C(F)(F)C(F)(F)C(F)(F)C(F)(F)C(F)(F)C(F)(F)C(F)(F)C(F)(F)C(F)(F)F.C=CC(=O)OCCC(F)(F)C(F)(F)C(F)(F)C(F)(F)C(F)(F)C(F)(F)C(F)(F)C(F)(F)F.C=CC(=O)OCCC(F)(F)C(F)(F)C(F)(F)C(F)(F)C(F)(F)C(F)(F)F,-6.4814770267
O=[Y],-5.1756981481
[O-2].[O-2].[O-2].[Y+3].[Y+3],-5.5086432075
CC(C)=CCCC(C)CCCC(C)C=O,-5.496890424
CCCCCCCCCCCCCCCCCCN(CCO)CCO,-5.7752741917
CCCCCCCC(=O)SCCC[Si](OCC)(OCC)OCC,-5.8326804614
COC(=O)C(CO)NC(=O)C(Cl)Cl,-0.06
C/C=C(\C)C(=O)OCCC(C)CCC=C(C)C,-5.7917926889
C=C(C)C(=O)OCCC(F)(F)C(F)(F)C(F)(F)C(F)(F)C(F)(F)C(F)(F)F,-6.058168845700001
C#CCC(NC(=O)OC(C)(C)C)C(=O)NCC(=O)OC,-1.45
CCCCCCCCCCCCCCO,-5.787142557
CCCCCCCC[Sn](Cl)(Cl)Cl,-6.0107803553
[Cu],-5.2979382401
[F-].[F-].[F-].[Nd+3],-5.8937682366
[Na+].[Na+].[O-2].[O-2].[O-2].[Ti+4],-5.805457995399999
C=C[Si](C)(C)O[Si](C)(C)C=C,-5.9544825522
CCCCCCCCSC(=N)N,0.16
CCCCCCC(CO[N+](=O)O)O[N+](=O)O,-4.33
C=CC(=O)OCCC(F)(F)C(F)(F)C(F)(F)C(F)(F)C(F)(F)C(F)(F)F,-6.3541593340999984
O=S(=O)(O)O.O=[Ti],-5.9613942775
CCCCCCCC[Sn](=O)CCCCCCCC,-6.4785159933
[La+3].[La+3].[O-2].[O-2].[O-2],-6.6703538373
CCCCCCCC/C=C\CCCCCCCCO.O=P(O)(O)O,-6.785897843300001
[Hg],-6.5541212514
CCCCCCCCCCCCCC(=O)OC,-6.6497381608
CCCCCCCCCCCC(=O)N(CCCC)CCCC,-7.016412076799999
CS(=O)(=O)O.[Cu],0.7323301822
CCCCCCCC/C=C\CCCCCCCC(=O)NC(CO)C(O)CCCCCCCCCCCCCCC,-6.4517618811
CCCCCCCCCCCCCCCC(=O)O,-6.806908841
CCCCCCCC(=O)OCCCOC(=O)CCCCCCC,-7.516526119400001
O=P([O-])([O-])[O-].O=P([O-])([O-])[O-].O=P([O-])([O-])[O-].O=P([O-])([O-])[O-].[Zr+4].[Zr+4].[Zr+4],-7.3381588933
C[Si](O[Si](C)(C)C)O[Si](C)(C)C,-7.0443456956
CCCCCCCCCCCCCCCCCCCCCC(=O)O,-7.3281144602
CCCCCC(C)CO,-2.5281270707
CC(=O)[CH-]C(C)=O.CC(=O)[CH-]C(C)=O.[Pd+2],-7.438461096699999
O=S(=O)([O-])[O-].[O-2].[Zr+4],-7.706047479099999
CCCCCCCCCCCCCCCCCC,-7.6275399492
CCCCCCCCCCCCCCCC(=O)OC,-7.8300382351
CC(C)CCCCCCCCCCCCCCC(=O)[O-].[K+],-8.1469015236
CCCCCCCCCCCCCCCCCC(=O)OC,-8.9978390846
O=[V](=O)O[V](=O)=O,-2.3036141272
C=CC(=O)OCCOCC(CC)(COCCOC(=O)C=C)COCCOC(=O)C=C,-2.687445856
O=P([O-])([O-])[O-].O=P([O-])([O-])[O-].O=P([O-])([O-])[O-].O=P([O-])([O-])[O-].O=P([O-])([O-])[O-].[O-2].[O-2].[O-2].[O-2].[O-2].[OH-].[OH-].[OH-].[OH-].[OH-].[V].[V].[V].[V].[V].[V],-1.3503637805000002
O=C(O)O.[Ag],-3.4520216786
CCCCCCCCCCCCOP(=O)([O-])O.[K+],-3.7844860574
[Al+3].[F-].[F-].[F-],-4.1998793146
CCC(C)(C#N)N=NC(C)(C#N)CC,-2.6961915261
N[C@@H](CCC(=O)O)C(=O)O.OCCN(CCO)CCO,0.111437809
C=CC(=C)Cl,-2.5509254551
C=CS(=O)(=O)CS(=O)(=O)C=C,-3.9198954495
FC(F)(F)F,-3.6703396281
CC(=O)NC(CC(C)C)C(=O)O,-1.13
NC(CSSCC(N)C(=O)O)C(=O)O,-3.31
COS(C)(=O)=O,-0.0419214127999999
COC(C)COC(C)COCCC[Si](C)(O[Si](C)(C)C)O[Si](C)(C)O[Si](C)(C)C,-6.2877399393
CCCCCCCC/C=C\CCCCCCCC(=O)[O-].CCCCCCCC/C=C\CCCCCCCC(=O)[O-].[Cu+2],-11.9989378619
CCSC(=S)NC(CC(=O)O)C(=O)O,-1.38
CC(C)C(O)(CCC(C)(O)C(=O)O)C(=O)O,-1.69
CC(SC(=S)SC(C)C(=O)O)C(=O)O,-1.41
CCCCCCCCCCCCCCCCN(C)C,-4.6524349135000005
CCCCCCCCCCCCN(C)C,-4.4261227438
CCCCC(CC)C(=O)OCC(COCC(COC(=O)CCCCCC(C)C)(COC(=O)C(CC)CCCC)COC(=O)C(CC)CCCC)(COC(=O)CCCCCC(C)C)COC(=O)CCCCCC(C)C,-7.323686796
CCCCCCCCCCCC(=O)N[C@@H](CCCNC(=N)N)C(=O)OCC.Cl,-0.2316119628
CCCCCCCCCCCC(=O)OCC[N+](C)(C)C.[Cl-],-2.2111003064
COCC(C)O,1.0451691789
O.[Mo].[NH4+].[O-2],-1.170241174
O=C(O)CS,-1.9643492148
CCCCCCCCCCCCCCCCCCOC(=O)/C=C/C(=O)OCCCCCCCCCCCCCCCCCC,-7.094152366
O.O=[N+]([O-])[O-].O=[N+]([O-])[O-].O=[N+]([O-])[O-].[In+3],-2.5035796109
C[S-].[Na+],-1.8456684523
O=P([O-])([O-])[O-].[Al+3],-4.2460828326
CCCCCCCCCCCC(=O)NCCC[N+](C)(C)CC(=O)[O-],-3.1367509984
CN(C)CCOCCO,-0.1244748796
CCCCCCCCCCCC(=O)[O-].CCCCCCCCCCCC(=O)[O-].CCCC[Sn+2]CCCC,-5.645086142699999
CC[Pb](CC)(CC)CC,-5.4128944571
COC(=O)C(NC(=O)C(Cl)Cl)C(C)O,-0.62
[Ce+3].[F-].[F-].[F-],-5.8633448938
O=C(NC(CO)C(=O)O)C(Cl)Cl,-0.03
C=CC(C)CCC=C(C)C,-5.9645864462
CCCCC(=O)O.CCCCCCC(=O)O.CCCCCCCC(=O)O.CCCCCCCCCC(=O)O.OCC(CO)(CO)CO,-7.5346282403
CCCCC(CC)COC(=O)CSCC(=O)OCC(CC)CCCC,-6.654998170599999
CCCCCCCCCCCCCCCCCCCCCC(=O)[O-].[Li+],-6.8769767405
CCCCCCCCCCCCCC(=O)[O-].[Li+],-6.7070311388
CCCCCCCC/C=C\CCCCCCCC(=O)[O-].[Li+],-6.7972389302
CCCCCCC(O)CCCCCCCCCCC(=O)[O-].[Li+],-6.8235536072
CC(C)CCCCCCCCOCCCNCCC#N,-3.6184664922000014
CCCCCCCCCCCCCCCC(=O)OCC(O)CO,-4.7267916006
CCCCC(CC)COC(=O)CS[Sn](C)(C)SCC(=O)OCC(CC)CCCC,-4.0456632384
CCCCC(CC)C(=O)[O-].CCCCC(CC)C(=O)[O-].CCCCC(CC)C(=O)[O-].[Cr+3],-3.0199412712
CC/C=C/CCCCCCCCCCCCCCOCC,-4.7999839607
[Cu+].[I-],-5.9787509813
CCC(C)C(C)C.CCC(C)CC.CCCC(C)C.CCCC(C)CC,-3.2704062978
C/C=C/CC,-2.5449048057
S,-5.5325378146
CCCCCCCCCCCCCCCCCCCCCC(=O)OCC(O)CO,-6.9187336597
C[C](C)C,-4.3765465432
O=[Mo](=O)(O)O,-2.3797609623
C/C=C/C.C=CCC,-4.6698435423
CCCCC(=O)O.CCCCCCC(=O)O.CCCCCCCCC(=O)O.OCC(CO)(CO)CO,-5.4183738573
CCCCC(CO[N+](=O)O)O[N+](=O)O,-3.1
CCCC(CCC)C(=O)NCCCC(=O)O,-1.5
CCOC(/C=C(\C)CCC=C(C)C)OCC,-2.3547996853
CCCCCCOCCCCCC,-4.2703037605
CCCC[Sn+2]CCCC.O=C([O-])/C=C/C(=O)[O-],-4.5403282232
C=C(C)C(=O)O[Zn]O,-4.2239603591
CCCCCCCC/C=C\CCCCCCCC(=O)OCC(C)OC(=O)CCCCCCC/C=C\CCCCCCCC,-4.7817560925
CCCC(CO[N+](=O)O)O[N+](=O)O,-2.5
CC(CCCO[N+](=O)O)O[N+](=O)O,-2.44
CC(CCCCO[N+](=O)O)O[N+](=O)O,-2.84
CCCCC[C@H](CCC)CCCO,-5.1563604082
CCCCCCCCCl,-5.1722437893
C[Si](C)(C)O[Si](C)(C)O[Si](C)(C)O[Si](C)(C)O[Si](C)(C)O[Si](C)(C)C,-5.661813631699999
CC(COS)(COS)COC(=O)CCCC(=O)OCC(C)(COS)COS.CCC(COP)(COS)COS,-5.8419473099
CCCCCCC(CO)CCCC,-5.2703037605
CCCCCCCCCCCCC(CO)CCCCCCCCCC,-5.549815883300001
CCCCCCCCCCCCCCC(CO)CCCCCCCCCCCC,-5.6135997753
CCCCC(CC)COCOCC(CC)CCCC,-5.4353234735
CCCCCCCCC(CO)CCCCCC,-5.3846168146
CCCCCCCCCCCCCCCCC(CO)CCCCCCCCCCCCCC,-5.66920434
CCCCCCCCCCCCCCCCCCNC(=O)NCCCNC(=O)NCCCCCCCCCCCCCCCCCC,-5.8229189425
CCC(CO)(CO)CO.CCCCCC(=O)O.CCCCCCCC(=O)O.CCCCCCCCCC(=O)O.O=C(O)CCCCC(=O)O,-5.8530645557000005
[In+3].[In+3].[O-2].[O-2].[O-2],-5.4434710859000015
CC(C)CCCCCCCCCCOC(=O)CCCCC(=O)OCCCCCCCCCCC(C)C,-5.708288296799999
CCCCCCCCCCCCCCCCCCCCCCO,-5.5140281479
CCCCCCCCCCCCOC(=O)CCSCCC(=O)OCCCCCCCCCCCC,-5.711686621799999
CCCCCCCCCCCCCCCCOC(=O)OOC(=O)OCCCCCCCCCCCCCCCC,-5.7565570001
CCCCCCCCCCCCCCCC[Si](OC)(OC)OC,-5.5398636413
CCCCC=O.CCCCCC=O.O=CCC=O,-5.4122219139
[Fe+3].[K+].[O-2].[O-2],-5.1036019152
O.[K].[Li].[Ti],-5.0489115819
CCCCCCCCCCCCCCCCCCCCO,-5.4750243489
O=P([O-])([O-])OP(=O)([O-])[O-].[Mn+3].[NH4+],-5.392552750599999
CCCCCCCCCCCCCCCCCCO,-5.432168875
CCCCCCCCCCCC(=O)OC(C)C,-5.384537990399999
CCCCCCCCCCCCCCCCCCCCCCCCO,-5.549815883300001
CC/C=C/CCCCCCC,-5.1883574821
C=COC(=O)CCCCCCCCCCC,-5.3547996853
CCCCN(CCCC)C(=S)[S-].CCCCN(CCCC)C(=S)[S-].[Zn+2],-5.6759230824
[Al+3].[O-2].[OH-],-5.0252479516
CCCCCCCCCCCCCCCCCCSSCCCCCCCCCCCCCCCCCC,-6.057758885499999
CCCCCCCCCCCCC(CCCCCCCCCC)C(=O)O,-5.8676395215999975
[Zr],-5.35804912
C[Si](C)(C)O[Si](C)(O[Si](C)(C)C)O[Si](C)(C)C,-5.9360261722
CCCCC(CC)COC(=O)CC(C)CC(C)(C)C,-5.9549769717
[Ca+2].[O-2].[O-2].[O-2].[Ti+4],-5.6562324003
O=P([O-])([O-])OP(=O)([O-])[O-].[Ca+2].[Ca+2],-5.998459357100001
O=C(O)C(O)(CO)CC(O)CO,0.61
FC(F)(Cl)C(F)(F)Cl,-2.74
C=CCC,-1.94
C=CCCCCCCCC,-5.51
CCCO,0.62
CC(C)CCCCCCCCCCCCCCCO,-6.2560776159000016
CCCCCCCCCCCC(=O)OCC(COC(C)=O)OC(C)=O,-6.378367614400001
CCCCCCCCCCCCCCCOC(=O)/C=C/C(=O)OCCCCCCCCCCCCCCC,-6.5537875846
CCCCCCCCOC(=O)/C=C/C(=O)OCCCCCCCC,-6.356030959
CC(C)C(C)(C)C,-4.36
CC(C)CCCCCCCOC(=O)/C=C/C(=O)OCCCCCCCC(C)C,-6.4222745911
CCCCCCCCCCCCOC(=O)/C=C/C(=O)OCCCCCCCCCCCC,-6.4797384219000005
CCCCCCCC/C=C\CCCCCCCC(=O)OC(C)C,-6.3351890163
CCCCCCC(=O)O.CCCCCCCC(=O)O.CCCCCCCCCC(=O)O.OCC(CO)(CO)CO,-6.6194034302
CCCCCCCC[Si](OCC)(OCC)OCC,-6.3277407884000025
CCCCCCC(O)CCCCCCCCCCC(=O)NCCNC(=O)CCCCCCCCCCC(O)CCCCCC,-6.7352071916
CCCC=C(C=O)CC,-2.46
CCCCCCCC/C=C\CCCCCCCCCCCC(N)=O,-6.5283921465
CCC(C=O)CC,-1.52
CCCCCC(C)C,-5.08
CCCCC(CC)COC(=O)CCCCC(=O)OCC(CC)CCCC,-6.5688749453
CC(C)CCCCCCCOC(=O)CCCCC(=O)OCCCCCCCC(C)C,-6.6301043221
CC(C)CCCCCCOC(=O)CCCCC(=O)OCCCCCCC(C)C,-6.6005678007
CCCCCCCCOCCCCCCCC,-6.3846168146
C=COCCCCCCCCCCCCCCCCCC,-6.4720818187
CC(C)CCCCCCCCCCCCCCC(=O)O.OC[C@H](O)[C@@H](O)[C@H](O)C(O)O,-6.6557423758
CC(C)O,0.43
CC(C)C(C)O,-0.18
CCCCCCCCCCC(CO)CCCCCCCC,-6.4750243489
CCC(C)CCO,-0.72
CCCCC(=O)CCCC,-2.58
CC#N,0.26
CCCCCCCCC(C)C(CC)CCCCCCC.CCCCCCCCC(C)C(CCC)CCCCCC,-6.7521345295
CCCCCCCCCCCCCCCCCCCCCC(=O)NCCCN(C)C,-6.6281415672
CCCCCCCCCCCCCCCCCCOCC[O],-6.4963012647000005
O=[Si]([O-])O.O=[Si]([O-])O.O=[Si]([O-])[O-].O=[Si]([O-])[O-].[Mg+2].[Mg+2].[Mg+2],-6.5789404760000005
CNC(=O)C=C(C)OP(=O)(OC)OC,0.6509999999999999
[Al+3].[Al+3].[Ca+2].[Ca+2].[O-2].[O-2].[O-2].[O-2].[O-2],-6.3306470932000005
CO[Si](OC)(C(C)C)C(C)C,-6.2463311334
CCCCCCCCCCCC(=O)OOC(=O)CCCCCCCCCCC,-6.6005678007
N#CCCl,-0.092
[Ag+].[C-]#N,-6.1267351667
[H-].[H-].[Ti+2],-5.6979525644
O=[Si]([O-])[O-].O=[Si]([O-])[O-].[Ti+4],-6.3011016483
CCCCCCCCC(=O)OCC(CC)(COC(=O)CCCCCCCC)COC(=O)CCCCCCCC,-6.8410879515
Cl/C=C\Cl,-1.3
[Fe+3].[Fe+3].[O-2].[O-2].[O-2].[O-2].[O-2].[Sr+2].[Sr+2],-6.6614873159000005
[H-].[H-].[Zr+2],-6.066512277899999
CCSSCC,-2.42
CC(C)SC(C)C,-2.24
CCCCCCC(=O)OCC(COC(=O)CCCCCC)OC(=O)CCCCCC,-6.9330922951
CCCCCCC(O)CCCCCCCCCCC(=O)OCC(COC(=O)CCCCCCCCCCC(O)CCCCCC)OC(=O)CCCCCCCCCCC(O)CCCCCC,-7.273925855599999
CCCCC(CC)C(=O)OCC(COC(=O)C(CC)CCCC)OC(=O)C(CC)CCCC,-6.97376589
CCCCCCCC/C=C\CCCCCCCC(=O)OCC(COC(=O)CCCCCCC/C=C\CCCCCCCC)OC(=O)CCCCCCC/C=C\CCCCCCCC,-7.2481955094
CC(C)CCCCCOC(=O)CCCCC(=O)OCCCCCC(C)C,-6.8699049410000015
CCCCCCCCCCCCCCCCCCOCCCCCCCCCCCCCCCCCC,-7.0195208893
CCCCCCC(=O)OCC(CC)(COC(=O)CCCCCC)COC(=O)CCCCCC,-6.97376589
CCCCCCCC/C=C\CCCCCCCC(=O)OCC(C)(C)COC(=O)CCCCCCC/C=C\CCCCCCCC,-7.102471438899999
CCCCCCCC(=O)OCC(C)(C)COC(=O)CCCCCCC,-6.8531467823000005
CCCCCCCCCCCCCCCCCOC(=O)/C=C/C(=O)OCCCCCCCCCCCCCCCCC,-7.0740773653
CCCSCCC,-2.58
CCC(COC(=O)CCCCCCCCCCCCCCC(C)C)(COC(=O)CCCCCCCCCCCCCCC(C)C)COC(=O)CCCCCCCCCCCCCCC(C)C,-7.2711824653
CCCCCCCCCCCCCCCCCC(=O)OCCCCCCCC,-6.8994921961
CCCCCC(=O)OCC,-2.35
C=C,-0.4
CCCCCCC(=O)OCC(COC(=O)CCCCCC)(COC(=O)CCCCCC)COC(=O)CCCCCC,-7.0680633512
CCCCCCCC/C=C\CCCCCCCC(=O)OCC(COC(=O)CCCCCCC/C=C\CCCCCCCC)(COC(=O)CCCCCCC/C=C\CCCCCCCC)COC(=O)CCCCCCC/C=C\CCCCCCCC,-7.378019409199999
CC(C)CCCCCCCCCCCCCCC(=O)OCC(COC(=O)CCCCCCCCCCCCCCC(C)C)(COC(=O)CCCCCCCCCCCCCCC(C)C)COC(=O)CCCCCCCCCCCCCCC(C)C,-7.3809427734
CC(C)(CO)CO.CCCCCCC(=O)O,-6.6708690081
CCCCCCCC/C=C/CCCCCCCC(=O)OCC(CO)(CO)COC(=O)CCCCCCC/C=C/CCCCCCCC,-7.1238862525
CCCCCCCCCCCC(=O)OCCC(C)C,-6.733128222
CC(O)CO.CCCCCCCC(=O)O.CCCCCCCCCC(=O)O,-6.8949548476
CCCCCCCC(=O)O.CCCCCCCCCC(=O)O.OCC(CO)(CO)CO,-6.9567723715
CCCCC(=O)OCC(CO)(CO)COCC(CO)(CO)CO,-6.8304564999
COC(C)=O,0.46
CCCCCCCCCCCCCCCC(=O)OCCCC.CCCCCCCCCCCCCCCCCC(=O)OCCCC,-7.116029628200001
CC(C)CCCCCCCOC(=O)CCCCCCCC(=O)OCCCCCCCC(C)C,-6.971983320700001
CCCCCCCCCCCCCCOC(=O)/C=C/C(=O)OCCCCCCCCCCCCCC,-7.0076009975
CCCCCCCCCCCCCCCCCCCCCC(N)=O,-6.8320079078
CCCCCCCCCCCCCCCCCCCCCCOC(=O)CCCCCCCCCCCCCCCCCCCCC,-7.1133991412
CCCCCCCC/C=C/CCCCCCCC(=O)OCCCCCCCCCCCC,-6.9550061959
CCCCCC/C=C\CCCCCCCC(=O)OCC.CCCCCCCC/C=C\CCCCCCCC(=O)OCC.CCCCCCCCCCCCCC(=O)OCC.CCCCCCCCCCCCCCCC(=O)OCC,-7.355606282999999
CCCCCCCCCCCCCCCCOC(=O)C(CC)CCCC,-6.8676395215999975
CCCCCCCCCCCC(=O)OCCCCCC,-6.7550878414
CC(C)CCCCCCCCCCCCCCC(=O)OC(CO)CO,-6.8555954685000025
[Mg+2].[Mg+2].[Nb+5].[Nb+5].[O-2].[O-2].[O-2].[O-2].[O-2].[O-2].[O-2],-6.8406266847
CCCCCCCC/C=C\CCCCCCCCCCCC(=O)OCCCCCCCC/C=C\CCCCCCCC,-7.071179206900001
CCCCCCCC/C=C\CCCCCCCCOC(=O)CCCCCC/C=C\CCCCCCCCC,-7.0277066834
CCCCCCCCOC(=O)CCCCCCC,-6.709998828
CCCCCCCC/C=C\CCCCCCCC(=O)OCCCCCCCCCCCCCC,-6.9812258596
CCCCC(CC)COC(=O)CC(CC(=O)OCC(CC)CCCC)(OC(C)=O)C(=O)OCC(CC)CCCC,-7.057520046900001
CNC(=O)ON=C(SC)C(=O)N(C)C,0.106
CCNP(=S)(OC)OC(C)=CC(=O)OC(C)C,-3.408
C=CC,-1.08
CCCCCCCCCCCCCNCC(C)CCCCCCCCCC.CCCCCCCCCCCCCNCCCCCCCCCCCCC,-7.4056684463
CCCCCCCCCC(C)(C)SSC(C)(C)CCCCCCCCC,-7.1279660508000005
CCCCC(CC)COC(=O)OCC(CC)CCCC,-6.9799366685000015
CC/C=C/C/C=C/C/C=C/CCCCCCCC(=O)OC.CCCCC/C=C\C/C=C\CCCCCCCC(=O)OC.CCCCCCCC/C=C\CCCCCCCC(=O)OC.CCCCCCCCCCCCCCCC(=O)OC.CCCCCCCCCCCCCCCCCC(=O)OC,-7.800359899299999
FC(F)(F)C(F)(F)C(F)(F)C(F)(F)C(F)(F)C(F)(F)C(F)(F)C(F)(F)Br,-7.3970339946
[C-]#N.[C-]#N.[C-]#N.[C-]#N.[C-]#N.[C-]#N.[Fe+2].[Fe+3].[NH4+],-7.155088449400001
CCCCCCCCCCCCCCOC(=O)CCCCCCCCCCCCC,-7.3271074817
[Hf],-7.1724326435000005
[Hf+4].[O-2].[O-2],-7.2440460955
CCCCCCCC/C=C\CCCCCCCCCCCC(=O)NCCCCCCCCCCCCCCCCCC,-7.770909422999999
C/C=C/C=O,0.32
CCCCCCCC/C=C\CCCCCCCCNC(=O)CCCCCCCCCCCCCCC,-7.7040784145
N#CC(Cl)(Cl)Cl,-2.168
CCCCCCCCCCCCCCCCCCNC(=O)CCCCCCCCCCCCCCCCC,-7.7291534460000015
[Al+3].[O-]B([O-])[O-],-6.9334417301
B#N,-6.394784279
FC(F)(Cl)Cl,-1.99
ClC(Cl)COCC(Cl)Cl,-1.12
C=CC=C(C)C=CC=CC,-2.09
ClCCCl,-1.08
CCCCC(CC)COP(=O)(OCC(CC)CCCC)OCC(CC)CCCC,-8.85998044
CCCCCCCCCCC/C=C/C/C=C/CCCCCCCCCCCCCCCCCCCCNCCCCCCCCCCC/C=C/C/C=C/CCCCCCCCCCCCCCCCCCCC,-9.7071062552
CCl,-0.88
CCC(C)[N+](=O)[O-],-0.62
O=C(CO)CO,1.0138642136
CCC,-2.84
CCC(N)=O,-4.23
O=C([O-])CS.[K+],0.7806710209000001
C=CCOCC(O)CS(=O)(=O)[O-].[Na+],0.5538399496
BrC(Br)C(Br)Br,-2.72
C=C(CC(=O)O)C(=O)O,-0.2250282975
NC(N)=NCCC[C@H](N)C(=O)O.[Cl-].[H+],0.5397304724
O=C([O-])CN(CC(=O)[O-])CC(=O)[O-].[Na+].[Na+].[Na+],0.3961032361
O=C([O-])CS.[Na+],0.7273991488
CC(CC(=O)[O-])CC(C)(C)C.[K+],0.4851623717
ClC(Cl)=C(Cl)Cl,-2.74
[Cl-].[Li+],1.1343979721
NC(CO)(CO)CO.[Cl-].[H+],0.5514149152000001
CC(C)COC(=O)[C@@H](C)O,-0.4128573351
O=C([O-])CS.[Ca+2],-0.3838981351
CC(Cl)(Cl)Cl,-2.14
C=C(C)CS(=O)(=O)[O-].[Na+],0.5194215084
O=S(=O)([O-])OOS(=O)(=O)[O-].[K+].[K+],-0.6537301416
FC(Cl)(Cl)CCl,-3.04
CCCSC(=O)N(CCC)CCC,-3.3
ClC(Cl)=C=C(Cl)C(Cl)Cl,-4.23
O=C([O-])CN(CCN(CC(=O)[O-])CC(=O)[O-])CC(=O)[O-].[Na+].[Na+].[Na+].[Na+],0.1189898767999999
[Cr].[F].[F].[F],-0.3384166482
CNC(=O)ON=CC(C)(C)SC,-0.71
CCCCCCOC(CO)CO,-1.0558122117
CCCCN(CC)C(=O)SCCC,-3.41
O.O=BO[O-].[Na+],-0.8231002009999999
COC(C)(C)CCOC(C)=O,-0.4390291979
O=P([O-])([O-])[O-].[Cr+3],0.4859956397
[F-].[F-].[Ni+2],-0.3833170773
O=S(=O)([O-])[O-].OC[P+](CO)(CO)CO.OC[P+](CO)(CO)CO,1.9675126996
CC(C)CCOC(=S)[S-].[K+],0.2378897232
CCCCCCCC(=O)OCC(O)CO,0.1794741305
NC(=O)C[NH+](CC(=O)[O-])CC(=O)[O-],-1.7635818574000002
N#CN.[Ca+2],-0.4460963217
O=C(O)CCSCCC(=O)O,-0.7991431977
CCCCNP(N)(N)=S,-0.7730339165000001
NN.[Cl-].[H+],1.5956288145
CCNC(=S)OC(C)C,-1.7447887835
O=S(=O)([O-])[O-].[Na+].[Na+],0.1263337648
OCC(CO)(CBr)CBr,-1.1304017512
[Cl-].[Cl-].[Sn+2],-0.0274572689
OP(O)O.[K+],1.1524094081999998
CC(N)C(=O)O,0.2678986156
O=P[O-].O=P[O-].[Ca+2],-0.0326449205
O=C([O-])CN(CCCN(CC(=O)[O-])CC(=O)[O-])CC(=O)[O-].[Fe+3].[NH4+],0.1050056219999999
O=C([O-])[O-].[Li+].[Li+],-0.7546423143000001
NCCCCCCNC(=O)O,-0.0952988049
O=S(=O)(O)C(F)(F)F.[Li],0.9030401981
N=C(N)N.O=[N+]([O-])O,0.0102512628
C=CC(=O)OCCOCCOCC,-0.181251006
N#CCCC#N,0.1752408894
O=C(O)C(=O)O,0.0790172102
O=C(O)C(=O)O.O=C(O)C(=O)O.[K],-0.3073494259
O=[N+]([O-])[O-].[Li+],1.1700973958
CCCCNCCO,0.931102034
CNCCO,1.1242964559
NCCO,1.2140725315
CN(C)C=O,1.1361123296
O=S(=O)([O-])[O-].[Cr+3].[OH-],0.7823423727
S.[Na+],1.2435692985
CCCCCCCCCCCCCC[N+](C)(C)C.CCCCCCCCCCCCCC[N+](C)(C)C.O=C([O-])C(=O)[O-],-2.8980709963
CC(CC=O)CC(C)(C)C,-2.6759065954
[Cl-].[Cl-].[Cl-].[Cr+3],-3.1996317806
C.[Mo].[Mo],-3.4202754414
O=S(=O)([O-])[O-].O=S(=O)([O-])[O-].O=S(=O)([O-])[O-].[Al+3].[Al+3].[Ca+2].[Ca+2].[Ca+2].[Ca+2].[Ca+2].[Ca+2].[O-2].[O-2].[O-2].[O-2].[O-2].[O-2],-3.0742274262
CC(C)CCCC(C)CCCC(C)CCCCC(C)CCCC(C)CCCC(C)C,-5.1490404299
O=[Sn]([O-])[O-].[Ca+2],-5.616551128099999
CCCCCCCCCCCCCCC/C=C/CC(CC(=O)O)C(=O)O,-6.9644458512
CC(=O)OCCOC(C)C,-0.1657752416
[Cl-].[Cl-].[Cl-].[Cl-].[Cl-].[Cl-].[NH4+].[NH4+].[NH4+].[Rh+3],-0.5687670702000001
CC(CC(=O)O)CC(C)(C)C(=O)O,-0.2790374966
[F-].[K+],1.2284072863
C=C(C)C(=O)O,0.0562733679
C=C(C)C(=O)OC(=O)C(=C)C,-0.1967597116
N#C[O-].[Na+],0.1711169096
O=C([O-])O.[Na+],0.0579609271
OCCNCCO,0.9577927941
C=CC(=O)OCCOCCOCCOCCOC(=O)C=C,-0.5000132962
[Br-].[Na+],0.9635010857
COCCOCCOC,0.8454562496
C/C=C/C(=O)O,0.0381751458
O=[N+]([O-])[O-].O=[N+]([O-])[O-].[Ba+2],-0.4440713859000001
O=P([O-])(O)O.O=P([O-])(O)O.[Ca+2],-0.3966430532
CN(C)CC(=O)[O-].[K+],0.8091728638
O=C([O-])O.[K+],0.9537476957
C=C(C)CCO,0.0190678934
BrCBr,-1.2858947125
O=[Se]([O-])[O-].[Na+].[Na+],0.7153884158
C#CC(C)(C)N,1.0316559884
O=[V](=O)[O-].[Na+],0.2664613742
CC(O)CNCC(C)O,0.815044373
O.O.O.O.O.O.O.[Cl-].[Cl-].[Cl-].[La+3],0.3652265972
O=C[O-].O=C[O-].O=C[O-].[Al+3],-0.2746003214999999
O=S(=O)([O-])OOS(=O)(=O)[O-].[NH4+].[NH4+],0.5710956732
C[N+](C)(C)CC(O)CCl.[Cl-],0.6474063078
CC(C)(CO)CO,0.901422988
CCOC(C)=O,-0.025404461
O=[W](=O)([O-])[O-].O=[W](=O)([O-])[O-].O=[W](=O)([O-])[O-].O=[W](=O)=O.O=[W](=O)=O.O=[W](=O)=O.O=[W](=O)=O.O=[W](=O)=O.O=[W](=O)=O.O=[W](=O)=O.O=[W](=O)=O.O=[W](=O)=O.[Na+].[Na+].[Na+].[Na+].[Na+].[Na+],-0.4724611164
O=C([O-])CCl.[Na+],0.8486241841
O=N[O-].[Na+],1.0749962334
C=CCNCC=C,-0.0790069571
COP(=O)(CCC(=O)NCO)OC,1.5784906741
N#CCCCCC#N,-0.1309124421
CCCCC(CC)(CO)CO,-1.2603343364
CI,-1.2145838492
CC/C=C(\C)C=O,-1.0573697281
CCCCOC(=O)CCC(C)=O,-1.306674746
CCCCC(CC)C(=O)[O-].CCCCC(CC)C(=O)[O-].[Ca+2],-1.5917155587
CCCCC(CC)COC(=O)CC(C(=O)OCC(CC)CCCC)S(=O)(=O)[O-].[Na+],-1.7357141887
CC(C#N)CC(C)(C)CC#N.CC(CC#N)CC(C)(C)C#N,-1.5746822213999998
ClC(Cl)Cl,-1.1738343117
[Br-].[NH4+],1.908299785
CC(O)(P(=O)([O-])[O-])P(=O)([O-])[O-].[Na+].[Na+].[Na+].[Na+],0.4204601089999999
COC(=O)/C=C\C(=O)OC,-0.2672048758999999
CNC(=O)NC,0.9386362339
O=[Mo](=O)([O-])[O-].O=[Mo](=O)([O-])[O-].[NH4+].[NH4+].[NH4+].[NH4+],-2.5804798622
CCCCC(CC)CN(CCC(=O)[O-])CCC(=O)O.[Na+],0.4104692649
CC(=O)[O-].CC(=O)[O-].[Cu+2],-0.3755357121
CN(C)C.[Cl-].[H+],0.8993339870999999
COCCC(=O)OC,0.8026937067000001
N#C[O-].[K+],0.9659600909
C=COCCCCO,-0.18999534
O=P[O-].[K+],0.8626748208
O.O=P[O-].[Na+],0.8546356528
O=S(=O)([O-])OOS(=O)(=O)[O-].[Na+].[Na+],0.4865525209000001
C=CC(=O)O,0.0059673299
CN,1.3686434782
O=C([O-])CN(CCN(CC(=O)[O-])CC(=O)[O-])CC(=O)[O-].[Fe+3].[Na+],-0.7073891823999999
C=CCS(=O)(=O)[O-].[Na+],0.6949528649
[Br-].[H+],1.3775443727
O=C[O-].[Na+],1.0125444228
NC(CC(=O)O)C(=O)O,-1.2293181874
[V],-0.8144249576
CCCCCCC(O)CO,-1.2899752166
CCN(C(C)C)C(C)C,-1.2416022633
CC(C)OC(=O)C(F)(F)F,-1.336078753
O=C(O)/C=C/C(=O)O,-1.2196294277
CCOS(=O)(=O)OCC,-1.3429497185
O=C([O-])C(F)(F)F.[K+],0.6610693015
O=P([O-])([O-])F.[Na+].[Na+],0.6844005874
O=CO,1.1758552936
O=C([O-])CN(CCN(CC(=O)[O-])CC(=O)O)CC(=O)O.[NH4+].[NH4+],0.3226990562
CCCCCCCCCCCC[N+](C)(C)CC(O)CS(=O)(=O)[O-],0.2865181043
[Br-].[K+],0.7556754335
CC(=O)[O-].CC(=O)[O-].CC(=O)[O-].[Cr+3],0.4692256086
[Cs+].[I-],0.4112261076
N[C@@H](CS)C(=O)O.[Cl-].[H+],0.6219271018
CC(=O)[O-].CC(=O)[O-].CC(=O)[O-].CC(=O)[O-].CC(=O)[O-].CC(=O)[O-].CC(=O)[O-].[Ru+3].[Ru+3].[Ru+3],-0.0356831695
CCCCO,-0.0504090528
O=[Mo](=O)([O-])[O-].[Na+].[Na+],0.5020204465
O=S(=O)([O-])[O-].[Cl].[Fe],0.540234161
[Cl-].[Cl-].[Cl-].[Fe+3],0.6028517968
O=S(=O)([O-])[O-].[Fe+2],0.6313327107
[Cl-].[Cl-].[Ni+2],0.6949333776000001
CC(C)=CCO,-0.128994642
NS(=O)(=O)[O-].NS(=O)(=O)[O-].[Ca+2],0.4388612161999999
NCCCCCCN,0.7389034055
O=S([O-])CO.[Na+],0.731520726
N[C@@H](CC(=O)O)C(=O)[O-].[Na+],0.6099273323
O=P([O-])([O-])[O-].O=P([O-])([O-])[O-].[Mn+2],0.4103907799
CCC(C)(C)OO,-0.2165945745
CCC(=O)[O-].CCC(=O)[O-].[Ca+2],-0.4769347221
OCC(CO)(CO)CO,-0.3416163866
CC(C)C(=O)OC(=O)C(C)C,0.5917902317
O=P(=O)[O-].[Na+].[Na+],0.6893014740000001
O=C([O-])CC(O)(CC(=O)[O-])C(=O)[O-].[K+].[K+].[K+],0.2961937852
CC(=O)O,1.0017178079
O=C(O)CCC(=O)C(=O)O,0.6148800726
O=S(=O)([O-])CCCSSCCCS(=O)(=O)[O-].[Na+].[Na+],0.2286526355
C=C(C)C=O,-0.0675110058
CC(C)C=O,-0.0798261768
CC(C)OP(=S)(S)OC(C)C,-0.5528547078
CNC(=O)C(C)(C(C)C)C(C)C,-1.3948677058
O=C(Cl)Cl,-1.1608458422
[Sr],-1.1139433523
NC(=O)CC[C@H](NC(=O)C[NH3+])C(=O)[O-],-0.194310278
CCSC,-1.0569732819
CCC(C)(OO)OOC(C)(CC)OO,-1.5077732457
CCOC(=O)C(C)C,-1.2554968887
S=[Sr],0.0036602887
Cl/C=C/Cl,-1.1871803856999998
[Fe+3].[Fe+3].[O-2].[O-2].[O-2],-3.7261483073
O=S(=O)([O-])[O-].[NH3+]O.[NH3+]O,0.553426318
[Cl-].[Cl-].[Co+2],0.654418336
O=P(O)(O)O.[K+],0.6286564425
CCCCCCCCCCCCCC(=O)N[C@@H](CCC(=O)O)C(=O)[O-].[K+],-0.8308225768999999
CC(=O)OCC(COC(C)=O)OC(C)=O,-0.5754367043
O=C(O)CC(O)(CC(=O)O)C(=O)O,0.4768431239
O=C(O)CC(O)(CC(=O)O)C(=O)[O-].[Na+],0.4252480461999999
CC(C)(CO)C(O)C(=O)NCCCO,0.4376764540999999
O=C(O)C(O)C(O)C(=O)O,0.5718478438
O=P(O)(O)CN(CCCCCCN(CP(=O)(O)O)CP(=O)(O)O)CCCCCCN(CP(=O)(O)O)CP(=O)(O)O,-0.0877655775
O=C([O-])[C@H](O)[C@@H](O)C(=O)O.[K+],0.4736237943999999
COC(=O)CC(C(C)=O)C(=O)OC,-0.5248348408
N.N.N.N.O=C([O-])O.O=C([O-])O.[Pd+2],-0.7223996879000001
[Cl-].[Cl-].[Pd+2],-0.5036976261
[Na+].[SH-],0.990088732
NCCC(=O)O,0.7865480445999999
CCC(C)NCCO,0.6667009336999999
O=S([O-])OS(=O)[O-].[Na+].[Na+],0.4533910824
CCOCCC(=O)OCC,-0.4317085178
COC(=O)CC#N,-0.2636316857
O=S(=O)([O-])CCO.[Na+],0.5569422141
CC[N+](CC)(CC)CC.O=S(=O)([O-])C(F)(F)C(F)(F)C(F)(F)C(F)(F)C(F)(F)C(F)(F)C(F)(F)C(F)(F)F,-0.0721808988
CCCCCCCC/C=C/CCCCCCCCOC(=O)C(CC(=O)[O-])S(=O)(=O)[O-].[Na+].[Na+],-0.962426912
CCOC(=O)CC#N,-0.3276124069
O=C([O-])CC(O)(CC(=O)[O-])C(=O)O.[Na+].[Na+],0.3454130072
CC(C#N)CCC#N,-0.3155007402
CCCCOCC(C)O,-0.4052379668
CCC(C)OC(=S)S.[Na+],0.4688768793
O=[N+]([O-])O.O=[N+]([O-])O.[Cd+2],0.3276361318
CCOC(=S)[S-].[Na+],0.5443381649
[Cl-].[Cl-].[NH3+]CCCCCCCC[NH3+],0.3621421768
OCCCCCCO,1.6264407184
C=C(C)C(=O)OCCN(C)C,0.5024815492
O=C([O-])C(O)C(O)C(=O)[O-].[Na+].[Na+],0.4110563572999999
CCOP(=O)(OCC)OCC,0.4385265234
CCCC=O,-0.1590074228
CCCl,-1.0507488092
CC(CN)CCCN,-1.3272487005
F[B-](F)(F)F.[K+],-1.3676388693
C=CC(=O)OC(C)COCC(C)OC(=O)C=C,-1.6682980883
CC(=O)CCCCCl,-1.4155738757
NC(=O)[O-].O.[NH4+],0.7115939977
C=CCCCCCCCCC(=O)NCCC[N+](C)(C)C.COS(=O)(=O)[O-],0.0940632128999999
O.O.O.O.O.O.O.O.O.O.O=BOB([O-])OB([O-])OB=O.[Na+].[Na+],-0.8846418846999999
CC(=O)OC/C=C(\C)C=O,-0.4607939818
OB(O)O,-0.0992552152
[Ca+2].[Ca+2].[Ca+2].[O-]B([O-])[O-].[O-]B([O-])[O-],-0.6843417048
OB(O)O.[K],-0.3120594734
CCC(CO)(CO)C(=O)O,0.5168038544
O=[N+]([O-])[O-].O=[N+]([O-])[O-].[Pb+2],0.1665354510999999
O=C([O-])CN(CCO)CCN(CC(=O)[O-])CC(=O)[O-].[Na+].[Na+].[Na+],0.1444215392
CC(O)C(=O)[O-].CC(O)C(=O)[O-].[Zn+2],-0.7035054304999999
CC(C)CC(=O)O,-0.3279248515
O.O.O.O.O=C([O-])CC(O)(CC(=O)[O-])C(=O)[O-].[Li+].[Li+].[Li+],0.2218764714
CCOC(=O)OC,-0.3444506814
[Cl-].[Cl-].[Mg+2],0.6922078268999999
NCCCCCCN.O=C(O)CCCCC(=O)O,0.2513647845
O=S(=O)([O-])[O-].O=[V+2],0.4571186188
O.O.O.[Li+].[O-][Cl+3]([O-])([O-])[O-],0.4612188619
O=S(=O)([O-])C(F)(F)C(F)(F)C(F)(F)C(F)(F)F.[K+],-0.8645162178
CCCCOC(=O)CO,-0.4583389122
COC(=O)CCl,-0.372767961
[Cd+2].[Cl-].[Cl-],0.3967110896
O=S(=O)([O-])CCBr.[Na+],0.332748699
CCN(O)CC,0.7036319098
N=C(N)N.N=C(N)N.O=C(O)O,0.3975348561999999
CC(=O)[O-].[Li+],0.8337672926999999
C=C(C)C(=O)OCCOC(=O)CCC(=O)O,-0.706708916
CCC(C)C(=O)O,-0.3559535751
O=S(=O)([O-])[O-].O=S(=O)([O-])[O-].O=S(=O)([O-])[O-].[Fe+3].[Fe+3],1.0415240791
[Br-].[Br-].[Zn+2],1.2977429939
[Cl-].[Cl-].[Zn+2],0.5010006364
N.N.O=C(O)[C@H](O)[C@@H](O)C(=O)O,0.3662767625999999
O=[N+]([O-])[O-].O=[N+]([O-])[O-].[Mn+2],1.377095201
CN(C)CCCNCCCN(C)C,0.3558508036
O=C([O-])CC(O)(CC(=O)[O-])C(=O)[O-].[Na+].[Na+].[Na+],0.2166530911
O.O.O.O.O.O.O.O.O.O=[N+]([O-])[O-].O=[N+]([O-])[O-].O=[N+]([O-])[O-].[Al+3],-0.9408131942
[F-].[Na+],-0.0021872624
NC(CCC(=O)O)C(=O)[O-].[Na+],0.3919616292
[N-]=[N+]=[N-].[Na+],0.8040134946999999
O=C([O-])CN(CCN(CC(=O)[O-])CC(=O)[O-])CC(=O)[O-].[Mn+2].[Na+].[Na+],0.024802502
O=C([O-])C(=O)[O-].[NH4+].[NH4+],-0.4725815013
NC(=O)CC[C@H](N)C(=O)O,-0.5483114193999999
CC[C@H](C)[C@H](N)C(=O)O,-0.5029538568
O=C([O-])[O-].[Na+].[Na+],0.581124668
CCOCCCC(C)OCCOCC(C)CO,-0.790860844
O=C([O-])CN(CCN(CC(=O)[O-])CC(=O)[O-])CC(=O)[O-].[K+].[K+].[Zn+2],0.237458201
C=CC(=O)OCCOC(=O)NCCCC,-1.6348405969
CCCCCCCCN.CCCCOP(=O)(S)OCCCC,-1.8796973024
[2H]C(Cl)(Cl)Cl,-1.417811305
[Al+3].[F-].[K+],-1.269901072
CCCC[O-].CCCC[O-].CCCC[O-].[Al+3],-1.7373354758
COC(=O)C=C(C)C,-1.4140004112
CC(=O)OCC=C(C)C,-1.4743213171
CCCCCCCC(=O)N(C)C,-1.6002483409
CCCCCC(C)=O,-1.4333383705
CCCC(C)C=O,-1.3774493615
C=CCOCC(CC)(CO)COCC=C,-1.7182484471
CCCCNCCCC,-1.5039654481
C=CC(=O)OC(C)COCC(C)OCC(C)OC(=O)C=C,-1.8755690909
CCCCN(CCO)CCCC,-1.6367385713999998
CN(C)C(=S)SCCCS(=O)(=O)[O-].[Na+],0.1779035996
C[S+](C)(C)=O.[I-],-0.7568844320999999
O.O.O.O.O.O.O.O=S(=O)([O-])[O-].[Co+2],0.1271332296
CN(C)C(=S)[S-].[Na+],0.4168921924
[Cl-].[NH4+],0.8422541039
CCCCOC(=O)/C=C\C(=O)O,-0.6677809794
C=CC(C)C(=O)OCC,-1.5763108556999998
CNC(=S)NN,-0.465572855
[Cl-].[K+],0.6777748798000001
C=C(CC(=O)OC)C(=O)OC,-0.653770318
CC(CC=O)CCCC(C)(C)O,-0.6921365673000001
CCCNCCC,-0.461082427
NO.[Cl-].[H+],0.6895503556999999
C=CC(=O)NCNC(=O)C=C,-0.6552426764
O=C(O)C(=O)[C@@H](O)[C@H](O)[C@@H](O)CO,0.2373207652
O=C([O-])CC(O)(CC(=O)[O-])C(=O)[O-].[NH3+]CCO.[NH3+]CCO.[NH3+]CCO,-0.0501601163999999
NCCNCCS(=O)(=O)[O-].[Na+],0.2445359542
C=CC(=O)OCCCS(=O)(=O)[O-].[K+],1.1562683245
[Cl-].[Na+],0.7343267611
O=C([O-])CCCC(=O)[O-].[Li+].[Li+],0.3427540765999999
CC(C)C(O)C(C)(C)CO,-0.6667259261999999
CCCCC(CC)COC(=O)[C@H](C)O,-2.6735257097
CNC.[Cl-].[H+],1.5657185919
S.[Mn],-4.1599117564
COC=O,0.6985937788
C=C(C)C(=O)NC(C)C,-0.6201428843
CCOCCOC(C)(C)C,-0.6879152253
COC(C)CCOC(C)=O,-0.6877845281999999
CCCCCCCCCCCCCCCOS(=O)(=O)[O-].[Na+],-1.042005529
N=C(N)S(=O)O,-0.5567928158
CC(C)C(=O)OOC(C)(C)C,-1.6070025668
CCOC(=O)C(Cl)C(=O)OCC,-1.7209723549
C=C(C)C(=O)OCCOCCOCCOC(=O)C(=C)C,-1.9005552518
ClCC(Cl)Cl,-1.5811040628
NC(N)=N[N+](=O)[O-],-1.4858424644
NN=C(N)N.O=C(O)O,-1.6153792849000002
CC(C)OC(C)C,-1.5165927583
CC(C)Br,-1.598518701
CCSCC,-1.4680248268
CC(=O)CCC=C(C)C,-1.6210489706
CCCCOCCOCCOCCCC,-1.862006084
CCC(=O)CC(C)CC,-1.630817582
CC(=O)C=C(C)[O-].CC(=O)C=C(C)[O-].CC(=O)C=C(C)[O-].[Al+3],-2.0338377464
FC(F)Cl,-1.4597341592
OCC#CCO,1.5363390032
O=C(O)CCC(C(=O)O)N(CC(=O)O)CC(=O)O,0.0436038038999999
C=C(C)OC(C)=O,-0.5277513782
CCCCCCCCCCCC(=O)NCC(=O)[O-].CCCCCCCCCCCCCC(=O)NCC(=O)[O-].[K+].[K+],-0.3429717
N[C@@H](COP(=O)(O)O)C(=O)O,-0.8149408723
O=C([O-])[O-].[Cs+].[Cs+],0.9300687552
CC(C)(C)C(=O)O,-0.5635618856
C#CCN(CC)CC,-0.6020131225
O=C([O-])CC(O)(CC(=O)O)C(=O)[O-].[Co+2],-0.954573972
O=C([O-])CC(O)(CC(=O)[O-])C(=O)[O-].O=C([O-])CC(O)(CC(=O)[O-])C(=O)[O-].[Co+2].[Co+2].[Co+2],-1.3025954999
O.O.[Ba+2].[Cl-].[Cl-],0.0418928153
O=[N+]([O-])C(Br)(CO)CO,0.1271308568
[Cu+].[Cu+].[SH-2],-4.2045730411
O=[Se]=O,1.3647745033
CC(=O)C=C(C)C,-0.560826234
C=C(C)C#N,-0.4067085165999999
O=S(=O)([O-])[O-].[Li+].[Li+],0.3921242805
C=C(C)C(=O)OCC[N+](C)(C)CCCS(=O)(=O)[O-],0.9627399696
O=C([O-])C(=O)O.[K+],-0.7096904801
CC(=O)NNC(C)=O,0.3286681761
C=CC(=O)OCCN(C)C,0.2243106848
[Cs],0.255764198
CC(C)(CO)COC(=O)C(C)(C)CO,0.0682018165
NNC(=O)NN,0.4145585536
CCCC(C)O,-0.2541408245
CS,-0.3148794359
O[B-](O)(F)F.[K+],-0.724347118
O.O.O.O.[Na+].[Na+].[O-]B([O-])[O-].[O-]B([O-])[O-].[O-]B([O-])[O-].[O-]B([O-])[O-].[O-]B([O-])[O-].[O-]B([O-])[O-].[O-]B([O-])[O-].[O-]B([O-])[O-],-0.4201864202
CCCC[NH+](C)C,-0.6670324644
N=C(N)N.[Cl-].[H+],1.3522850438999998
CC(=O)CC(=O)OCCOC(=O)CC(C)=O,-0.0337559002999999
O=P([O-])([O-])O.[Mn+2],0.1455471695
O.O=S(=O)([O-])[O-].[Zn+2],0.0702954323
O=[Si]([O-])[O-].[Na+].[Na+],0.2356352551
CCC(CO)(CO)COCC(CC)(CO)CO,-1.076302279
COC(=O)CCS,-0.7575876082999999
O=P([O-])(O)O.[K+],0.1842562687
C=CC=O,0.5693792548
O.O.O.O.O=S(=O)([O-])O.O=S(=O)([O-])[O-].[Ce+3],-0.2918169735
N.N.N.N.N.N.O.O.O.O.O.O.O.O.O.O.O.O.O.O.O.O.O.O.O.O.O.O.O.O.[Mo].[Mo].[Mo].[Mo].[Mo].[Mo].[Mo],-0.7664726234999999
[NH4+].[O-][Cl+3]([O-])([O-])[O-],0.2436628357999999
C=C(C)C(N)=O,0.3753911904
OCCOCC#CCOCCO,0.7589618218
C=COC(C)=O,-0.6339227122
C[Si](C)C,-0.5634276852000001
CCCCOCC,-1.5499606595
CC(C)C(NC(N)=O)NC(N)=O,-1.8096943587
FC(F)CCl,-0.9229632085
O=S(=O)([O-])[O-].[Ca+2],-1.715687645
C=C(Cl)Cl,-1.5885809265000002
CCCCCCCCN(C)C.[B+3].[Cl-].[Cl-].[Cl-],-5.4653701933
C=CCOC(=O)OCCOCCOC(=O)OCC=C,-2.0652647201
C=CCCCCCCO,-1.7442328638
CCCCCCC=O,-1.7501244285
C=CC(=O)OC(C)(C)C,-1.8045937153
CC(O)C(=O)N(C)C,1.6302351258
O=C([O-])CO.[NH4+],1.7009159091
C=CC(=O)OCC(C)C,-1.8067597771
CC(O)CN.O=C(O)CC(O)(CC(=O)O)C(=O)O,0.8629201268000001
C=CC(C)(C)O,0.351057238
O=C([O-])CCCCC(=O)[O-].[Li+].[Li+],0.0846221527
O=C([O-])CCCCCCCCC(=O)[O-].[Li+].[Li+],-0.0473478928
O=C([O-])CCCCCCCC(=O)[O-].[Li+].[Li+],-0.017921985
O=S(=O)([O-])[O-].[Sn+2],-0.0578238563
C/C=N/O,0.4958194622
[Br-].[Li+],1.3237062702
CCC(OCCCOC)OC(C)=O,-0.0168484647
O=S([O-])S(=O)[O-].[Na+].[Na+],0.0182921287
C/C=C\C=O,0.4120163187
CCCCCCCCCOS(=O)(=O)[O-].[Na+],-0.1361989598
C=C(C)C(=O)OCCOC(=O)CC(C)=O,-1.0636822045
COC(=O)/C=C(\C)N,-0.8059235439
F.O=[Si]=O.[MgH2].[Na],-0.8566651273999999
O=C([O-])[O-].O=C([O-])[O-].O=C([O-])[O-].[NH4+].[NH4+].[Zn+2].[Zn+2],-0.2897617622
[Na+].[Na+].[SH-],0.3524906593
CC(=O)[O-].CC(=O)[O-].[Ni+2],0.0005376801
OC(C(F)(F)F)C(F)(F)F,0.020110333
O=C[O-].O=C[O-].[Ca+2],0.1212110943
CC(=O)OCCOC(C)=O,0.068474963
[As+3].[As+3].[O-2].[O-2].[O-2],-1.0458962962
O=C(C(Cl)(Cl)Cl)C(Cl)(Cl)Cl,-1.1797979201
CCCCOP(=O)(O)OCCCC,-1.0872511921
C=COC,-0.5310304973
C=C(C)C(=O)OCCOCC,-0.9674738601
CCOC(=O)C(Cl)C(C)=O,-0.9859492465
CCN(CC)CC(C)O,0.1021113643
CC(N)=S,0.3363395335
COCC(C)OC(C)=O,0.0830232388
CCCCOCCOCCOCOCCOCCOCCCC,-1.3016357757
ClCBr,-0.8891641024
CC/C=C\CCO,-0.7858548038
O=C([O-])[O-].O=C([O-])[O-].OO.OO.OO.[Na+].[Na+].[Na+].[Na+],-0.3094338224
N#CS.N=C(N)N,1.106488088
CCCCCCCCCCCCOS(=O)(=O)[O-].[Na+],-0.2838814082999999
C=CC(C#N)OC(C)=O,-0.8986939452
CN(CC(=O)O)C(=N)N,-0.9387416733
CCCCC(CC)COCCCN,-1.096509119
CC(C)CC=O,-0.7590833569
O=P([O-])([O-])OP(=O)([O-])OP(=O)([O-])[O-].[Na+].[Na+].[Na+].[Na+].[Na+],-0.3954232123
C=CC(=O)OCCOC,0.0439416783999999
CN(C)C(N)=O,0.2124315669
[Au+].[C-]#N.[C-]#N.[K+],-0.3042087283
CC(=O)CC(C)C,-0.8514795392
C=COCCOCCOC=C,-1.0530702077
O=[N+]([O-])[O-].O=[N+]([O-])[O-].[Cu+2],0.8661228867
C=C(C)C(=O)OC(C)CO,-0.0449315461
CCCCC(CC)CO.O=P(O)(O)O,-1.2377892845
CCC(C)C=O,-0.8212312637000001
CC(C)CN(C=O)CC(C)C,-1.082666634
O=[V](=O)[O-].[K+],-0.0465738269
[La],0.9471841061
COC(=O)CCC(=O)OC,-0.0752231636
CC(=O)[CH-]C(C)=O.CC(=O)[CH-]C(C)=O.[Ca+2],-1.2665270421
C=C(C)C(=O)OCCOCCOCCOCCOC(=O)C(=C)C,-1.4186392601
CCC(C)(C)O,0.1266596907
O=[N+]([O-])[O-].O=[N+]([O-])[O-].O=[N+]([O-])[O-].[Rh+3],0.6074112618999999
NC(N)=S,0.188516266
C=CCOCC(CC)(CO)CO,-0.1997551773
CSCCC(O)C#N,-0.0765411499
CC(C)=CC=O,0.1165037469
[Li+].[OH-],0.6621234357
C#CC(C)(O)CC(C)C,-1.0365979243
OCCCCCCCl,-1.0824421952
N#CCCCCCCC#N,-1.0810922867
CC/C=C\C#N,-0.8598992117
O=[N+]([O-])[O-].O=[N+]([O-])[O-].O=[N+]([O-])[O-].[Cr+3],0.6456305496
C=CSC(C)O,0.0054931194
O=C([O-])CN(CCN(CC(=O)[O-])CC(=O)O)CC(=O)O.[Na+].[Na+],-0.5054187441
C[N+](=O)[O-],0.2335017655
O=[N+]([O-])[O-].O=[N+]([O-])[O-].O=[N+]([O-])[O-].[Sm+3],0.4860173873
C#CC(C)(O)CC,0.0167319924
NNC(=O)CCCCC(=O)NN,-0.2324579511
COCCOC,1.0451691789
CNC(N)=O,1.1302814392
OCCSCCO,0.9129678895
O.O=C(O)CC(O)(CC(=O)O)C(=O)O,0.6774954055
OCCOCCO,0.9741986662
CN(C)C(C)(C)CO.[Cl-].[H+],0.8134589559000001
NCCNCCO,0.9823282162
CN(CCO)CCO,0.9238549272
OCCOCCOCCO,0.8234052513
OCCN(CCO)CCO,0.8262602859999999
OCCCl,1.0941285967
N#CCC(=O)O,1.0702644103
C=CC(=O)OCCO,0.9351079333
CC(O)C#N,1.1482586908
C#CC(C)(C)O,1.0751110617
CC(C)(C)N,1.1358509819
CC(C)(C)O,1.1300470117
OCCS,1.1071488253
CN(C)CCCO,0.9864676175
C=CC(=O)OCCCCO,0.8411251015000001
CC(=O)N(C)C,1.0598721633
CC(C#N)NC=O,1.0083088579
CCNCC,1.1358509819
CNC(C)=O,1.1361123296
CCC(O)CO,1.0451691789
C[C@H](O)[C@@H](C)O,1.0451691789
O=C(Cl)C(=O)Cl,0.8964494062999999
NC=O,1.3463919758
CS(=O)(=O)O,1.0172449791
COC(=O)COCO,0.9204425284
CNN,1.3365535082
CCCC(O)CO,0.9823448956
OCCCCCO,0.9823448956
CC(N)CN,1.1300235759
CCC(=O)O,1.1303048889
O=C([O-])C(Cl)(Cl)Cl.[Na+],0.7319628929
CCCC[N+](C)(CCCC)CCCC.[I-],0.4850619562
O=C(O)C(F)(F)F,0.9430113455
CC(=O)[O-].CC(=O)[O-].CC(=O)[O-].[Y+3],-0.4249436743
CCC(C)(C)OC,-0.9795636765
N.N.O=C(O)O,-0.9826601144
COC(OC)OC,-1.0258013338
OCC(CBr)(CBr)CBr,-2.2261095189
O=C(O)C(O)C(O)C(=O)O.[Sr],-2.1065271998
CCCCC(CC)C(=O)O.[Mn+2],-2.0439121671
CCCCC(CC)COCC(O)CO,-2.0550171187
CC(C)CC(C)(O)C#CC(C)(O)CC(C)C,-2.1243507639
C=CC(=O)OCCCC,-1.8773408513
CCCCCCCCCCCC(=O)O[C@@H](C)CS(=O)(=O)[O-].CCCCCCCCCCCC(=O)O[C@H](C)CS(=O)(=O)[O-].[Na+].[Na+],-2.6180468359
O=[N+]([O-])OCC(CO[N+](=O)[O-])O[N+](=O)[O-],-2.1520684654
CCCCCCCCCCCCCCCCCOS(=O)(=O)[O-].[Na+],-2.3669926669
NCC(F)F,0.5225303771
CC(C)(C)OOC(=O)C(C)(C)C,-2.067961594
CCO[Si](OCC)(OCC)OCC,-2.1455655454
CCCCCCCCN(CCO)CCO,-2.1910376032
CCCCCCCCC(=O)[O-].CCCCCCCCC(=O)[O-].[Ca+2],-2.412949573
CCOC(OCC)OCC,-2.040520296
[F-].[Li+],-1.2901015882
CCCCCCCCC(=O)N(C)C,-2.1440495587
CCCCCCCCCCCC(=O)OCCS(=O)(=O)[O-].[Na+],-2.4084792453
CC(=O)N(CCN(C(C)=O)C(C)=O)C(C)=O,-2.2792257347
[N-]=[N+]=O,-1.5643997258000002
CC/C=C\CCOC(C)=O,-2.111500803
C=CC(Cl)CCl,-2.0555103791
[Al+3].[F-].[F-].[F-].[F-].[F-].[F-].[Li+].[Li+].[Li+],-2.1675670427
CC/C(CC(C)CC)=N\O,-2.1307281267
C=C(Br)C(F)(F)F,-2.2385851258
C=CC(=O)NC(C)(C)CC(C)(C)C,-2.2588292445
FCC(F)(F)F,-2.0087278867
O=[Mo](=O)=O,-2.1581724467
C[Si](C)(C)N[Si](C)(C)C,-2.2100723772
C=CC(C)CCCC(C)(C)O,-2.2212072407
CCC(C)Cl,-2.0012638712
CC(=O)[O-].CC(=O)[O-].[Pd+2],-2.3865009
CCCCC(CC)CO,-2.1604718659
CC/C(C)=C/CCC(C)=O,-2.1925860364
CCCC(C(CC)CO)C(CC)CO.CCCC(O)C(CC)CO.CCCCC(CC)CC(CC)CO.CCCCC(CC)CO,-2.9252846689
C=CC=C,-1.8668457003
CCC/C=C(/C=O)CC,-2.2559578736000003
CCCCC(C=O)CC,-2.2628407967
CC(CC(=O)O)CC(C)(C)C,-2.3542209788
N.N.[Cl-].[Cl-].[Pd+2],-2.5257397803
CO[Si](CCC(F)(F)C(F)(F)C(F)(F)C(F)(F)C(F)(F)C(F)(F)F)(OC)OC,-2.8923562141000003
C=C(Cl)C(Cl)CCl,-2.4244542069
CCOC(=O)C(C)CC,-2.3364163689
O=P([O-])([O-])O.[Mg+2],0.2641880223
CCCCOCCOCCOC(=O)CCCCC(=O)OCCOCCOCCCC,-2.8821848864
CO[Si](CCCCCC[Si](OC)(OC)OC)(OC)OC,-2.7929479843
CC(C)=CCCC(C)C=O,-2.4478585415
O=C(O)CN(CCN(CC(=O)O)CC(=O)O)CC(=O)O,-2.7667755992000003
CCCCCCCCCCCC(=O)N(C)CC(=O)O,-2.7346414392
CC(C)COC(=O)[C@H](C)Cl,-2.5175442498
CCCC(C)C(=O)OCC,-2.4896905423
C=C(C)C(=O)OC(C)(C)C,-2.4863755076
C=COCCCC,-2.3379408202
CCCCC(CC)COC(=O)C(C)O,-2.6735257097
[Al+3].[F-].[F-].[F-].[F-].[F-].[F-].[Na+].[Na+].[Na+],-2.6988459025
CC=C(C)C,-2.2331509446
C=C(C)C(=O)OCCCC,-2.5443674546
CC(CCO)CC(C)(C)C,-2.5570799155
CCCCCCCCCC[N+](C)(C)CCCCCCCCCC.[Cl-],-2.9677471262
C=COCCCCOC=C,-2.6477435098
O=C([O-])C(=O)[O-].[Mn+2],-2.6780811331
O=P([O-])([O-])[O-].[Li+].[Li+].[Li+],-2.5909258566
O=C([O-])C(O)C(O)C(=O)[O-].[Ba+2],-3.0523304042
CCCCOCOCCCC,-2.8068769998
CCCCCCCCCCCCCCCC[N+](C)(C)C.[Cl-],-3.1249455224
C#CC(C)(C)C,-2.6135564252
CCCCCCCCCCCCCC[N+](C)(C)CCCCCCCCCCCCCC.[Cl-],-3.3750249603
CCCCOC(=O)/C=C\C(=O)OCCCC,-3.1280341619
N[C@@H](CSSC[C@H](N)C(=O)O)C(=O)O,-3.1599219868
CCCCC(CC)C(=O)OC,-2.9898040042000003
O=P([O-])([O-])O.[Ca+2],-2.9490262679000003
C=CCCC,-2.6756730859
CCCCC(CC)COP(=O)(O)OCC(CC)CCCC,-3.3623020198
[NH3+]CCCCCCCCCCCC(=O)[O-],-3.1963980912
CC(O)C(=O)[O-].CCCCCCCCCC(=O)O.CCCCCCCCCC(=O)OC(C)C(=O)[O-].CCCCCCCCCC(=O)[O-].CCCCCCCCCCCC(=O)O.CCCCCCCCCCCC(=O)OC(C)C(=O)[O-].CCCCCCCCCCCC(=O)[O-].[Na+].[Na+].[Na+].[Na+].[Na+],-4.0857316668
CCCCCCCCCCC=O,-3.1520232011
CCC(C)Br,-3.1114780979
CC(C)CCC(C)(O)C#CC(C)(O)CCC(C)C,-3.4375252922
S.[Ni],-3.022952972
O=P([O-])([O-])[O-].[Fe+3],-3.2614644911000004
CCCC(C)=O,-0.19
CCCCCCCCCCCCCCCCN,-3.5835100427
CCCCCCCCCCCCCCCCCCN,-3.6312456144
CCCCC(C)=O,-0.8
C=CC(=O)OCCOCCOC[C@@H](CC)CCCC.C=CC(=O)OCCOCCOC[C@H](CC)CCCC,-3.9942741056
C=CC(=O)CCC,-0.83
C[N+](C)=CCC(O)CC(N)=O.[Cl-],0.5931295033
[S-2].[S-2].[Sn+4],-3.5808418514
O=C([O-])O.O=C([O-])[O-].[Na+].[Na+].[Na+],0.0508613621999999
O=P([O-])([O-])[O-].[Cu+2].[Cu+2].[OH-],-3.7450548094
C=CCOC(=O)CCCCCC,-3.5976237668
O=C([O-])CC(O)(CC(=O)[O-])C(=O)[O-].O=C([O-])CC(O)(CC(=O)[O-])C(=O)[O-].[Zn+2].[Zn+2].[Zn+2],-2.2540402576
NNC(=O)C(N)CO.[Cl-].[H+],0.5104628122
FS(F)(F)(F)(F)F,-3.6731547352
CC(C)CCCCCN(CCCCCC(C)C)CCCCCC(C)C,-4.0572475801
CCCCCCCC/C=C\CCCCCCCCNC(=O)CC(C(=O)[O-])S(=O)(=O)[O-].[Na+].[Na+],-0.0195157831
C=C(C)C(=O)OCC(F)(F)C(F)(F)C(F)(F)C(F)F,-4.0459673488
CC(C)(C)CCCCC(=O)O,-2.4750431492
CCCCCCCCCCCCCCOC(=O)OOC(=O)OCCCCCCCCCCCCCC,-4.3499005787
S=[Fe],-3.6218288656
CC(=O)CCCC(C)CCCC(C)C,-4.0051761335
CN(C)C(=S)SSC(=S)N(C)C,-4.1161961212
CO[Si](CC(C)C)(OC)C(C)C,-4.0243009096
O=C([O-])[O-].[Ca+2],-3.7802652447
CCCCNC(=S)N(CCCC)CCCC,-4.1840665057
CCCCC(CC)CNCC(CC)CCCC,-4.2367225564
CC(CC(C)(C)C)CP(=O)(O)CC(C)CC(C)(C)C,-4.3661284711000015
CCCCCC,-3.9441703352
N#CNC(N)=NCCCCCCN=C(N)NC#N,-4.4346903729000005
C=CC(C)(CCC=C(C)C)OC(=O)CC,-4.3823578934
CCCCCCCCCCCCCCCCCCCCCC[N+](C)(C)C.COS(=O)(=O)[O-],-4.8359730654
C=CC(C)(O)CCCC(C)CCCC(C)CCCC(C)C,-4.7086538251
O=C([O-])[O-].[Mn+2],-4.5005872378
O=[Ni],-4.5191656494
[Cl-].[Cu+2].[Cu+2].[OH-].[OH-].[OH-],-5.2539851522
CN(C)C(=S)[S-].CN(C)C(=S)[S-].[Zn+2],-5.4987140306
CC(=O)CCCC(C)CCCC(C)CCCC(C)C,-5.4746775177
O=[Mn],-4.921453892
[Mn],-4.894774805
[F-].[F-].[F-].[La+3],-5.535398327699999
O=[Cu],-5.3051166643
O=P([O-])([O-])OP(=O)([O-])[O-].O=P([O-])([O-])OP(=O)([O-])[O-].O=P([O-])([O-])OP(=O)([O-])[O-].[Fe+3].[Fe+3].[Fe+3].[Fe+3],-6.3076085303
CCCCCCCCCCCCS[Sn](CCCC)(CCCC)SCCCCCCCCCCCC,-6.295424349
CCCCCCCCCCCCCCCCCCCCCCOC(=O)CCCCCCCCC(=O)OCCCCCCCCCCCCCCCCCCCCCC,-6.405660228
CCCCN(CCCC)C(=S)SCSC(=S)N(CCCC)CCCC,-6.2405235691
CCCCCCCCCCCCCCCCCCOCCCN(C)C,-6.8520540298000014
[Ta],-6.9291741838
CC(C(C)(C)C)C(C)(C)SSSC(C)(C)C(C)C(C)(C)C,-9.129966133
O=[N+]([O-])[O-].O=[N+]([O-])[O-].[Zn+2],0.7217551526
CC(C)(C)CC(C)(C)CC(=O)[O-].CC(C)(C)CC(C)(C)CC(=O)[O-].[Ba+2],-1.698832456
CCCC[P+](CCCC)(CCCC)CCCC.[Br-],0.41483097
NC(CO)CO,0.9744271172
O=S(=O)(O)O.[Ag+].[Ag+],-1.5849835397999998
O.O.O.O.[Cl-].[Cl-].[Mn+2],0.5826413073
NC(CO)(CO)CO,0.7906283690000001
CC[NH+](CC)CC.[Br-],0.5951972853999999
COS(=O)(=O)[O-].C[N+](CCO)(CCO)CCO,0.3926664196
O=C([O-])CSSCC(=O)[O-].[NH4+].[NH4+],0.4596030518
OCCCOCC(OCCCO)C(OCCCO)C(OCCCO)C(COCCCO)OCCCO,0.053341445
CN(CC(=O)O)C(N)=NP(=O)([O-])[O-].[Na+].[Na+],0.3126582838
CCCCC(CC)C(=O)[O-].CCCCC(CC)C(=O)[O-].[Ba+2],-0.905288847
O=C([O-])[C@H](O)[C@H](O)[C@@H](O)[C@H](O)[C@H](O)CO.[Na+],0.3170701984
O=C([O-])CCC(=O)C(=O)[O-].[Na+].[Na+],0.4295256052000001
NCCCCCCCCCCN,1.5277010030000002
CC(C)CCCCCCCO.O=C(O)CC(C(=O)O)S(=O)(=O)O.[Na+].[Na+],0.0810654195
N[C@@H](CCC(=O)[O-])C(=O)[O-].[Na+].[Na+],0.3719654625999999
C=CC(=O)NCOCCCC,-0.6536630282
[Br-],-0.3762292432999999
CCCCCCCCCCCCN(CCC(=O)[O-])CCC(=O)O.[Na+],-0.0407296334
CCCCCCCC/C=C/CCCCCCCC(=O)N(C)CC(=O)[O-].[Na+],-0.0975222259999999
CC(O)C(=O)NCCO,1.3070323786
O=P([O-])([O-])[O-].O=P([O-])([O-])[O-].[Ba+2].[Ba+2].[Ba+2],-1.3456118943000002
C=C(C)C(=O)OCCO.O=P(O)(O)O,-0.9602557176
CC(=O)CC(C)=O,0.1864485079
COC(=O)CC(=O)OC,0.0273419683
O=C(O)CC(O)(CC(=O)O)C(=O)O.O=C(O)CC(O)(CC(=O)O)C(=O)O.[Mg].[Mg].[Mg],-1.5461258216999998
O=C([O-])C(O)[C@H](O)[C@@H](O)[C@H](O)[C@H](O)CO.[Na+],0.7066663199
CN(C)C(=N)N(C)C,0.9386229258
O=C(CS)OCC(O)CO,0.7793742068
OCCOCCOCCOCCO,0.7116903978
CC(CCO)CCO,0.927470714
CC(=O)O.OCCNCCO,0.7820188759000001
CO,1.4942803838999998
CC(=O)O.OCCN(CCO)CCO,0.6793511375
C=C(C)C(=O)OCCO,-0.1144208137
COC(C)(C)CCO,-0.072529286
CCCCOP(=S)([S-])OCCCC.CCCCOP(=S)([S-])OCCCC.[Zn+2],-2.5083839395
CCCCC(CC)C(=O)[O-].CCCCC(CC)C(=O)[O-].[Zn+2],0.4554354087
CCC(C)OP(=S)([S-])OC(C)CC.[Na+],-2.4221431699
CC(C)CCCCCC(=O)NCCCCCC(=O)O,-2.7708536118
CCCCCCCCC(=O)O,-2.7221977641
S=S=[Ni][Ni][Ni],-4.5143091680000005
O=C([O-])[O-].[Cu+2].[Cu+2].[OH-].[OH-],-5.1432191168
O=[Mn]=O,-6.1610484037
CCC(N)(CO)CO,0.9015785325
[Na+].[O-]CCS,0.9537303441
O=CO.[Cs+],0.6746872011
O=C(O)COCCOCC(=O)O,0.6709250275
C=C(C)C(=O)NCOC,0.7919653131000001
O=C([O-])CN(CCN(CC(=O)[O-])CC(=O)[O-])CCN(CC(=O)[O-])CC(=O)[O-].[Na+].[Na+].[Na+].[Na+].[Na+],0.2012984367
NC(N)=O.O=S(=O)([O-])O.OC[P+](CO)(CO)CO,0.4036921179
O=[Si]([O-])O[Si](=O)[O-].[Na+].[Na+],0.5846760173
CC(C)(C)OO,0.8846472262999999
O.O.O.O.O.O.O=[N+]([O-])[O-].O=[N+]([O-])[O-].[Co+2],0.3618761934000001
NC(N)=O.OC[P+](CO)(CO)CO.[Cl-],0.4251118411999999
CC(O)CN(CC(C)O)C(=O)CCCCC(=O)N(CC(C)O)CC(C)O,0.2109933627
O=C(O)CCS,0.754917543
COC(=O)C(N)CO.[Cl-].[H+],0.5774207675
CN(C)CCOCCN(C)CCO,0.4764657364
N#CN,1.1245149893000002
CC(C)(CO)[C@@H](O)C(=O)NCCCO,0.3944261529
CC(=O)[O-].[Cr],0.6534905512
CC(O)CN(CC(C)O)CC(C)O,0.4173208759000001
NCCCC[C@H](N)C(=O)O.[Cl-].[H+],0.4373479501
C=CC(=O)NC(C)(C)CS(=O)(=O)[O-].[Na+],0.3386928662
NCCNCCNCCNCCNCCN,0.3327787326
O=P([O-])(O)O.O=P([O-])(O)O.[Ni+2],0.2964249182
CC(C)COC(=O)CC(C(=O)OCC(C)C)S(=O)(=O)[O-].[Na+],0.1773743212
CC(C)CC(C)OC(=O)CC(C(=O)OC(C)CC(C)C)S(=O)(=O)[O-].[Na+],0.1096259345
CCCCC(CC)COS(=O)(=O)[O-].[Na+],0.3329637961
CCC(=O)[O-].[Na+],0.716422901
C=CC(=O)[O-].[Na+],0.7150841112
C[N+](C)(C)CCO.[OH-],0.6032053211
CC(CCN)CC(C)(C)CN,0.4781562172999999
CCCCCCCCOS(=O)(=O)[O-].[Na+],0.2872063056
CCCCCCCCCCCC(=O)NCCC[N+](C)(C)C.COS(=O)(=O)[O-],-0.011381165
CCCCCCC(CCCC)COS(=O)(=O)[O-].[Na+],0.142087324
CCCCCCCCCCCCOS(=O)(=O)[O-].[Li+],0.10896299
CCCCCCCCCCOS(=O)(=O)[O-].[Na+],0.1029880533
O=C([O-])CN(CCN(CC(=O)[O-])CC(=O)[O-])CC(=O)[O-].[Fe+3].[K+],-0.0920128034
CCCCCCCC/C=C\CCCCCCCC(=O)N(C)CC(=O)O.OCCN(CCO)CCO,0.7757804054999999
O=C(O)CO,0.5960163257
CN(C)C(=N)N=C(N)N.[Cl-].[H+],0.257987497
N#CCN(CC#N)CC#N,-1.6475578342
CCCCCCCC/C=C\CCCCCCCC(=O)N(C)CC(=O)[O-].[K+],-0.1215920041
CC(=O)OC(C)C,-0.5467680909
C=C(COC(C)=O)COC(C)=O,-0.7796166704
CNCCS(=O)(=O)[O-].[Na+],0.1906881396
[Al+3].[Cl-].[Cl-].[Cl-].[Cl-].[Cl-].[Cl-].[Cl-].[Ti+4],-0.1112894041
CCCCCCCCCCCCN(CCCN)CCCN,-0.1977113735
CC(C)CCCCCCCOC(=O)CC(C(=O)OCCCCCCCC(C)C)S(=O)(=O)[O-].[Na+],-0.4691061177000001
CC(C)(N=NC(C)(C)C(=N)N)C(=N)N.[Cl-].[H+],-0.1451393328
[Au+3].[Cl-].[Cl-].[Cl-].[Cl-].[NH4+],0.4889459304999999
O=[PH]([O-])[O-].[Ca+2],0.9487769325
CC(=O)[O-].CC(=O)[O-].N.N.N.N.[Pd+2],0.5414259625
CC(C=O)(CO)CO,0.9289333763
NCCN(CCN)CCN.NCCNCCNCCN,0.5339097655
NCCNCCN(CCN)CCN.NCCNCCNCCNCCN,0.4218033311999999
CN(C)CCCN,0.9906298514
CCN(C#N)CCC[NH+](C)C.[Cl-],0.7173642943999999
CC(C)(C)CCCCCCCC(=O)O,-2.1113969493
CCOCCOCCOC,0.8291459354999999
C=CC(=O)OCCCO,0.8855791863
CC(O)CN(CCCN(C)C)CCCN(C)C,0.6101059749000001
NCCOCCN,0.9823282162
COCCOCCOCCOCCOC,0.6530976581
COCCOCCOCCOC,0.7490240663
NCCO.O=C(O)CS,0.8147327303
CC(CCC(=O)O)C(=O)O,0.8352249534999999
O=C(O)CC(=O)C(=O)O,0.8791925338
OCC(O)COCC(O)CO,0.7794395395
NCC(O)CO,1.0404339534
CC(=O)CC(N)=O,0.9952273665
OCCOCC(COCCO)OCCO,0.6492617384
C[N+](C)(C)C.[Cl-],0.9601894459
CC(=O)CC(=O)N(C)C,0.8888753261
CN(C)CCCNC=O,0.8854190372
CNC=O,1.2286477338
O=C([O-])CS.[NH4+],0.96197626
O=C(O)CCCCCCCCCCC(=O)O.OCCN(CCO)CCO.OCCN(CCO)CCO,0.2768038328
CN(CCCN)CCCN,0.8378838589000001
[Cl-].[Cs+],0.7737662420999999
[Cs+].[OH-],0.8241636018
NCCO.NCCO.O=C(O)O,0.7347292364
O=S(=O)([O-])[O-].[Cs+].[Cs+],0.4414438192
O=C(O)CCCCC(=O)O.[K+],0.7322652276999999
CC(=O)OCCOCCOCCOC(C)=O,0.6303241084000001
CCC[NH2+]CC,1.0546594571
[Cl-].[Cl-].[Cl-].[In+3],0.6552600369
N#C[S-].[K+],1.0124096986
C#CCO,1.2513159198
OCCCO,1.1186438786
CCCCC(CC)C(=O)[O-].[Na+],0.779379433
CCOP(=S)([S-])OCC.[Na+],0.6814775579000001
CC(C)COP(=S)([S-])OCC(C)C.[Na+],0.5778568301
N#C[S-].[Na+],1.0911130427
CC(C)COC(C)(C)C,0.8852856245999999
C[N+](C)(C)C.[OH-],1.040224269
O=P([O-])([O-])[O-].O=P([O-])([O-])[O-].[Zn+2],0.5928981548
CC(C)OCCO,-0.0176551044
NC(=O)CCNCCO,-0.1211098882
COP(C)(=O)OC,-0.0936877841
CO[P+](=O)OC,-0.0375898256999999
O=C(C(F)(F)C(F)(F)F)C(F)(C(F)(F)F)C(F)(F)F,-1.4997434273
[Cl-].[Cl-].[Cl-].[Cl-].[H+].[H+].[Pd+2],-1.3983706153
O=[N+]([O-])[O-].O=[N+]([O-])[O-].[Pd+2],-1.3625352504
C=CCCCCCCCCC(=O)N(CCO)CCO,-2.7615135856
C=CC(C)(CCC=C(C)C)OC=O,-4.0405904263
O=C(O)/C=C\C(=O)OCCOCCOCCOC(=O)/C=C\C(=O)O,0.1595325622
CC(C)CCCCCCCOCCCNCCCN,-3.2048809276
O=C([O-])C(=O)[O-].[Ce].[Ce],-4.8732958362
CCCCCCC(=O)OCC(CC)(CO)COC(=O)CCCC,-5.982567027000001
O=[Ti]([O-])[O-].[Sr+2],-6.5279992996
O=[N+]([O-])[O-].O=[N+]([O-])[O-].O=[N+]([O-])[O-].[Y+3],0.5453241375
CCCCCCCC(=O)NCCCC[C@H](N)C(=O)O,0.0575708237
O=P([O-])([O-])OP(=O)([O-])[O-].[Na+].[Na+].[Na+].[Na+],-0.1942710493
O=C([O-])CP(=O)([O-])O[O-].[Na+].[Na+].[Na+],0.301076949
O=S(=O)(NS(=O)(=O)C(F)(F)F)C(F)(F)F,0.4541441757
CCCCCCCC/C=C\CCCCCCCCOCCO,-2.4949028287
CCCCCCC(O)CCCCCCCCCCC(=O)OCC(O)CO,-3.3974324562
CC(CC(C)(C)C)CC(C)(C)CC(C)(C)C,-3.3549684893
CCCCOCC(C)OCC(C)O,-0.6530596225
CCCCCCCCCCCCCCCCCCC(=O)O,-3.775990335
CCOC(C)(C)CC,-1.4719350107
C=CC(=O)OCCCCCCCCCCCC,-4.3809109776
[Al+3].[O-2].[O-2].[O-2].[Y+3],-4.2145392055
[I-].[I-].[I-].[Rh+3],-4.6845024567
C=CC(=O)OCCCCCCCCCCCCCC,-4.428848848
CCCCCCCCCCCCCCCCCCP(=O)(OC)OC,-5.529966163099999
CCCCCCCC/C=C\CCCCCCCC(=O)NCC(C)O,-5.530921640800001
O=P([O-])([O-])OP(=O)([O-])OP(=O)([O-])[O-].[Al+3],-5.6688423383
C=CC(=C)CC/C=C(\C)CCC=C(C)C,-6.3103895185
CCCCCCCC[Sn](CCCCCCCC)(CCCCCCCC)CCCCCCCC,-6.7570975386
CCCCCCCCCCCCCCCCOC(C)=O,-7.397152994400001
CCCCC(CC)COC(=O)CCC(=O)OCC(CC)CCCC,-7.835715931
CCC(CC)CO[Si](OCC(CC)CC)(OCC(CC)CC)OCC(CC)CC,-8.1906449159
CCCCC(CC)C(=O)O.CCCCCCCC(=O)O.CCCCCCCCC(=O)O.OCC(CO)(CO)CO,-8.7655314659
CCCCCCCC(=O)OOC(=O)CCCCCCC,-7.6118931699
CCCCCCCCCCCCS,-7.573831768200001
C.[Nb],-7.6358227076
C=COC(=O)CCCCC(C)(C)C,-7.1224610466
O.O.O.O.O.O.O.O.O.O=S(=O)([O-])[O-].O=S(=O)([O-])[O-].O=S(=O)([O-])[O-].[Al+3].[Al+3],-7.4985586512
FC(F)(F)C(F)(F)C(F)(F)C(F)(F)C(F)(F)C(F)(F)C(F)(F)C(F)(F)F,-7.6415256675
[Cr],-10.0169999307
[O-2].[O-2].[O-2].[Sm+3].[Sm+3],-5.5588468327
O=[W]=O,-5.9557300071000006
CC(C)(CO)CO.CCCCCCCC(=O)O.CCCCCCCCCC(=O)O,-6.6558855625
[Co+2].[S-2],-5.0152501934
C.[V],-6.2058415067
[P],-6.566718008
O=[Ti]=O,-4.9999945622
CCCCCCCCCCCCCCCCCCCCCC(=O)[O-].[Ag+],-6.782690091799999
[Nd+3].[Nd+3].[O-2].[O-2].[O-2],-7.634860780499999
O=[Nb](=O)O[Nb](=O)=O,-6.9474451591
[Al+3].[Al+3].[O-2].[O-2].[O-2].[O-2].[O-2].[Zn+2].[Zn+2],-7.6234773746
CCC(C)CCCC(C)CCCC(C)C,-6.61539022
CCCC(Cl)CCCC(Cl)CCC(Cl)CCC(Cl)CCC(Cl)CCCC(Cl)CCC,-7.9658105639
[Dy],-7.5118833610000015
O=[PH]([O-])O.O=[PH]([O-])O.O=[PH]([O-])O.[Al+3],-4.7708809717000005
O=[Co]O,-6.275970814500001
[Co],-5.1171460358
CC(C)CCCCCCCCCCCCCCCOC(=O)CCCCCCCCCCCCCCC(C)C,-7.0864973463
C/C(=C\CO)CCC[C@H](C)CCC[C@H](C)CCCC(C)C,-4.8617411072
CCCCCCCCCCCCCCCCCCCN,-5.8571242399
[Al+3].[Cl-].[Cl-].[Cl-],-6.568661207100001
O=C([O-])C(=O)[O-].[Co+2],-4.6677879254
CCCCC(CC)C(=O)OOC(C)(C)CC(C)(C)C,-5.9495319098
FC(F)(F)C(F)(F)C(F)(F)C(F)(F)C(F)(F)C(F)(F)CCI,-7.1886381337000005
CC(C)C(C)(C)C(C)(C)C(C)(C)S,-7.7118329776
CCCCCCCCCCCCCCCCCCCCCC(=O)OCC(CO)(CO)COC(=O)CCCCCCCCCCCCCCCCCCCCC,-8.3487503358
O=[Cr]O[Cr]=O,-7.6862678201
CC(C)CCCCCCCCCCCCCCC(=O)OCC(COC(=O)CCCCCCCCCCCCCCC(C)C)OC(=O)CCCCCCCCCCCCCCC(C)C,-8.4587601408
O=[Sn],-8.828369840499999
CCCCC(CC)C(=O)OOC(C)(C)CCC(C)(C)OOC(=O)C(CC)CCCC,-7.188496044500001
C=C(C#N)C(=O)OCC,-6.717139790499999
CCCCCCC(O)CCCCCCCCCCC(=O)[O-].CCCCCCC(O)CCCCCCCCCCC(=O)[O-].[Zn+2],-5.4548481286
CCCCC(CC)COC(=O)OOC(C)(C)CC,-6.088238680599999
CCOC(F)(C(F)(F)C(F)(F)C(F)(F)F)C(F)(C(F)(F)F)C(F)(F)F,-7.2887340171
[Se],-6.5751878449
C=C(C)C(=O)OCCCCCCCC(C)C,-6.0559466089
[Cd]=[Te],-7.1014793549
O=C([O-])[O-].[Co+2],-4.8375365922
[Fe],-5.5190975907
[B],-4.8435743389
CCCCC(CC)C(=O)[O-].CCCCC(CC)C(=O)[O-].[Co+2],-5.347977516
C=C(C)C(=O)OCCCCCCCCCCOC(=O)C(=C)C,-6.3502060506
CCCCCCCCCC(=O)OOC(=O)CCCCCCCCC,-6.4497523604
[O-2].[O-2].[Pt+4],-7.2627495503
[Nd],-7.0799044677
O=[Co],-5.798391069
C=C(C)C(=O)OCCCCCCCCCCCCOC(=O)C(=C)C,-7.484220297999999
CCCCCCCCCCCCCCCCCC(=O)OC(CCCCCC)CCCCCCCCCCC(=O)OCCCCCCCCCCCCCC(C)C,-8.755372465299999
CCCCCCCC/C=C\CCCCCCCC(=O)OCC(CC)(CO)COC(=O)CCCCCCC/C=C\CCCCCCCC,-8.7211960386
[O-2].[Pd+2],-8.0625429623
S=[SnH2],-8.4059550501
[Bi+3].[Bi+3].[S-2].[S-2].[S-2],-9.0983152748
FC(F)(F)C(F)(F)C(F)(F)N(C(F)(F)C(F)(F)C(F)(F)F)C(F)(F)C(F)(F)C(F)(F)F,-9.1359660934
C[Si](C)(C)O[Si](O[Si](C)(C)C)(O[Si](C)(C)C)O[Si](C)(C)C,-9.4071737246
[Ir],-9.9827617991
CC(C)CCCCCCCCCCCCCCCOC(=O)CC(O)C(=O)OCCCCCCCCCCCCCCCC(C)C,-7.992627598799999
CCCCCCCCCCCCCCCCCC(=O)[O-].CCCCCCCCCCCCCCCCCC(=O)[O-].[Co+2],-5.2733987051
CCCCCCCCCCOC(=O)C(CC)CCCC,-8.1939864578
CC(CCOC(=O)CC(C)CC(C)(C)C)CC(C)(C)C,-8.2779665867
CCCCCCCCCCCCCCCCCC(=O)OCCCCCCCCCCCCCC,-8.983050454099999
O=[Cr]O[Cr]=O.O=[Fe]O[Fe]=O.O=[Mn]O[Mn]=O,-8.972710915599999
[Si],-5.6631600565
S.[Mo],-5.8129901866
CCCCCCCOCC(COCCCCCCC)(COCCCCCCC)COCCCCCCC,-7.94522478
O=[Zr]=O,-6.350325563999999
CCCCCCCCCCCCCC(=O)OC(C)C,-6.733128222
CCCCCCCCCCCCCCCCCCOC(=O)CCSCCC(=O)OCCCCCCCCCCCCCCCCCC,-8.2324757883
[Sn],-7.472430972100001
CCCCC(CC)COC(=O)/C=C\C(=O)OCC(CC)CCCC,-6.9758197173
CCCCCCCCCCCC(=O)OCC(C)C,-7.9318475776
CCCCCCCC/C=C/CCCCCCCC(=O)OCCC(C)C,-8.0701647483
O=S(=O)(F)C(F)(F)C(F)(F)C(F)(F)C(F)(F)F,-6.0423843487
CCCCC(CC)CN(CC(CC)CCCC)CC(CC)CCCC,-8.2475792783
CCCCCCCCCCCCCC(=O)OCC(O)CO,-7.397875398099999
O=[Pb]=O,-7.325679100599999
CCO[Si](CC(C)CC(C)(C)C)(OCC)OCC,-6.4416841407000005
CCCCCCCCCCCCCC(=O)OCC(COC(=O)CCCCCCCCCCCCC)OC(=O)CCCCCCCCCCCCC,-8.6470570009
[Be]=O,-7.255116256
[Al+3].[Al+3].[Co+2].[Co+2].[O-2].[O-2].[O-2].[O-2].[O-2],-8.4010988426
[Bi+3].[O-2].[O-2].[O-2].[O-2].[V],-8.5104350823
O.[Fe+3].[Fe+3].[O-2].[O-2].[O-2],-8.2496923157
C=C(C)C(=O)OCCCCCCCCCCCC,-8.4055410062
[Nb],-7.9680437622000015
C=C(C)C(=O)OCCCCCCCCCCCCCCCCCC,-8.5296561698
CCCCCCCCCCCCCCCCOC(=O)CCCCCCCCCCCCCCC,-8.754650095399999
CCCCC(CC)C(=O)[O-].CCCCC(CC)C(=O)[O-].[Zr+2],-8.7020121255
[Be],-7.2558511787
CCCCC(CC)C(=O)OCC(COC(=O)C(CC)CCCC)(COC(=O)C(CC)CCCC)COC(=O)C(CC)CCCC,-9.2047594175
[Au],-8.8172722155
CCCCCCCC/C=C/CCCCCCCCO[P+](=O)OCCCCCCCC/C=C/CCCCCCCC,-9.5344195865
O=[Ce]=O,-9.1459110865
CCC(CC)O[N+](=O)[O-],-2.4522
CC(O)C(=O)O,1.0454
CN(CCCl)CCCl,-1.1141
COP(=O)(OC)C(O)C(Cl)(Cl)Cl,-0.3315
NC(CS)C(=O)O,0.3597
CC(C)OP(=O)(F)OC(C)C,-1.0777
NCCCC(=O)O,1.1006
NCCCCC(N)C(=O)O,0.8351
O=P(O)(O)OCC(O)CO,0.7643
C=CCN=C=S,-1.6953
CN(C)N,1.2211
O=C(CO)[C@@H](O)[C@H](O)[C@H](O)CO,0.6353
CC(O)CO,1.1186
CSCCC(N)C(=O)O,-0.6593
OCC(S)CS,-0.1547
NCCCCCC(=O)O,0.5854
CC(N)=O,1.5808
COC(C[Hg+])CNC(N)=O.[Cl-],-1.5235
CC(C)(N)C(=O)O,0.2453
O=C([O-])CF.[Na+],1.0452
CCC(C)C(C)(COC(N)=O)COC(N)=O,-2.366
CC(C)=O,1.236
CS(C)=O,1.1072
CC(=O)N(O)CCCCCNC(=O)CCC(=O)N(O)CCCCCNC(=O)CCC(=O)N(O)CCCCCN,-1.6695
CC(O)C(=O)[O-].[Na+],0.9505
C,-2.8629
C#N,1.5682
C#CC,-1.0417
CCN,1.346
C=NO,0.5768
BrC(Br)Br,-1.9113
CC(C)I,-2.0843
CC(C)N,1.2283
IC(I)I,-3.5952
C[As](C)(=O)O,1.1612
CC(C)(O)C#N,1.07
FC(F)(F)CCl,-1.1098
O=C([O-])C(Br)(Br)Br,-0.1713
CC(=O)C(C)(C)C,-0.7219
CC(Cl)(Cl)C(=O)O,0.5455
CC(O)C(Cl)(Cl)Cl,-0.7574
O=C(O)C(F)(F)Cl,0.8845
FC(F)(Cl)C(Cl)(Cl)Cl,-3.3093
FC(Cl)(Cl)C(F)(Cl)Cl,-3.2301
CC(C)(CO)[N+](=O)[O-],1.4681
CC(Cl)C(Cl)(Cl)C(O)O,-0.8666
CC(CO)(CO)[N+](=O)[O-],0.7724
CCC(C)(O)CC,-0.38
CCOP(=O)(C#N)N(C)C,-0.2186
CCCCOC(=O)CC(CC(=O)OCCCC)(OC(C)=O)C(=O)OCCCC,-4.9058
CCOC(=O)CC(O)(CC(=O)OCC)C(=O)OCC,-0.6285
CCC(CO)(CO)CO,0.8723
O=[N+]([O-])OCC(CO[N+](=O)[O-])(CO[N+](=O)[O-])CO[N+](=O)[O-],-3.8664
CCC(C)(CC)OC(N)=O,-1.5599
CCCC(C)(COC(N)=O)COC(=O)NC(C)C,-2.9384
CCCCOP(=O)(CCCC)OCCCC,-2.6995
C=CC(C)(O)CCC=C(C)C,-1.9871
BrCC(Br)Br,-2.7272
CC(Br)CBr,-2.1498
CC(C)CN,1.1359
C=C(Cl)CCl,-1.7128
CC(=O)CCl,-0.012
CC(O)CN,1.1243
CCC(Cl)Cl,-1.6217
O=C(O)CBr,1.1002
CC(=O)OO,1.1189
O=C(O)C(Cl)Cl,0.8896
CC(C)(CO)C(O)C(=O)NCCC(=O)O,0.6591
C=C(C)C(=O)C(=CC(=O)O)OC,-0.9299
C=CCN(CC=C)C(=O)CCl,-0.9452
CCCC(O)C(CC)CO,-0.5418
CCC(CC)C(=O)OCCOCCOCCOC(=O)C(CC)CC,-3.2386
C/C(N=O)=C(\C)NO,-2.2868
CCOC(=O)C(=O)OCC,-0.6085
OCC(Br)CBr,-0.6222
ClCC(Cl)CCl,-1.9255
CCC(N)CO,1.0499
OCC(O)CCl,0.9565
CC/C(C)=N/O,0.0599
CC(OP(C)(=O)F)C(C)(C)C,-0.9383
CC(C)N(CCO)C(C)C,-1.0829
CC(=O)N[C@H](C(=O)O)C(C)C,-0.3599
CCCC(C)C(=O)O,-0.889
CCOC(=O)C(C)O,0.9276
CC(C)COC(=O)C(C)C,-2.1590000000000003
CCN(CC)CCO,0.9311
CCN(CC)CN(CC)CC,-0.1995
CC(O)CN(CCN(CC(C)O)CC(C)O)CC(C)O,0.534
C=CCN(CC=C)CC=C,-1.7395
CCCCN(CCCC)CCCC,-3.1157
C#CC(O)CCC,-0.4121
CCOC(=O)CCl,-0.8005
COC(=O)CC(C)=O,0.6341
CCC(C)OC(C)=O,-1.2727
CCCC(=O)OCCOC(=O)CCC,-2.6069
COCCOC(=O)CCCCC(=O)OCCOC,-1.2665
CCCCCCC(=O)OCC,-2.7369
CCCCCCCC(=O)OCC,-3.3907
CCCCC(=O)CC,-1.4242
CC(O)COC(C)CO,0.8723
CCCCCC(=O)CC,-1.693
COC(=O)CCCCCCCCC(=O)OC,-3.2831
C#CCBr,-0.9022
C#CCC,-1.2753
CCCS,-1.6021
ClCCBr,-1.3177
C=CCCl,-1.3562
C=CCN,1.2434
NCCN,1.2211
C=CCO,1.236
OCCO,1.2071
O=CC=O,1.2363
NCCS(=O)(=O)O,-0.1906
O=S(=O)(O)CCO,0.8992
CC(O)CC(C)(C)O,0.9275
CC(C)OP(C)(=O)F,0.8536
CCOP(=O)(OCC)OP(=O)(OCC)OCC,0.5373
C[Si](C)(C)O[Si](C)(C)O[Si](C)(C)C,-6.8424
NC(=O)OCC(Cl)(Cl)Cl,-1.2843
COC(C)(C)CC(C)=O,0.3326
CC(C)CCBr,-2.886
CC(O)CCO,1.0452
CC(O)CC=O,1.055
N#CCC(N)=O,0.1893
CCCC(=O)O,-0.1669
CNCC(=O)O,0.5273
CN(C)CCO,1.0499
CC(C)CC(C)C,-4.2605
CC(C)CC(C)O,-0.7945
CC(=O)OC(C)=O,0.0702
CCOC(=O)CC(C)C,-1.8135
CC(=O)OC(C)CC(C)C,-2.0451
CCCCOC(=O)CCCCCCCCC(=O)OCCCC,-3.8955
CCOCCOC(=O)CCCCC(=O)OCCOCC,-2.065
CCC#CC(C)O,-0.4121
C=COCC(C)C,-1.5236
BrCCCBr,-2.0747
C/C=C\CC,-2.5384
CCCCN,1.1359
N#CCCO,1.1483
CCCCS,-2.1792
NNCCO,1.1186
COCCO,1.1186
CC(=O)OCC(C)C,-1.2657
CC(C)=NNC(N)=O,-0.2674
CCCCCCCCCC(=O)OCC,-4.1006
CCOC(=O)CCCCCCCCC(=O)OCC,-3.5091
CC(C)CCOC=O,-1.5206
COCCOC(C)=O,0.9276
ClCCCCCl,-0.92
ClC/C=C/CCl,-2.1675
CCCCCN,1.0597
CCCCCS,-2.8248
C=COCCCl,-2.3951
CCOCCO,1.0452
CC[C@H](C)[NH2+][C@H](C)CC,-1.769
O=C(O)COCC(=O)O,0.4927
CCCCCCC(=O)O,-1.6646
CCOCCOC(C)=O,0.2716
O=C(O)CCCCCCCCC(=O)O,-2.3059
O=[N+]([O-])OCCOCCOCCO[N+](=O)[O-],-1.561
NCCNCCN,0.9864
COCCOCCO,0.9203
CCCCCCCCC,-5.7657
CCOCCOCCO,0.8723
ClCCOCOCCCl,-1.3461
CCCCOCCOC(C)=O,-1.2504
ClCCOCCOCCCl,-0.9955
CCCCOCCOCCO,0.7899
COCCOCCOCCO,0.7846
CCOCCOCCOCC,0.7899
CCOCCOCCOCCO,0.7490000000000001
CCCCCCOCCOCCO,-1.0490000000000002
CCCCCCCCCCCCCCCCCCCC,-8.1724
CN(C)P(=O)(F)N(C)C,0.8121
CC(N)(CO)CO,0.9782
CCC(CC)(CO)CO,0.1798
O=P(OCCCl)(OCCCl)OCCCl,-1.6105
CCNC(=O)CSP(=S)(OC)OC,-1.4567
CNC(=O)O/N=C/C(C)(C)SC,-1.4991
CC(=O)CO,1.1303
C=C(C)OC,1.142
FC(F)=C(F)F,-2.8001
O=C(O)CCC(=O)OOC(=O)CCC(=O)O,-0.8471
CCCCCCCCC(=O)OCC,-3.8007
C=CC(=C)CCC=C(C)C,-4.3861
CC(=O)CC(C)(C)O,0.9349
CCCCCCCCOC(=O)CCCCC(=O)OCCCCCCCC,-5.6768
CC(O)CNCCN,0.9275
CC(=O)OCCC(C)C,-1.8135
O=C(O)CSCC(=O)O,0.4255
CCCCCCCC=O,-2.3598
CCCCOCCOCCOC(C)=O,-0.8188
CCCCCCCCCC,-6.4372
CCCCCCCCCCCCN,-3.3759
C[As](=O)(O)O,0.2622
OC[P+](CO)(CO)CO.[Cl-],0.322
CC(C)(N)CO,1.0499
FC(F)(Br)C(F)(F)Br,-4.9376
OCC(CO)(CO)COCC(CO)(CO)CO,-1.9582
O=P(OCC(Br)CBr)(OCC(Br)CBr)OCC(Br)CBr,-4.9405
CCOP(=O)(OCC)SCCSCC,-2.1112
NC(=O)NO,1.1189
CC(=O)C(=O)O,1.0552
CC([O-])C(=O)O.[Ag+],-0.4702
NC(CCC(=O)O)C(=O)O.[Cl-].[H+],0.3159
CCCCOC(=O)C(C)O,-0.5629
O=C(O)CN(CC(=O)O)CC(=O)O,-0.5101
CC[NH+](CCO)CCO,0.8755
CCCCOC(=O)CCC(=O)OCCCC,-3.0006
CCOC(=O)/C=C\C(=O)OCC,-1.0899
CCOC(=O)CCCCC(=O)OCC,-1.6795
C[Si](C)(C)O[Si](C)(C)O[Si](C)(C)O[Si](C)(C)C,-7.6637
COP(=O)(OC)O/C(C)=C/C(=O)N(C)C,0.6249
O=C(O)CCI,-0.43
O=C(O)CC(=O)O,0.8652
CC(=O)NCCO,0.9867
NC(=S)NNC(N)=S,-1.7965
S=C([S-])NCCNC(=S)[S-].[Na+].[Na+],-0.1078
CCCCCCOC(C)=O,-2.451
CCCCCCNCCCCCC,-3.1574
CCCCOCCOCCOCCO,0.6855
C[As](=O)([O-])[O-].[Na+].[Na+],0.3711
O=C(O)CF,1.1077
CC(O)C(N)C(=O)O,0.067
O=C(O)[C@@H](O)[C@H](O)C(=O)O,0.8236
O=C([O-])CCC(=O)[O-].[Na+].[Na+],0.0914
[C-]#N.[K+],1.0436
CN(C)P(=O)(OP(=O)(N(C)C)N(C)C)N(C)C,0.5433
O=NN(CCCl)C(=O)NCCCl,-1.7285
CCN(CC)C(=O)/C(Cl)=C(/C)OP(=O)(OC)OC,0.5233
CCOP(=S)(OCC)OCCSCC,-3.634
CCS(=O)CCSP(=O)(OC)OC,0.6086
NN,1.4942
C#CC(C)(CC)OC(N)=O,-0.9456
O=C([O-])[C@H](O)[C@@H](O)C(=O)[O-].[K+].[Na+],0.3984
FC(F)(F)C(Cl)Cl,-1.8623
CCOP(=O)(O/C=C/Cl)OCC,-1.3316
CCC(C)C(N)C(=O)O,-0.5033
CCCC[C@H](N)C(=O)O,-1.0387
CC(C)CC(N)C(=O)O,-1.0456
CCF,-1.3477
OCCF,1.1934
CC(C)NP(=O)(F)NC(C)C,-0.3574
CC(O)C(F)(F)F,0.3094
FC(F)(F)C(F)(Cl)Cl,-3.0961
O=C(O)C(F)F,1.0176
CC[C@H](C)[C@@H](N)C(=O)O,-0.7875
COCC(F)F,-0.2836
N#CN=C(N)N,-0.3087
NC(=O)NCC(=O)O,-0.5809
NC(=O)NCCC(=O)O,-0.8014
O=S(=O)(CCCl)CCCl,-1.5031
CN=C(N)N,-1.6135
C/C=C(\C)C=O,-0.527
CCC[C@@H](N)C(=O)O,-0.0687
C/C(=C/C(=O)O)C(=O)O,0.7795
NC(=O)NC(=O)C=CC(=O)O,-1.9202
CCOC(=S)SSC(=S)OCC,-4.9432
C/C=C\C(=O)O,1.065
O=C(O)CCCCCCC(=O)O,-1.1673
ClCCSCCCl,-2.3666
O=C(O)/C=C\C=C/C(=O)O,-2.8516
N#CI,-0.6333
CC(C)(C)Br,-2.3586
O=[N+]([O-])C([N+](=O)[O-])([N+](=O)[O-])[N+](=O)[O-],-2.3381
CCCOP(=O)(OCCC)OCCC,-1.5412
CC(C)=CCl,-1.9569
C=C(C)CO,0.4298
CCC(C)S,-1.8346
C=C(C)C(=C)C,-2.4014
CC(=O)C(C)O,1.055
CC(C(=O)O)C(=O)O,0.7597
CC(C)C(N)C(=O)O,-0.1971
NC(CSCCCCCSCC(N)C(=O)O)C(=O)O,-2.91
O=C(O)[C@@H](O)[C@@H](O)[C@@H](O)[C@@H](O)C(=O)O,-0.3225
O=C([O-])C(O)C(O)C(O)C(O)CO.[Na+],0.4321
O=C([O-])[C@H](O)[C@@H](O)[C@H](O)[C@H](O)CO.O=C([O-])[C@H](O)[C@@H](O)[C@H](O)[C@H](O)CO.[Cu+2],-0.1798
NC(CSCCCCCCSCC(N)C(=O)O)C(=O)O,-2.77
C=CCC(C(=O)NC(N)=O)C(C)C,-2.7469
CCCCCCOC(=O)C(C)O,-1.14
CCN(CC)C(=O)CC(C)C,-0.5946
OC(CI)CI,-1.3971
CNC(=S)NC,0.9823
COC(C)OC,1.0452
CCCCC(C(=O)O)C(=O)O,0.4369
CCC(C)C(NC(C)=O)C(=O)O,-0.69
CC(O[N+](=O)O)C(C)O[N+](=O)O,-1.89
CCN(CCCl)CCCl,-3.0265
CCCCC(=O)OCC,-1.7706
CCC(=O)OCC(C)C,-1.8841
CSCCC(NC(C)=O)C(=O)O,0.03
Br/C=C\Br,-1.3195
OCCBr,0.9032
CCOC,-0.0799
CNNC,1.2211
CC(C)CC(C)(C)C,-4.6704
CC(=O)OC(C)(C)C,-1.1443
O=S(CCCl)CCS(=O)CCCl,-2.04
CC(SSC(C)C(=O)O)C(=O)O,-0.62
Cl/C=C/[As](Cl)Cl,-2.6177
CCCC(Cl)Cl,-2.4036
O=C[O-].O=C[O-].[Ba+2],-0.0557
CC(N)CC(=O)O,0.9867
CC(=O)CC(=O)O,0.991
NC(=S)NC(N)=S,-1.6996
NC(CCCC(=O)O)C(=O)O,-1.8648
CC(C)COC=O,-1.0006
CCCCI,-2.9587
ClCOCCl,-0.7181
NC(N)=NCCS(=O)(=O)O,-0.6321
CC(C)CO[N+](=O)[O-],-1.9521
CCCCCCl,-2.7324
CC(=O)[O-].CC(=O)[O-].[Ba+2],0.1948
CC(C)CCOC(N)=O,-1.4403
CC(C)CCO[N+](=O)[O-],-2.4809
CC(=O)[O-].CC(=O)[O-].[Sr+2],0.1446
N#CCCCC#N,1.0263
CCCCCCCCCCCCCCCC,-8.4007
CSC(CCC(SC)C(=O)O)C(=O)O,-2.89
COC(=O)C(C)O,0.9825
NC(CSCC(N)C(=O)O)C(=O)O,-2.56
COC(=O)C(=O)OC,-0.2919
CC(C)CC(N)C(=O)NC(C(=O)O)C(C)C,-0.17
CCCCC(=O)[O-].CCCCC(=O)[O-].[Zn+2],-1.2722
CCCOC,-0.3857
CCCC(=O)OCC(O)CO,-1.335
CC(=O)[O-].CC(=O)[O-].[Zn+2],0.2179
C=CCOCC=C,-0.0206
O=C[O-].O=C[O-].[Zn+2],-0.4755
BrC(Br)(Br)Br,-3.1404
CS(=O)(=O)F,-0.5145
CC(C)(O)CCl,0.1602
O=[N+]([O-])C(Br)([N+](=O)[O-])[N+](=O)[O-],-1.7705
NC(=O)NN=CC(O)C(O)C(O)CO,0.02
CCC(C)(C)CC,-4.2286
CCOP(=S)(OCC)SCSP(=S)(OCC)OCC,-5.2838
C=CC(C)C,-2.732
C=C(C)CC,-2.7307
C=C(C)CCl,-1.8108
C/C(Cl)=C/Cl,-1.6138
CC(O)C(C)Cl,-0.2122
CCOC(=S)SC(CC(=O)O)C(=O)O,-1.19
CCC(C)C(C)(C)C,-4.6776
CCC(C)C(C)C,-4.2808
CCC(C)C(C)O,-0.7216
CCC(C)C(C)=O,-0.6805
CCC(O)C(C)C,-0.7062
CCC(=O)C(C)C,-0.8106
NCC(O)C(=O)O,-0.8229
CC(C)C(Br)C(=O)O,-1.103
CC(C)C(C)C(C)C,-4.6961
CC(C)C(=O)C(C)C,-1.3018
CC(N)C(O)C(=O)O,-0.3535
CCSC(CCC(SCC)C(=O)O)C(=O)O,-1.36
NC(CCSSCCC(N)C(=O)O)C(=O)O,-3.12
CC(C)CC(N)C(=O)NCC(=O)NCC(=O)O,0.31
O=C([O-])C(=O)[O-].[K+].[K+],0.1773
C[C@H](NC(N)=O)C(=O)O,-0.7845
O=C(O)/C=C(\CC(=O)O)C(=O)O,0.3612
CC(C)CC(NC(=O)CNC(=O)CN)C(=O)O,-0.11
NC(=O)OC(CCl)CCl,-1.3605
CCCC(C)CC,-4.3063
CCCC(=O)CC,-0.8334
CCCCC(C)CC,-5.1591
CCCCOC(=O)CC,-1.9385
I/C=C\I,-2.7813
O=C[O-].[K+],0.9288
CCCC(C)(C)C,-4.3575
CCCC(C)(C)O,-0.4988
CC(C[N+](C)(C)C)OC(N)=O.[Cl-],0.5021
CCCCC(C)(C)C,-5.7568
NC(=O)N=C(N)N.NC(=O)N=C(N)N.O=S(=O)(O)O,-0.7814
CCCCC(C)C,-4.5961
C=CCOC(C)=O,-0.5534
C/C=C/CCl,-1.9569
C/C=C/CCCC,-3.816
CCCCOC=O,-1.1307
FCCl,-0.8202
C[Se]C,-0.6502
NC(=O)C(Br)(Br)Br,-1.2668
NC(=O)C(Cl)(Cl)Cl,-1.0966
CC(Cl)(Cl)[N+](=O)[O-],-1.7603
CCC(C)(O)C(C)C,-0.8504
CCC(Cl)(Cl)[N+](=O)[O-],-1.4996
CCC(CO)(CO)[N+](=O)[O-],0.8264
CC(C)(C=O)CO,-0.3279
CC(O)(CCl)CCl,-0.1822
CC(=O)OCC(COC(C)=O)(COC(C)=O)COC(C)=O,-1.5686
CCCC(C)(O)CCC,-1.5867
ClC(Br)CBr,-2.5546
COC(C)C,-0.057
NC(=O)C(Br)Br,-1.0574
CC(Cl)C(Cl)Cl,-1.8898
CC(Cl)C(=O)O,0.9645
CC(Cl)[N+](=O)[O-],-1.4374
OC(=S)CCCCCCCC(O)=S,-2.39
CCOC(OCC)C(Cl)(Cl)Cl,-1.6464
CCC(Cl)[N+](=O)[O-],-1.1887
CC(C)C(O)C(C)C,-1.2201
CCC(C(=O)O)C(=O)O,0.7315
COC(=O)C(C#N)C(=O)CC(C)C,-2.73
O=C(O)[C@@H](O)[C@@H](O)[C@@H](O)[C@H](O)C(=O)O,0.1999
CCOC(=O)C(=O)C(=O)OCC,0.5117
CCC(CO)[N+](=O)[O-],-0.3436
CCOC(=O)N(C)N=O,-0.5528
CCCCC(N)C(=O)O,-1.0453
CCC(Cl)CC,-2.6307
C=CC(O)CC,0.0193
CCCC(C(=O)O)C(=O)O,0.6803
CCCCCC(C(=O)O)C(=O)O,0.5921
CCCC(O)C(C)C,-1.3093
CCCCCN(CCCCC)CCCCC,-4.0326
CCCC(=O)OC,-0.8331
CC(=O)OCC(C)OC(C)=O,-0.2046
CCOCCOC(=O)CCCCCCCCC(=O)OCCOCC,-3.1972
CCOC(=O)CCCCCCCC(=O)OCC,-2.99
CCCCC(=O)OC,-1.3606
CCCCCCC(O)CC,-2.6608
ICCI,-3.2196
CC(C)(C)CCO,-1.1308
CC(C)CC(C)(C)O,-0.9307
CCC(C)(C)NC(N)=O,-1.0142
CCCCC(C)(C)O,-1.0784
CCCCCC(C)(C)O,-1.7168
COCC(C)C,-0.9007
COCC(=O)O,1.0454
O=[N+]([O-])CCO,1.0406
CCOC(C)C,-0.5607
CC(C)OC=O,-0.6301
CCCCCCOC(=O)CCCCCCCCC(=O)OCCCCCC,-4.57
CC(C)CCOCC(O)COCCC(C)C,-1.3662
CCOC(=O)CCCCC(=O)O,-0.3602
CC(C)CCCO,-1.1286
CC/C=C\C(=O)O,-0.2019
CCCOC(C)C,-1.3373
CCCO[N+](=O)[O-],-1.5044
OCCCBr,0.0093
OCCCCl,0.4223
COCCCl,-0.0725
CC(C)CCC(C)O,-1.375
CC(C)CCOCC(O)CO,-1.2101
COC(=O)CCCCC(=O)OC,-1.4629
CCCCOC,-0.9907
CCCOCC,-0.6806
CCCCCOC(C)=O,-1.8841
CC(=O)OCCCOC(C)=O,-0.2046
C#CCCCCC,-3.0099
C#CCCCCCC,-3.662
CCCCCCCCCCCCC,-7.5936
CCCCCCCCCCCCCCC,-9.4464
CCCCCCCCCCCCCCCO,-6.3476
CCCCCCCCCCCCCCCCCCCCCCCCCC,-8.3339
CCCCCCCCCCCCCCCCCCCCCCCCCCCCCCCCCCCC,-8.4746
ClCC(Cl)(Cl)Cl,-2.1955
O=C(O)C(Br)Br,0.9861
CN(C)C(=O)N(C)C,0.9349
CCC(=O)OC(C)C,-1.2906
CCOC(C)(C)C,-0.9302
CC(=O)NC(=O)NC(C)=O,-0.3137
CCCCCCCCCCCCC(=O)O,-3.8126
CCSCCSP(=S)(OC)OC,-3.0905
NC(=O)CF,1.1132
NCCCCC(=O)O,0.9313
N[C@@H](CCO)C(=O)O,0.924
CN(C)P(=O)(N(C)C)N(C)C,0.7467
CCSS(=O)(=O)CC,-1.109
CCCC[Sn](Cl)(Cl)CCCC,-3.5188
ClC(Br)C(Cl)Br,-2.5644
NC(=O)C(Cl)Cl,-0.2558
CN(N=O)C(N)=O,-0.8548
CCOC(=O)N[C@@H](C=O)[C@@H](O)[C@H](O)[C@H](O)CO,0.1139
C#CC=C,-1.4648
C=CCC(C)C,-3.2439
C[Sn](C)(Cl)Cl,-1.0407
CCOP(=O)(OCC)OP(=O)(OCC)OP(=O)(OCC)OP(=O)(OCC)OCC,0.2956
CCN(N=O)C(N)=O,-0.9547
CCCCCCCC(C(=O)O)C(=O)O,-2.0411
CCCCCCCCC(C(=O)O)C(=O)O,-2.92
FCCCl,-0.5291
C=C(C)CCC,-3.033
CC(C)=CC=C(C)C,-3.537
CCCOP(=O)(OCC)OCC,0.4063
CCCCP(=O)(CCCC)CCCC,-0.5932
CCOC(=O)CCCC(=O)OCC,-1.3297
O=S(=O)([O-])CS(=O)(=O)[O-].[Ca+2],0.1255
C=CCCCO,-0.1793
CC(O)CCOCCC(C)O,0.7899
O=C(O)CCCCCCCCCCCCC(=O)O,-3.1112
CCOP(=O)(OCC)C(Cl)(Cl)Cl,-1.7541
C=CC(OC(C)=O)OC(C)=O,-1.2449
CC(=O)NCCNC(C)=O,0.6755
COCCNC(=O)CSP(=S)(OC)OC,-1.1356
CCSCCSP(=O)(OC)OC,-1.8438
CC(C(=O)O)C(C)(C)CCC(=O)O,-1.5265
C=CC(=O)NCO,0.8101
CCCC(=O)NCCNC(=O)CCC,-0.6222
CCCCCC(=O)CCCCC,-3.5322
CCCCO[N+](=O)[O-],-2.0268
CCC#CCC,-2.1675
CP(=O)(O)O,-0.6813
CC(C)N(C)C,1.0597
CCOC(=O)CO[N+](=O)[O-],-1.7111
CCOC(=O)CNC(=O)OCC,-0.2435
C=CC(=O)OCC(C)O,0.8856
NC(=O)NCO,-0.3463
CCCCCO[N+](=O)[O-],-2.568
C[Si](C)(O)O,1.0354
CC(=O)[O-].CC(=O)[O-].CCCC[Sn+2]CCCC,-4.7672
O=C(O)CNCP(=O)(O)O,-1.2069
CNC(=O)CSP(=O)(OC)OC,0.6712
CSCC[C@@H](NC(C)=O)C(=O)[O-],-0.3216
CCCCCC(N)C(=O)O,-0.94
O=NN(CCO)CCO,0.8724
CCCCCCCCN(CCCCCCCC)CCCCCCCC,-6.8496
CC(C)(C)NC(N)=O,-0.7306
C[Si](C)(O)O[Si](C)(C)O,-0.1796
COC(=O)CCCC(=O)OC,-0.4337
CC#CCCCC,-2.7695
CCCCCCCCCCC,-7.5505
CCC(C(=O)O)C(CC)C(=O)O,-0.8608
N[C@H](C(=O)O)[C@@H](O)C(=O)O,-0.8271
CCN(CC)C(=O)N(CC)CC,-0.6341
CC(=O)N[C@@H](CC(C)C)C(=O)O,-1.3301
CC(C)C(C)C(C)C(O)C#CC(C)C(C)O,-2.2756
CCCCCCCCCCCCCCCCCO,-7.506
ClC/C=C\CCl,-2.3333
CCN(CC)C(=O)CCC(=O)O,-0.7937
CCCOCC(C)O,0.9275
C/C=C/C(C)O,0.0152
O=C(O)C=C(Br)Br,-0.8358
CC(NC(N)=O)NC(N)=O,-0.5916
CN(C)NC(=O)CCC(=O)O,-0.2046
O=[N+]([O-])OCC(CO)(CO[N+](=O)[O-])CO[N+](=O)[O-],-1.585
C=C/C=C\C#N,-0.7221
CCOC(=O)CC(SP(=O)(OC)OC)C(=O)OCC,-1.6223
CCCCCCCS,-4.1549
CNC(=O)O/N=C/C(C)(C)S(C)=O,-0.8673
CNC(=O)O/N=C/C(C)(C)S(C)(=O)=O,-1.3469
FC(F)(Cl)CCl,-2.2007
CCCCCCCCCC(C)O,-2.9418
CC(C)CCCCCO,-2.3038
CC(C)O[N+](=O)[O-],-1.4593
CC(F)(Cl)Cl,-2.4448
N#C[S-].[NH4+],0.9178
O=[N+]([O-])CCl,-0.281
C/C(=C\N=O)NO,-0.3462
CCCCO[P+](=O)OCCCC,-1.4249
CCCC(O)C(C)CC,-1.8406
O=C(O)CCCCCCCCCC(=O)O,-1.6274
O=C(NCCO)C(=O)NCCO,-0.1124
CC(C)(C)S(=O)(=O)C(C)(C)C,-1.2177
ClC(Cl)=C(Cl)C(Cl)(Cl)Cl,-4.1651
O=[N+]([O-])C(Cl)([N+](=O)[O-])[N+](=O)[O-],-1.9259
CCCSS(=O)CCC,-0.9199
CC(C)C(NC(=O)CN)C(=O)O,0.4579
O=C(CCCCC(=O)NCCO)NCCO,0.4121
CCSC(=O)N(CC(C)C)CC(C)C,-3.684
CCCCCCCCCCN,-2.4564
CC(O)C(N)=O,0.9435
CCOC(=O)CCCCCC(=O)OCC,-2.0408
CCOC(=O)CCCCCCC(=O)OCC,-2.5304
COC(C)C(N)C(=O)O,0.4853
C[C@@H](C[C@@H](C)C(=O)[O-])C(=O)[O-],-0.4564
C[As](=O)([O-])O.[Na+],0.5539999999999999
C[C@@H](Cl)[C@@H](C)Cl,-2.3541
CCCCC(C)CCC,-6.0474
CCC(CC)(S(=O)(=O)CC)S(=O)(=O)CC,-2.0625
CCCCCCCCC#N,-3.2987
O=C([O-])C(Cl)=C(Cl)Cl,-0.4659
CCOP(=S)(OCC)SCC(=O)NC(C)C,-2.0575
CNC(=O)CCSCCSP(=O)(OC)OC,0.5416
CC(C)N(C(=O)SC/C(Cl)=C/Cl)C(C)C,-4.2856
CC(C)N(C(=O)SCC(Cl)=C(Cl)Cl)C(C)C,-4.8818
CCN(CC)C(=O)CCl,-0.243
CC(C)C(CC(=O)O)C(=O)O,-0.4073
CCCC(C)(C)CO,-1.4391
C#CCCCCCC#C,-2.983
CCCCOP(=O)(CC)OCCCC,-1.5687
CCCCOP(C)(=O)OCCCC,-1.4155
CCC(O)CN(CC(O)CC)CC(O)CC,-0.5229
CC(=O)O.CCCCCCCCCCCCN=C(N)N,-2.6592
O=C(O)CN(CP(=O)(O)O)CP(=O)(O)O,-0.0256
O=CNCC(=O)O,0.2672
CCOP(=S)(OCC)SCCS(=O)(=O)CC,-2.5403
COP(=S)(OC)SCC(=O)N(C)C=O,-1.9954
O=CCCCCCCCC(=O)O,-0.9574
N/C(N=O)=C(\N)NO,-0.7773
O=C(O)C=CCCC(=O)O,-1.2045
CCOP(=S)(OCC)SCS(=O)CC,-1.5384
CCOP(=S)(OCC)SCS(=O)(=O)CC,-2.5309
CCOC(=O)N(C)C(=O)CSP(=S)(OCC)OCC,-2.5177
C[Hg]C#N,-0.0821
C[C@@](C#N)(CCC(=O)[O-])N=N[C@@](C)(C#N)CCC(=O)[O-],-2.0083
CNCCC(=O)O,-0.0543
CCCCOP(=O)(OCC)OCC,-1.1466
CCOC(=O)[C@@H](N)CC(C)C,-0.5606
CC(O)(P(=O)(O)O)P(=O)(O)O,0.5249
CC(=O)C=CC(=O)O,-0.2332
O=C(O)CCCCCCCCCCBr,-3.699
CCC(N)C(=O)O,0.2868
FC(Cl)C(F)(F)F,-1.959
CCSC(=O)N(CC)CC,-1.6917
CCCCOP(=O)(CCCC)CCCC,-1.7166
CCOC(=O)C(C)OC(C)=O,-0.6994
CC(Br)CCl,-1.8476
CN[C@@H](CC(C)C)C(=O)O,-0.5146
CC(=O)NC(C(=O)O)C(C)C,-0.6325
C=CCCCC=C,-3.3396
N#CCCNCC(=O)O,0.3237
CC[C@@H](C)[C@H](N)C(=O)O,-0.3895
CC(C)(C)CCCO,-1.5402
NC(=O)C[C@H](NC(N)=O)C(=O)O,-0.511
NC(=O)NCl,0.3256
CC(C)C[C@H](N)C(=O)NCC(=O)NCC(=O)O,0.2124
O=CC(O)C(O)C(O)C(O)C(O)CO,-0.3226
CCC(NC=NN)C(=O)O,-0.8608
CC(C)COC(=O)C(C)(C)O,-0.7276
BrCC(CBr)(CBr)CBr,-5.3844
CCCOP(=S)(OCCC)OP(=S)(OCCC)OCCC,-4.1009
CCC(=O)OOC(=O)CC,-0.9634
CN(C)C(=N)N,-1.7306
OCC(O)C(O)C(O)C(O)C(O)CO,0.3722
C=CCCN=C=S,-2.391
CCC(=O)NCCNC(=O)CC,0.3746
CC(C)CCC(C)(C)C,-5.0474
CCOC(=O)N(CC)CC,-1.0651
CCCCCCCCCC(C(=O)O)C(=O)O,-3.3016
C[C@H](CC(=O)O)C(=O)O,0.6311
NC(C(=O)O)C(O)C(O)C(O)CO,-0.8590000000000001
O=C([O-])CCCCCCCCCCO,-2.7039
CCOC(C)C(=O)C=O,-0.1554
CCOP(=O)(OCC)SCC(=O)NC(C)(C)C#N,-0.6237
NNC(=O)CC(=O)NN,-0.121
C[C@H]([NH3+])C(C)(C)C,0.9861
NNC(=O)C(O)C(O)C(O)C(O)CO,-0.4985
O=S(=O)(CCCl)CCS(=O)(=O)CCCl,-1.4486
CCC(O)C(C)(C)C,-1.1514
O=C(O)C[C@@H](Cl)C(=O)O,-0.7953
CCCCCCC(C(=O)O)C(=O)O,-1.6566
C/C=C\CO,0.3621
O=[N+]([O-])C(CCl)([N+](=O)[O-])[N+](=O)[O-],-0.2586
CCC(CC)(C(=O)O)C(CC)(CC)C(=O)O,-2.9644
CCCCOCCC(=O)OC,-1.2909
CCCCOC(=O)CCOC,-1.2135
CNC(CC(=O)O)C(=O)O,-0.7544
CCCCCCCCCCC(C(=O)O)C(=O)O,-3.99
CC/C(N=O)=C(/CC)NO,-2.5525
C=CN(C)N=O,-0.4579
CCSC(=S)NCC(=O)O,-1.0882
CCN(CC)C(=O)OC,-0.2918
CCOC[C@H](N)C(=O)O,0.524
O=C(O)CCSSCCC(=O)O,-0.9301
C/C=C/C#N,-0.4287
C=CC(O)CCC,-0.5993
C=CC(O)C(C)C,-0.515
C/C=C/C(O)CC,-0.4198
CCCCOC(=O)CCO,-1.2899
O=C(O)CC(SC(CC(=O)O)C(=O)O)C(=O)O,-0.4908
O=C(CCl)NC(=O)CCl,-2.2304
O=C(O)C(S)CCC(S)C(=O)O,-2.4758
CCSC(=S)N[C@@H](CC(=O)O)C(=O)O,-1.3863
O=S(=O)(CCCl)CCOCCS(=O)(=O)CCCl,-1.9408
CCCCCCCCCCCCCCCCNC(=O)C(C)O,-3.6512
CCCCCNC(=O)C(C)O,-0.3825
CC(C)CC(NC=O)C(=O)O,-0.7328
CS(=O)(=O)NS(C)(=O)=O,0.0402
CCCOC(=O)CCOC,-0.6598
COC(/C=C\C(OC)OC)OC,0.055
CCCCCCNC(=O)C(C)O,-0.9487
CCCCOC(=O)C(C)OC(C)=O,-0.7536
N#CCCN(CCC#N)C(CCC(=O)O)C(=O)O,-0.2275
CSCCC(C(=O)O)N(CCC#N)CCC#N,-1.3279
CCCCCCCCOC(=O)C(C)O,-1.2726
CCC/C(=C\C(=O)O)C(=O)O,-1.1538
CCCCC(C)(O)CC,-1.7356
CCOCOCOCC,-0.1277
CCC(CC)(CC(=O)O)C(=O)O,-0.7962
CCOC(OCC)C(C)=O,-0.2059
CC(=O)OCCS,-1.5
COP(=S)(OC)SSP(=S)(OC)OC,-4.3981
NC(=O)NN=C[C@H](O)[C@@H](O)[C@H](O)CO,-0.1288
O=C(O)CCP(=O)(O)O,0.5007
CCN(CC)CCSCCN(CC)CC,-2.3663
CCC(O)C(Cl)(Cl)Cl,-0.9481
CNCl,0.2806
O=C(O)C(S)CS,-0.2374
CC[NH2+]CC.[Br-],0.8123
CCCCCCCCNC(=O)C(C)O,-2.2827
CCCCCCCCCCNC(=O)C(C)O,-3.3605
C=CCOC(=O)C(C)OC(=O)C(C)O,-0.6826
CNCC(O)C(O)C(O)C(O)CO,0.4084
COC(=O)C(C)OC(C)=O,-0.2617
N#CCCN(CCC#N)CC(=O)O,0.4578
CC(C)CC(C)CO,-1.6007
N#CCCN(CCC#N)C(CC(=O)O)C(=O)O,-1.5337
CCCCCOC(=O)C(C)O,-1.2047
CC(NC(=O)C(Br)C(C)C)C(=O)O,-0.4825
NC(CO)C(=O)NC(CO)C(=O)O,-0.5847
CCC(C)OC,-0.7306
C=CCOC(CO)CO,0.481
CN(/C(N)=N/[N+](=O)[O-])[N+](=O)[O-],-0.6104
N[C@@H](CO)C(=O)O,-0.3861
NC(CCC(=O)O)C(=O)O,-0.9916
CNC(=O)/C=C(\C)OP(=O)(OC)OC,0.6514
NC(=O)N/N=C/C(O)C(O)C(O)C(O)CO,-0.4257
CCCCP(=O)(CCCC)OCC,-1.2005
CCCCOP(=O)(OCC)OCCCC,-1.8456
CCCCOP(=O)(OC)OCCCC,-1.4995
CCC(C)(O)C(C)(C)C,-1.2708
CN(C)C(=O)CCC(=O)N(C)C,0.5035
O=C(O)CC[Se][Se]CCC(=O)O,-2.2681
CC(=O)N(C)N=O,-0.7684
O=S=O,0.2235
II,-2.886
CCCCSS(=O)CCCC,-2.2886
CC(Cl)C(C)Cl,-2.3541
[F-].[H+],1.6988
O=S(=O)(O)O,1.0084
CCCCC(NC(C)=O)C(=O)O,-0.6823
N#N,-0.1901
O.O.O.O.O.O=S(=O)([O-])[O-].[Cu+2],-0.8922
O=[As](O)(O)O,0.6187
O=O,0.0691
ClCl,-1.0513
COC(=O)/C=C(\C)OP(=O)(OC)OC,0.4276
CCC(Cl)(Cl)Cl,-1.8898
CCOP(=O)(OCC)SCCSCC.CCOP(=S)(OCC)OCCSCC,-3.9351
CCCCCCCCOCCO,-2.125
CC(C)[C@@H](O)C#N,0.3048
CCC(CC)COC(C)=O,-1.3528
Cl/C=C/CCl,-1.598
N#CC(Br)(Br)C(N)=O,-1.2075
COP(N)(=O)SC,0.8504
CCCCCCCCOCC(O)CO,-1.9208
CCOP(=O)(OC)OC,0.5112
CCOP(=S)(OCC)SCS(=O)C(C)(C)C,-2.4421
O=P(O)(O)CCCl,0.8401
O=C(O)CC[Ge](=O)O[Ge](=O)CCC(=O)O,-1.4932
CC(C)OCC(O)COC(C)C,0.0549
ClCC(Cl)(Cl)CCl,-2.5785
CCN(CC)C(=O)/C(Cl)=C(\C)OP(=O)(OC)OC,0.5233
CCCSP(=O)(OCC)SCCC,-2.5094
CN(CC(=O)O)N=O,0.9278
CCCCNCC,-0.4405
NC(N)=NCCCCCCCCNCCCCCCCCN=C(N)N,0.3322
CCCCOC(=O)C(C)OC(=O)C(C)O,-1.3752
NC(=O)NCNC(N)=O,-0.6525
CCC(O)CN,1.0499
CC(CCl)OP(=O)(OC(C)CCl)OC(C)CCl,-2.4361
CCC(C)N,0.1851
O=C(O)/C=C/CBr,-0.7403
CCOCCC(=O)OC,-0.0719
CCCCOC(=O)CCOCC,-1.6391
CCCCCOC(=O)CCOCC,-2.1956
CCCCCCOC(=O)CCOCC,-2.8289
CCCOCCC(=O)OC,-0.6334
CCCOCCC(=O)OCCC,-1.6848
CCCCOCCC(=O)OCCCC,-2.4029
CC(C)C(N)C(=O)NCC(=O)O,0.4579
O=C(O)CCC[Se][Se]CCCC(=O)O,-2.2471
CCCC(C)C(O)CC,-1.9636
ClC(Cl)C(Cl)C(Cl)Cl,-2.7223
CNS#CNCO,-0.0798
CC(=O)OC(C)C#N,0.2475
N.N.[Cl-].[Cl-].[Pt+2],-2.0741
CCCCC(C)(C)CCC,-4.8108
O=C(O)CSSSSCC(=O)O,-1.452
CCCCOCCOC(N)=O,-0.5084
O=C(O)CC(Cl)C(=O)O,0.0767
CCCCCCP(=O)(OCC)OCC,-2.5687
CC(C)C[C@H](N)C(=O)N[C@@H](CCC(=O)O)C(=O)O,-0.8969
CCCC(=O)N(C)N=O,-1.5347
C=C(Cl)C(N)=O,-0.2104
CNC(=O)O/N=C(\C)SC,-0.4466
NC(=O)NCC(=O)NCC(=O)NCC(=O)O,-1.3505
CCNC(CC)C(=O)O,-0.4189
NC(=O)NCC(=O)NCC(=O)O,-0.8996
CC(C)OC(C)(C)C,-2.3662
CCC(C#N)CC#N,-0.6916
C=CCCCN=C=S,-2.9004
C[Si](C)(C)CCCN,-1.9509
N=C(NN)N[N+](=O)[O-],-1.6458
C[C@H](NC(N)=O)C(=O)[O-],-0.9656
CCSS(=O)CC,-0.0993
CCCCC(O)C(C)C,-1.8122
CCC(C)CC(O)CC,-1.8602
CCC(O)CCC(C)C,-1.9272
CCC(C)C(O)C(C)CC,-2.5108
CC(=O)N[C@H](CC(C)C)C(=O)O,-1.3301
COC[C@H](N)C(=O)O,0.6524
CCNC(C)C,1.0597
CCCCCOP(=O)(OCC)OCC,-1.4757
CC(O)C(C)(C)C,-0.6238
CCCCCC(O)CC,-2.0171
CCS(=O)(=O)CCSP(=S)(OC)OC,-2.5415
COCC(C)OCC(C)OCC(C)O,0.6855
CCCCCCO[N+](=O)[O-],-3.1265
CC(Cl)C(C)(C)O,-0.2926
CCCC(O)CC(C)C,-1.9079
CCC(O)CNCC(O)CC,0.7925
CCCC(C)O[N+](=O)[O-],-2.4809
C[NH+](C)C(CSC(N)=O)CSC(N)=O.[Cl-],-0.1364
O=C([O-])C(F)(F)C(F)F.[Na+],-0.8829
CNC(=O)O/N=C(\SC)C(=O)N(C)C,0.1062
CC(C)(CCC(C)(C)CC(=O)O)CC(=O)O,-3.1319
O=P(O)(O)CN(CCCCCCN(CP(=O)(O)O)CP(=O)(O)O)CP(=O)(O)O,-1.5161
NC(=O)NN=C[C@H](O)[C@@H](O)[C@H](O)[C@H](O)CO,-1.0041
CCCCC(CCC(=O)O)CC(=O)O,-1.3974
CCOP(=S)(OCC)SCCl,-3.5924
C/C=C/CCC,-3.2262
CCC(O)OC(O)CC,0.8723
Br/C=C/Br,-1.7415
COCC(C)OCC(C)OC(C)CO,0.6855
CCOP(=O)([O-])C(N)=O.[NH4+],0.7693
CCOP(=O)(OCC)OCC(C)C,-1.1765
CCCC(=O)OCCOCCOCCOC(=O)CCC,-1.5598
CCCCCCCCCCC(O)CCC,-5.8370000000000015
CCOC(C)C(=O)C(O)O,-0.1707
CCC(CC)(C(N)=O)C(N)=O,-1.1992
COC(=O)N(C)C(=O)CSP(C)(=S)OC,-1.9563
CCCCCCCCCCCCC(O)CCC,-6.7708
NC(=S)SCC(=O)O,-0.7482
O=C(O)CNC(=S)SCC(=O)O,-1.3011
COC(=O)/C(C)=C/OP(=S)(OC)OC,-2.7785
CCNP(=S)(OC)O/C(C)=C\C(=O)OC(C)C,-3.4078
CCCCC(C)C(C)O,-2.0578
CCCCCCC(C/C=C\CCCCCCCC(=O)O)OS(=O)(=O)O,-0.5781
NC(=O)C(N)C(O)C(=O)O,-1.1494
CCSC(=S)N[C@@H](C)C(=O)O,-0.9613
COC(C)COC(C)CO,0.8292
CNC(=O)O/N=C(/C)C(C)SC,-0.7353
CNC(=O)O/N=C(\C)C(C)S(C)(=O)=O,-0.0267
O=C(O)CSC(SCC(=O)O)SCC(=O)O,-1.4243
C[C@H](NC(=O)[C@H](C)NC(=O)[C@@H](N)CCP(C)(=O)O)C(=O)O,0.4904
CCC#CC(C)C,-2.7448
COP(=S)(OC)SCCSC(C)C,-3.4288
CCCCCCC(CC=CCCCCCCCC(=O)O)OS(=O)(=O)O,-0.5781
CCCCCCCCCCCCCCCCO,-6.7697
C=CCN(CC=C)C(=O)C(Cl)Cl,-1.6193
C[C@@H](CCl)[N+](=O)[O-],-1.1887
COCCO[Si](CCCl)(OCCOC)OCCOC,-1.1029
CC(C)C[C@H](N)C(=O)N[C@H](CCC(N)=O)C(=O)O,-1.5687
CC(S(C)(=O)=O)S(C)(=O)=O,-1.4188
CC(C)(NC(N)=O)C(=O)O,-1.1648
CC(C)N.O=C(O)CNCP(=O)(O)O,0.6629
CC(C)SS(=O)C(C)C,-0.823
O=C(O)C(I)=CBr,-1.2118
CNC(=O)O/N=C(/CSC)C(C)(C)C,-1.6231
CCC(CCC(=O)O)C(C)=O,-0.451
CNC(=O)N(C)C(=O)CC#N,0.1709
O=P(OC(Cl)CCCl)(OC(Cl)CCCl)OC(Cl)CCCl,-3.6344
COC(C)(C)CCCC(C)C/C=C/C(C)=C/C(=O)OC(C)C,-5.3459
NC(=O)NN=C[C@@H](O)[C@@H](O)[C@H](O)[C@H](O)CO,-0.53
C#CCOC(=O)/C=C(C)/C=C/CC(C)CCCC(C)C,-4.7239
CCCOCC(O)COCCC,-0.3431
CCOP(C)(=O)SCCN(C(C)C)C(C)C,-0.95
CCCCCC(=O)NCCNC(=O)CCCCC,-3.1079
CCSC(=S)OC(CC(=O)O)C(=O)O,-1.29
C/C=C(\Cl)C(=O)O,0.9189
CCCCC(=O)NCCNC(=O)CCCC,-1.8145
CCOP(=S)(OCC)OC(Cl)C(Cl)(Cl)Cl,-5.5263
CC[C@H](C)[C@@H](NC(C)=O)C(=O)O,-0.5912
CCCOP(=O)(OCC)OCCC,-0.9802
CCCC(C)CC(C)O,-1.8779
CCCOP(=O)(OC)OC,0.4733
CC(C)C=CCC(=O)O,-1.1487
CS/C(C)=N/OC(=O)N(C)SN(C)C(=O)O/N=C(\C)SC,-4.0055
CC(C)(S(C)(=O)=O)S(C)(=O)=O,-1.4504
CC(Br)C(=O)NCC(=O)NCC(=O)O,-0.9642
N#CNC(N)=S,-0.0049
CCC(=O)OC(C)C(=O)OC,-0.8622
CN=C(SC)N(C)C,-0.4401
CCCC(Br)(CCC)C(N)=O,-1.8281
ClCCN(Cl)CCCl,-1.9203
CCNC(C)C(=O)O,0.6522
CCCC(Br)C(=O)NC(N)=O,-1.4278
CCC(CC)(CC)NC(N)=O,-1.8191
CCOC(=O)CN(N=O)C(N)=O,0.7566
OCC(Cl)(Cl)Br,-0.4424
CC(CC(C)(C(=O)O)C(=O)O)C(=O)O,-0.1086
CCSC(=S)NC(C)C(=O)O,-1.2343
NC(=O)C(=NO)C(N)=O,-0.0384
O=C(O)C(Br)=C(Br)Br,-1.3593
O=C(O)C(Br)=C(Br)I,-1.0197
CCS(=O)(=O)NS(=O)(=O)CC,0.5413
CCCCCCOC(=O)C(C)OC(=O)C(C)O,-2.4884
O=S(=O)(O)C(Cl)S(=O)(=O)O,0.6765
O=S(=O)(O)C(Cl)(S(=O)(=O)O)S(=O)(=O)O,0.5366
CCOC(=O)[C@H](C)NC(=O)CCl,-0.4628
CP(=O)(O)CCC(N)C(=O)[O-].[NH4+],0.8397
CC(C)C[C@H](N)C(=O)N[C@@H](C)C(=O)NCC(=O)O,-0.8953
CCOC(=O)N(C)CC,-0.4189
CCOC(CC(C)O)OCC,0.0909
CCC(CC)C(=O)N(CC)CC,-1.0876
CCOC(C)CCO,-0.3736
O=C(O)C(I)=C(Br)I,-1.2891
CCCCCSS(=O)CCCCC,-3.1711
COCCCCC=O,0.4574
O=C(O)C(Br)=C(Cl)Br,-1.0071
O=C(O)C(Cl)=C(Br)Br,-0.6873
CC(O)C([N+](=O)[O-])[N+](=O)[O-],0.0789
C[C@@H](CCO)CCC=O,-1.0732
CCS(=O)(=O)C(C)(CO)S(=O)(=O)CC,-0.1653
N#CCCN[C@@H](CCC(=O)O)C(=O)O,-1.3015
CCCCCCC(O)C(O)C(=O)O,-1.5469
CC[C@H](C)[C@H](NCCC#N)C(=O)O,-0.9818
C=CC(O)C(=O)OCC,0.3627
CCCOP(=O)(OC)OCCC,-0.6592
CCC(Br)(Br)C(=O)O,-0.8722
CCOP(=O)(SC(C)CC)SC(C)CC,-3.0376
CCCCCCCCCCCCCCNC(=O)C(C)O,-3.9784
C=CCNC(=O)CN(CC=C)C(=O)C(Cl)Cl,-1.0397
CC(=O)OCC(S)CS,-1.2208
CC=C(CCCC)C(N)=O,-1.3717
CC(O)C(C)C=O,-0.4906
CCCCOP(=O)(OCCCC)OCCCCOCC,-2.6468
O=C(O)C(Cl)(Cl)CCCl,-0.5831
NCCCCCCNCCCCCCCCCCC(=O)O,-2.3017
C/C=C(/CCCC)C(=O)NC(N)=O,-2.7883
COC(C)C(C)Cl,-1.9986
CCC(NC=O)C(=O)O,-0.5918
CC(O)(CCC(C)(O)C(=O)O)C(=O)O,-0.8372
CCNC(C)CC,-0.21
O=C(O)[C@H](O)[C@@H](O)[C@@H](O)[C@@H](O)C(=O)O,0.1999
NC(=O)C[C@H](NC(=O)CCl)C(=O)O,-0.3193
C[C@@H](O)CCCC=O,-0.4629999999999999
CCC(C#N)(CC)C(=O)NC(N)=O,-1.564
CC(C)C(C)C,-3.5832
CCC(C)CC,-3.6826
CCCCCCCC,-5.2382
CCCCCCC,-4.4694
CC(C)(C)C,-3.3371
CN(C)C,1.1777
O=C(O)CCl,0.9277
CC(C)C(=O)O,0.2777
CCC(Br)C(=O)O,-0.3776
CCC(CC)C(=O)O,-0.8098
O=C(O)CCCCCC(=O)O,-0.5056
CCCCCCCCCCC(=O)O,-3.5525
CCCCC(CC)C(=O)O,-1.858
CCCCCCCCCCCCCC(=O)O,-5.3293
CC(C)(C)CO,-0.4012
CCC(C)O,0.3877
CCCCCCCO,-1.8425
CCCCCCC(C)O,-2.0655
CCCCCC(C)O,-1.5507
CCC(O)CC,-0.2334
CCCC(O)CCC,-1.3931
CCCCC(O)CC,-1.4631
CCCC(O)CC,-0.8025
CCCCC(C)O,-0.8726
CBr,-0.7956
CCBr,-1.086
CCI,-1.6009
ICI,-2.3345
CC(C)Cl,-1.4037
CC(Cl)Cl,-1.2913
FC(Cl)Cl,-0.7383
FC(F)F,-1.2334
FC(Cl)(Cl)Cl,-2.0965
ClC(Cl)C(Cl)(Cl)Cl,-2.6248
FC(F)(Cl)C(F)(Cl)Cl,-3.0423
ClC(Cl)C(Cl)Cl,-1.7536
CCCCCBr,-3.0753
CCCCCCBr,-3.8078
ClCCCCl,-1.6137
CCCCCCCBr,-4.431
CCCCCCCCl,-3.9957
CCCCCCCI,-4.8102
C=C(C)C(=O)OCC,-1.3251
C=C(C)C(=O)OCC(C)C,-2.039
CCOC(=O)NC,0.8255
CCOC(=O)CCC(=O)OCC,-0.96
CCOC(=O)CC(C)=O,-0.073
CCC(=O)OC,-0.1498
CC(=O)OCCBr,-0.6737
CCC(=O)CC,-0.253
CC(=O)CCC(C)C,-1.3252
CC(=O)C(C)C,-0.1513
CCCCCCCCC(C)=O,-3.3085
CC(C)(O)C(Cl)(Cl)Cl,-1.346
OCC(Cl)(Cl)Cl,-0.2537
CCC#N,0.2718
C=CC#N,0.1474
CCCC#N,-0.321
C=CCCCCCC,-4.4373
C=CCCCCCCC,-5.052
C/C=C\C,-1.9302
C=CCC=C,-2.0866
C=CCCCC,-3.2261
C=CCCC=C,-2.6867
C=CCCCCC,-3.732
C=C(F)F,-0.7061
ClC(Cl)=C(Cl)C(Cl)=C(Cl)Cl,-4.9111
C=CCBr,-1.4995
C=CCCBr,-2.2473
CCOC(N)=O,0.7314
C=CC(N)=O,0.9544
CCCC(N)=O,0.2721
O=[N+]([O-])OCC(O)CO[N+](=O)[O-],-0.366
CCCC[N+](=O)[O-],-1.3506
CCCCC[N+](=O)[O-],-1.9548
O=[N+]([O-])OCCO[N+](=O)[O-],-1.3495
C#CCCC,-1.6374
CCOCC,-0.0889
CCCOCCC,-1.3192
CCCCCCOCCO,-1.1694
CCCCOCCOCCCC,-1.9402
CCCCOCCCC,-2.6376
FC(F)OC(F)(F)C(F)Cl,-1.5162
FC(F)OC(Cl)C(F)(F)F,-1.6157
CCN(CC)N=O,0.0161
CC(C)N(N=O)C(C)C,-1.0006
CCCN(CCC)N=O,-1.0006
CCCCN(CCCC)N=O,-2.0955
CCCCN(CC)N=O,-1.0354
CCCCN(C)N=O,-0.6996
CCN(C)N=O,0.5321
COP(=O)(OC)OC,0.5526
CC(C)OP(C)(=O)OC(C)C,-0.0516
CNC(=O)CSP(=S)(OC)OC,-0.9624
CC(CCl)OC(C)CCl,-2.0027
CCOC(=O)CC(SP(=S)(OC)OC)C(=O)OCC,-3.3637
CCOP(=S)(OCC)SCSCC,-3.7166
CCOP(=S)(OCC)SCCSCC,-4.2262
COP(=O)(OC)OC(Br)C(Cl)(Cl)Br,-2.2797
CCCCOC(N)=O,-0.6571
COC(N)=O,0.964
CCCOC(N)=O,-0.1302
CCOP(=S)(OCC)SCSC(C)(C)C,-4.755
CCCCS(=O)(=O)C(S(=O)(=O)CCCC)S(=O)(=O)CCCC,-2.97
CCCN,1.2283
CC=O,1.3561
CN(C)N=O,1.1303
CSSC,-1.4969
CCN(C=O)CC,0.995
CCOP(=S)(OCC)SCCS(=O)CC,-1.8609
CCOP(=O)(OCC)SCS(=O)CC,-1.5124
CCS(=O)CCSP(=S)(OC)OC,-0.9137
O=S(CCCl)CCCl,-1.1641
CCS(=O)CSP(=S)(OC(C)C)OC(C)C,-2.3074
CCOP(=S)(OCC)SCS(=O)(=O)C(C)(C)C,-2.8951
CCS(=O)(=O)CC,0.0433
CCS(=O)(=O)CI,-0.9714
CCC(CC)COC(=O)NS(N)(=O)=O,-1.7487
CCCCOC(=O)NS(N)(=O)=O,-1.0375
CCCCC(CC)COC(=O)NS(N)(=O)=O,-2.402
N[C@@H](CS/C(Cl)=C/Cl)C(=O)O,-1.4895
C[Si](C)(C)CN,-1.7619999999999998
C[Si](C)(C)CCN,-1.807
CC[Si](CC)(CC)CC,-5.6475
COCC[Hg+].[Cl-],-0.7709999999999999
CC(=O)[O-].CC(=O)[O-].[Hg+2],-0.1054
C=O,1.1206
C#CC#C,-0.7241
COS(=O)(=O)OC,-0.6537
CC(=O)C(C)=O,0.3661
CCC(=O)C(C)=O,-0.1764
O=C(S)CCCCC(=O)S,-1.7326
COC(=O)OC(C)C(=O)OC,-0.6003
CC(=O)CSC#N,-0.2162
N#CSCC(CSC#N)SC#N,-1.9351
O=C=O,-1.4748
CCOP(=S)(OCC)OP(=S)(OCC)OCC,-4.0312
CCOC(=S)SC(C)C(=O)O,-1.4489
FC(F)(F)Cl,-3.0647
CCCCCCCCBr,-5.0631
FC(F)(F)C(Cl)Br,-1.7043
CC(=O)OC[C@@H](OC(C)=O)[C@@H](OC(C)=O)[C@H](OC(C)=O)[C@H](C=O)OC(C)=O,-2.4154
O=[N+]([O-])C(Cl)(Cl)Cl,-2.0063
CC(C)(S)[C@@H](N)C(=O)O,-0.1285
OCC(O)C(O)CO,0.6985
CCOC(C)OCC,-0.4291
COCOC,0.506
CCOCOCC,-0.1726
CCCCCCCCS(=O)(=O)NS(=O)(=O)CCCCCCCC,-3.9145
NC(=O)CCl,-0.0166
NC(=O)CBr,0.0643
CCC(Cl)(CC)C(N)=O,-1.0289
NC(=O)C(Cl)CCl,-0.5138
NCC(=O)O,0.92
CC(C)COC(N)=O,-0.3
CC(C)(C)OC(N)=O,0.1
CCNC(=S)NCC,-1.46
C/C=C/C=C/C(=O)O,-1.77
NC(CO)C(=O)O,-0.02
ClC(Cl)(Cl)C(Cl)(Cl)Cl,-3.94
O=C(O)CCCC(=O)O,1.0
O=C(O)CCC(=O)O,-0.17
CC(C)(S)C(N)C(=O)O,-0.13
O=C(O)CCCCC(=O)O,-0.82
O=C(O)CC(O)C(=O)O,0.64
NC(=O)CCC(N)C(=O)O,-0.54
N=C(N)NCCCC(N)C(=O)O,0.0
CNC(=O)O/N=C(/C)SC,-1.21
CCNC(=O)NC(=O)/C(C#N)=N/OC,-2.3
COP(=O)(NC(C)=O)SC,0.54
CS(=O)(=O)OCCCCOS(C)(=O)=O,-2.27
N#CCC#N,0.25
CS(C)(=O)=O,0.2
CCC(Br)(CC)C(=O)NC(N)=O,-2.68
CCC(CC)(C(=O)NC(N)=O)C(=O)OC,-1.96
CCOC(=O)C(CC)(CC)C(=O)NC(N)=O,-2.08
CCC(CC)(C(=O)NC(N)=O)C(=O)OC(C)C,-2.77
CCC(CC)(C(=O)NC(N)=O)C(=O)OCOC,-2.17
C=CCC(CC=C)(C(=O)NC(N)=O)C(=O)OC,-2.17
CCC(CC)(C(=O)NC(N)=O)C(=O)OCC(=O)OC,-2.01
CCC(C)(S(=O)(=O)CC)S(=O)(=O)CC,-1.91
CC(C)(C)C(C)(C)C,-4.87
CCC(C)(N)C(=O)O,0.38
CCCC(=O)CCC,-1.48
CCC(CO)NCCNC(CC)CO,0.57
I/C=C/I,-3.22
CC(/C=N/O)=N\O,-0.35
CCCC(N)C(=O)O,-0.11
C/C(Br)=C/C(=O)O,-0.6
CCC(Br)(CC)C(N)=O,-1.44
CC(=N/O)/C(C)=N/O,-2.16
CC(CC(=O)O)C(=O)O,0.48
C/C(I)=C/C(=O)O,-1.16
CCCCCCCCCCCCCCC(=O)O,-4.31
NCC(=O)NCC(=O)O,0.1
CC(CCC(=O)O)CC(=O)O,0.09
CCCCCCCCCCCCCCCCC(=O)O,-4.69
O=C(O)/C=C/C=C/C(=O)O,-2.85
O=C(O)C(O)C(Cl)(Cl)Cl,0.36
CCCCCCCCCCCCCCCCCC(=O)O,-4.98
O=C(O)CCCCCCCCCCCC(=O)O,-3.79
C=COC(=O)CCCCCCCCCCCCCCCCC,-6.15
C=CCC(CC)(C(=O)NC(N)=O)C(=O)OC,-1.92
O=C(CO)C(O)C(O)C(O)CO,0.32
CN(C)C(CSC(N)=O)CSC(N)=O,-0.07
CCCCNC(=O)OCC(C)(CCC)COC(N)=O,-2.74
CNC(=O)C(C)SCCSP(=O)(OC)OC,0.54
O=C(O)CC(C(=O)O)C(CC(=O)O)C(=O)O,-0.18
O=C(OCc1ccccc1)c1ccccc1O,-4.4139224059
CCCCOC(=O)c1ccccc1C(=O)OCc1ccccc1,-5.64
O=C(OCc1ccccc1)c1ccccc1,-4.1776244939
CCCCCCCCOC(=O)c1ccccc1C(=O)OCc1ccccc1,-8.2876520693
O=C(OCc1ccccc1)c1ccc(O)cc1,-3.3249813225
CCN(CC)CC(OC(=O)c1ccc([N+](=O)[O-])cc1)c1ccccc1,-2.84
O=C(C1CCCCC1)N1CC(=O)N2CCc3ccccc3C2C1,-2.8927
CCC(C)C1NC(=O)C(Cc2ccccc2)NC(=O)C2CCCN2C(=O)C(Cc2ccccc2)N(C)C(=O)C2CCC=NN2C(=O)C2CCC=NN2C1=O,-4.04
CN(C)CCN(Cc1cccs1)c1ccccn1,-2.6383
O=c1nc[nH]c2nc[nH]c12,-2.2888
C/C=C\C(=O)O[C@@H]1C[C@H]2O[C@@H]3C=C(C)C(=O)C[C@]3(C)[C@]1(C)[C@@]21CO1,-2.9196
O=C1C(Br)=CC(=CNOc2ccc([N+](=O)[O-])cc2[N+](=O)[O-])C=C1Br,-6.6637
c1ccc2c(c1)ccc1ccc3ccccc3c12,-7.8207
O=C(Nc1ccccc1)C(O)COc1ccccc1,-2.41
CCOC(=O)C(CCc1ccccc1)NC(C)CN1CCCC1C(=O)O,-1.24
N#Cc1sc2c(=O)c3ccccc3c(=O)c=2sc1C#N,-6.33
O=C(OCCc1ccccc1)c1ccccc1O,-4.4891053349000005
O=[N+]([O-])c1ccc(-c2nc3ccc(F)cc3[nH]2)o1,-4.0
O=[N+]([O-])c1ccc(-c2nc3ccc(Cl)cc3[nH]2)o1,-4.82
O=[N+]([O-])c1ccc(-c2nc3ccccc3[nH]2)o1,-3.89
c1coc(-c2nc3ccccc3[nH]2)c1,-3.414
S=c1nc[nH]c2nccnc12,-2.6471
COc1ccc(C(=O)Cc2c(CCN(C)C)cc3c(c2OC)OCO3)c(C(=O)O)c1OC,-2.535
O=C1NCCCC1N1C(=O)c2ccccc2S1(=O)=O,-2.64
CC12CCC(O)CC1CCC1C2CCC2(C)C(C3=CC(=O)OC3)CCC12O,-4.57
NC(=O)c1ccc[n+](C2OC(COP(=O)([O-])OP(=O)(O)OCC3OC(n4cnc5c(N)ncnc54)C(O)C3O)C(O)C2O)c1,0.1782048937999999
CS(=O)(=O)c1cc(C(F)(F)F)ccc1C(=O)c1cnoc1C1CC1,-4.7631
Clc1ccc(N2N=NC3C4CC(C5N=NC45)C32)cc1,-4.87
CNc1cc(NS(C)(=O)=O)ccc1Nc1c2ccccc2nc2ccccc12,-2.94
CCN(CC)c1ccc2c(-c3ccccc3C(=O)O)c3ccc(N(CC)CC)cc3[o+]c2c1.Cc1nn(-c2ccccc2)c([O-])c1N=Nc1cc(S(=O)(=O)NCCCOC(C)C)ccc1[O-].Cc1nn(-c2ccccc2)c([O-])c1N=Nc1cc(S(=O)(=O)NCCCOC(C)C)ccc1[O-].[Co+3],-3.2357622441000005
CC1(C)CC2(CC(C)(C)N1)OC1(CCCCCCCCCCC1)NC2=O,-5.0846644385
O=c1ncc2[nH]cnc2[nH]1,-1.7136
Cn1cnc2[nH]c(=O)nc(NCCO)c21,0.08
CN1CC2CC1CN2c1cc2c(cc1F)c(=O)c(C(=O)O)cn2C1CC1,-2.9
O=C(O)c1cn(C2CC2)c2cc(N3CC4CC3CN4)c(F)cc2c1=O,-3.65
CN1C[C@@H]2C[C@H]1CN2c1cc2c(cc1F)c(=O)c(C(=O)O)cn2C1CC1,-2.9
CC1NC(C)SC(C)S1,-1.3679
O=c1[nH]c2ccccc2c(=O)o1,-2.7354179060000003
O=c1[nH]c(Nc2ccccc2)nc2[nH]cnc12,-4.12
C=CCn1cnc2c(=O)[nH]c(Nc3ccccc3)nc21,-5.09
O=C(Nc1ccccc1SSc1ccccc1NC(=O)c1ccccc1)c1ccccc1,-6.9782870605
COc1ccc2c(c1OC)C(=O)OC2C1c2c(cc3c(c2OC)OCO3)CCN1C,-3.14
COc1ccc2c(c1OC)C(=O)OC2C1c2cc3c(cc2CCN1C)OCO3,-4.1065
COc1ccc2c(c1OC)C(=O)O[C@@H]2[C@H]1c2c(cc3c(c2OC)OCO3)CCN1C,-3.1393
Fc1ccc2c(c1)CC[C@@H]([C@@H]1CO1)O2.Fc1ccc2c(c1)CC[C@@H]([C@H]1CO1)O2.Fc1ccc2c(c1)CC[C@H]([C@@H]1CO1)O2.Fc1ccc2c(c1)CC[C@H]([C@H]1CO1)O2,-3.0521011765
CCCn1c(=O)c2[nH]c(C(C3CC3)C3CC3)nc2n(CCC)c1=O,-4.59
Cc1ccccc1-n1c(C)nc2ccccc2c1=O,-2.92
Cc1cc(C2CC2)nc(Nc2ccccc2)n1,-4.05
Cc1ccc2c(c1)C=CS2(=O)=O,-2.65
CC1=CS(=O)(=O)c2ccccc21,-2.67
CCCc1c(O)n2c(N(C)C)nc3ccc(C)cc3n2c1=O,-3.63
OC(CCN1CCCCC1)(c1ccccc1)C1CCCCC1,-5.2
[N-]=[N+]=C1C(=O)NC(=O)NC1=O,-1.4717570191
C[Si]1(C)O[Si](C)(C)O[Si](C)(C)O1,0.652738306
c1ccc2ocnc2c1,-1.1548
Cn1cnc2c(=O)n(C)c(=O)n(C)c2c1=O,-1.985
CO[Si](OC)(C1CCCC1)C1CCCC1,-4.6327996787
O=c1ccn(CCO)c(C(O)c2ccccc2)c1O,-2.82
C=CC/C=C/C/C=C/CCCCCCCc1cccc(OCC2CO2)c1.CCC/C=C/C/C=C/CCCCCCCc1cccc(OCC2CO2)c1.CCCCCC/C=C/CCCCCCCc1cccc(OCC2CO2)c1,-6.0798516889
c1ccc2c(c1)ccc1[nH]c3ccc4ccccc4c3c12,-6.6277
Cc1c(Nc2nc(Cl)nc(Nc3cccc(S(=O)(=O)[O-])c3)n2)c(C)c(S(=O)(=O)[O-])c(C)c1Nc1cc(S(=O)(=O)[O-])c(N)c2c1C(=O)c1ccccc1C2=O.[Na+].[Na+].[Na+],-0.4244279852
Cc1c(Nc2nc(Cl)nc(Nc3ccccc3S(=O)(=O)[O-])n2)c(C)c(S(=O)(=O)[O-])c(C)c1Nc1cc(S(=O)(=O)[O-])c(N)c2c1C(=O)c1ccccc1C2=O.[Na+].[Na+].[Na+],-0.4244279852
COP(=O)(OC)SCn1c(=O)oc2cc(Cl)cnc21,-2.47
C1CCOCOC1,0.4107896597
COC(=O)C1=CO[C@@H](O[C@@H]2O[C@H](CO)[C@@H](O)[C@H](O)[C@H]2O)[C@H]2[C@@H]1C[C@H](O)[C@@H]2C,-0.5911
CCOc1ccc(C(C)(C)COCc2cccc(Oc3ccccc3)c2)cc1,-8.5758
CC(C)(COCc1cccc(Oc2ccccc2)c1)c1ccc(OC(F)(F)Br)cc1,-9.9799
O=C1NCN(c2ccccc2)C12CCN(CCCC(c1ccc(F)cc1)c1ccc(F)cc1)CC2,-4.6772
CC1(C)Nc2cccc3cccc(c23)N1,-2.9298988951
CCC1(C)Nc2cccc3cccc(c23)N1,-3.2477605654
CCN(CC)CCSc1nnc2[nH]c3ccccc3c2n1,-3.09
CCN(C(=O)Oc1cccc(NC(=O)OC(C)C)c1)c1ccccc1,-5.0574
CCOC(=O)Nc1cccc(OC(=O)Nc2ccccc2)c1,-4.52
COC(=O)Nc1cccc(OC(=O)Nc2cccc(C)c2)c1,-4.779
CNC1(c2ccccc2Cl)CCCCC1=O.[Cl-].[H+],-0.1369999999999999
ON=C1C=CC(=NO)c2ncccc21,-3.7998
C#CCOC(=O)C(C)Oc1ccc(Oc2ncc(Cl)cc2F)cc1,-5.15
C[C@@H](Oc1ccc(Oc2ccc(C(F)(F)F)cn2)cc1)C(=O)O,-2.6227956692
CCCCOC(=O)[C@@H](C)Oc1ccc(Oc2ccc(C(F)(F)F)cn2)cc1,-5.2826
C#CCOC(=O)[C@@H](C)Oc1ccc(Oc2ncc(Cl)cc2F)cc1,-4.9417
CCOCCOC(=O)C(C)Oc1ccc(Oc2ncc(C(F)(F)F)cc2Cl)cc1,-5.8739
COC(=O)C(C)Oc1ccc(Oc2ncc(C(F)(F)F)cc2Cl)cc1,-4.6064
CCCCOC(=O)C(C)Oc1ccc(Oc2ccc(C(F)(F)F)cn2)cc1,-5.5836
Cc1nc(=O)c(C#N)c(NCc2cccnc2)[nH]1,-2.35
C1CNCCN1,1.0648
CCOC(=O)N1CC(C)N(C(N)=O)CC1C,-0.55
CC1CNC(C)CN1,0.49
CCOC(=O)N1CCN(C(=O)OCC)CC1,-0.7288
CCNC(=S)N1CCN(C(=O)OCC)CC1,-1.79
C1CNCCN1.O=C(O)CCCCC(=O)O,-0.6232866861
CC1CNCCN1,0.6378
NCCN1CCNCC1,-0.1112860428999999
CN1CCN(C)CC1,0.9423643206
C1CNCCN1.[Cl-].[Cl-].[H+].[H+],0.4112
CCOC(=O)N1CCN(C)CC1,1.13
C1CNCCN1.O=C(O)CC(O)(CC(=O)O)C(=O)O,0.2879414183
CCOC(=O)N1CC(C)NCC1C,0.65
O=CNC(N1CCN(C(NC=O)C(Cl)(Cl)Cl)CC1)C(Cl)(Cl)Cl,-4.16
CC1CN(C(=N)N)C(C)CN1C(=N)N,0.02
O=S(=O)([O-])CCN1CCN(CCO)CC1.[Na+],0.4318666789
O=S(=O)([O-])CCN1CCN(CCS(=O)(=O)O)CC1.[Na+],-2.7475939424
C1=NC=NC2N=C(c3ccccc3)N=C12,-3.07
CC1=C(C(=O)Nc2ccccc2)S(=O)(=O)CCO1,-2.43
c1ccc2c(c1)ccc1cc3ccc4ccccc4c3cc12,-8.4318
CC1=Nc2ccccc2N=C(C)C1,-1.37
c1cc(N(CC2CO2)CC2CO2)ccc1OCC1CO1,-1.9192347247
CC1CCC2(OC1)OC1CC3C4CC=C5CC(O)CCC5(C)C4CCC3(C)C1C2C,-7.32
C[C@H]1[C@H]2[C@H](C[C@H]3[C@@H]4CC=C5C[C@@H](O)CC[C@]5(C)[C@H]4CC[C@@]32C)O[C@]12CC[C@@H](C)CO2,-7.3166
COc1ccc(/C=C2/N=C(c3ccc(C4=N/C(=C/c5ccc(OC)cc5)C(=O)O4)cc3)OC2=O)cc1,-6.9835711537
CCOC(=O)c1ccc2sc3ccccc3c(=O)c2c1,-6.756602506799999
Fc1ccc(C(c2ccc(F)cc2)[NH+]2CC[NH2+]CC2)cc1,-2.8786010762
O=C(O)CN1C(=O)NC(=O)C1Cc1ccccc1,-1.79
CN1C(=O)C(Cc2ccc(O)cc2)N(CC(=O)O)C1=O,-0.05
COc1ccc(CC2NC(=O)N(C(C)C(=O)O)C2=O)cc1,-0.86
COc1ccc(CC2NC(=O)N(C)C2=O)cc1,-0.89
c1ccc(-c2ccccc2-c2ccccc2)cc1,-5.2692
O=C(O)c1ccccc1C(=O)c1ccc(Cl)cc1,-2.7171
O=C(c1ccc(F)cc1)c1ccc(F)cc1,-4.3966521847000015
COc1cc(O)c(C(=O)c2ccccc2)cc1S(=O)(=O)[O-].[Na+],-0.022384851
Nc1ccc(Cl)cc1C(=O)c1ccccc1Cl,-7.4250889383
CN(C)c1ccc(C(=O)c2ccc(N(C)C)cc2)cc1,-2.8267
O=C(CBr)Nc1ccc(Cl)cc1C(=O)c1ccccc1F,-5.5693457861
O=C(c1ccc(O)c(O)c1)c1c(O)cc(O)cc1O,-1.72
Cc1ccc(C(=O)c2cc(O)c(O)c([N+](=O)[O-])c2)cc1,-4.17
CCCCCCOC(=O)c1ccccc1C(=O)c1ccc(N(CC)CC)cc1O,-7.3952335385
CC(C(=O)OCC(=O)N(C)CC(N)=O)c1cccc(C(=O)c2ccccc2)c1,-2.42
O=C(c1ccccc1)c1c(O)cc(O)cc1O,-1.8708
O=C(O)c1ccccc1C(=O)c1ccc(O)cc1,-2.73
COc1ccc(C(=O)c2cccc(C)c2)cc1C,-5.0797
O=C(c1ccccc1)c1cccc(N=C=S)c1,-5.4
CN(C(=O)CNC(=O)CN)c1ccc(Cl)cc1C(=O)c1ccccc1Cl,-2.33
O=C(c1ccccc1)c1ccc(O)c(O)c1,-2.9226200497000003
O=C(CBr)Nc1ccc(Cl)cc1C(=O)c1ccccc1Cl,-6.8888082879
COc1ccc(C(=O)c2ccccc2)c(O)c1,-4.5802538276
CCCCCCCCOc1ccc(C(=O)c2ccccc2)c(O)c1,-5.5137980476
CC(C(=O)O)c1cccc(C(=O)c2ccccc2)c1,-3.47
CCOC(=O)c1ccccc1C(=O)c1ccccc1,-3.4053
COC(=O)c1ccccc1C(=O)c1ccccc1,-3.4776
O=C(O)c1ccccc1C(=O)c1ccccc1O,-2.3428
O=C(c1ccccc1)c1ccc(O)c(O)c1O,-3.3451078238
O=C(c1ccccc1)c1ccccc1,-3.882202908
COc1ccc(C(=O)c2ccccc2O)c(O)c1,-7.2738841077
O=C(O)c1ccccc1C(=O)c1ccc(Br)cc1,-3.0074
CC1(C)CC(N)CC(C)(CN)C1.Cc1ccc(S(=O)(=O)O)cc1,0.1572981869
CO[C@]1(C)CCC23C[C@@H]1C(C)(C)[C@@H]2CC[C@H]3C,-4.7401771795
CC(=O)OC1(C)CCC23CC1C(C)(C)[C@@H]2CC[C@H]3C,-5.4266410391
CN(C)Cc1ccc(C(=O)OCCOCn2cnc3c(=O)[nH]c(N)nc32)cc1,-2.47
CCCN(CCC)Cc1cccc(C(=O)OCCOCn2cnc3c(=O)[nH]c(N)nc32)c1,-0.35
Cc1c(Cl)ccc(OC(C)C(=O)Nc2ccccc2)c1Cl,-7.0057
Cn1c(=O)c2n[se]nc2n(C)c1=O,-2.2994
CC1=C(C)S(=O)(=O)CCS1(=O)=O,-1.66
CC1(C)CC/C(=C\c2ccc(Cl)cc2)C1=O,-5.6715911936
O=S(=O)(O)c1cc(O)c2cc(Nc3ccccc3)ccc2c1,-1.9763
c1ccc(Nc2ccc3ccccc3c2)cc1,-5.4959148461
O=C1NC(=O)c2ccc3c4ccc5c6c(ccc(c7ccc1c2c73)c64)C(=O)NC5=O,-7.5914586339999985
CN1C(=O)c2ccc3c4ccc5c6c(ccc(c7ccc(c2c37)C1=O)c64)C(=O)N(C)C5=O,-7.7185099927
COc1ccc2c3c1OC1C(OC(C)=O)CCC4C(C2)N(C)CCC341,-1.75
COCOc1ccc2c3c1OC1C(O)CCC4C(C2)N(C)CCC341,-1.96
COc1ccc2c3c1OC1C(O)CCC4C(C2)N(C)CCC341,-1.0
Cl/C=C/C[N+]12CN3CN(CN(C3)C1)C2.[Cl-],0.0829
O=C1C=CC(=O)N1c1ccccc1,-2.3273175561
O=C1C(Cl)=C(Cl)C(=O)N1c1ccc(F)cc1,-4.6442
O=C1CCCCCCCCCOCCCCCO1,-3.8838494997
CC(C)C(Nc1ccc(C(F)(F)F)cc1Cl)C(=O)OC(C#N)c1cccc(Oc2ccccc2)c1,-8.0025
NC(=O)OCC1CSC2(CCCCC2)O1,-2.82
CN(C)CCCN1CN(CCCN(C)C)CN(CCCN(C)C)C1,0.1642130702
O=[N+]([O-])N1CN([N+](=O)[O-])CN([N+](=O)[O-])C1,-3.5706
O=C(NNC(=O)c1ccncc1)c1ccccc1,-2.54
Cc1ccccc1C(=O)NNC(=O)c1ccncc1,-2.73
c1cc[nH]c1,-0.1734
CCOC(=O)c1[nH]c(C=O)c(CC)c1C,-2.7186
CCOC(=O)c1[nH]c(C)cc1C,-2.6212
NC(=O)c1nc(-c2ccccc2)n(-c2ccc(Cl)c(COCC(F)(F)C(F)(F)F)c2)n1,-5.6635
O=c1c2ccccc2c(=O)c2c1ccc1c2[nH]c2c3c(=O)c4ccccc4c(=O)c3c3[nH]c4c(ccc5c(=O)c6ccccc6c(=O)c54)c3c12,-4.5096151077
CC(Cc1cccc(CC(C)c2ccc(O)cc2)c1)c1ccc(O)cc1,-6.238635640399999
O=C1CCCCCCCCN1,-1.0737
CC(C)(C)C1CCC(=O)CC1,-2.4173816076
CCC(C)(C)C1CCC(=O)CC1,-2.6568927779
CC1(C)CC(=O)CC(C)(C#N)C1,-1.5404977204
CC1CC(=O)CC(C)(C)C1,-1.6471414632
C=C(C)C1CCC(C)C(=O)C1,-2.18
C=C(OCC)C1C(C)(C)CC(=O)CC1(C)C,-3.6433442829
CC1CCCCC1=O,-0.94
CC1CCC(C(C)C)C(=O)C1,-2.49
O=C1CCCCC1,-0.0573697280999999
CCC(C)C1CCCCC1=O,-2.427057806
CC(C)[C@@H]1CC[C@@H](C)CC1=O,-2.4918772305
CC1CCCC(=O)C1,-1.8738
CC(C(=O)O)c1ccc(C(=O)c2cccs2)cc1,-2.0
CC1=CCC(C(C)C)CC1.CC1=CCC(C(C)C)CC1,-5.495255435900002
COc1cc(N=Nc2cc(S(=O)(=O)[O-])cc3cc(S(=O)(=O)[O-])cc(O)c23)c(C)cc1N=Nc1c(S(=O)(=O)[O-])cc2cc(S(=O)(=O)[O-])cc(Nc3nc(Nc4ccccc4)nc(Nc4ccc(N=Nc5ccc(O)c(C(=O)[O-])c5)cc4)n3)c2c1O.[Na+].[Na+].[Na+].[Na+].[Na+],-2.4833879664
Cc1[nH]cnc1S(=O)(=O)O,0.188
Cc1[nH]cnc1CO,0.2683337666
Cn1ccnc1,1.0856251051
O=C(O)/C=C/c1cnc[nH]1,-1.964
O=C(O)c1nc[nH]c1C(=O)O,-2.4944
Cc1nc(Br)[nH]c1[N+](=O)[O-],-1.7914
Cn1cncc1C[C@H](N)C(=O)O,0.0727
CCCCCCCCCCCCCCCCCc1ncc[nH]1,-7.214642713
N[C@@H](Cc1cnc[nH]1)C(=O)O.[Cl-].[H+],-0.1076498856
Cc1ncc([N+](=O)[O-])n1CCOP(=O)(O)O,-1.38
NC(Cc1cnc[nH]1)C(=O)O,-0.5314
C[N+](C)(C)C(Cc1cnc(S)[nH]1)C(=O)[O-],-0.46
Cc1ncc([N+](=O)[O-])[nH]1,-1.63
Cc1ncc([N+](=O)[O-])n1C,-1.16
CC(C)c1nc([N+](=O)[O-])c[nH]1,-1.15
Cn1cncc1CC(N)C(=O)O,0.08
CC(C)c1ncc([N+](=O)[O-])n1C,-1.26
Cc1ncc([N+](=O)[O-])n1CC(C)O,-0.74
O=S(=O)(O)c1ncc[nH]1,-0.3
Cc1ncc[nH]1,0.5121363664999999
Cn1c([N+](=O)[O-])cnc1COC(N)=O,-1.8433
Cc1ncc([N+](=O)[O-])n1CCO,-1.21
O=S(=O)(O)c1c[nH]cn1,0.1304
CC(C)Cc1ncc[nH]1,-1.0488
CN=C(NC#N)NCCSCc1nc[nH]c1C,-1.4298
O=C(O)C=Cc1c[nH]cn1,-1.96
CCCCc1nc(C=O)c(Cl)[nH]1,-2.1991273723
c1c[nH]cn1,0.9683905422
Cc1cccc(N(c2ccccc2)c2ccc(-c3ccc(N(c4ccccc4)c4cccc(C)c4)cc3)cc2)c1,-6.4121983796
Cc1nnc(SCC2=C(C(=O)O)N3C(=O)C(NC(=O)Cn4cnnn4)C3SC2)s1,-2.62
C1=CCC(C2OCC3(CO2)COC(C2CC=CCC2)OC3)CC1,-5.2397354439
CCOP(=S)(OCC)Oc1cc(-c2ccccc2)on1,-5.2172
S=C(SN1CCOCC1)N1CCOCC1,-3.2913006621
O=C(OCC(=O)N1CCC(O)CC1)c1ccccc1,-1.3486
CC1CCCC(C)N1C(=O)COC(=O)c1ccccc1,-3.26
CCC1CCCCN1C(=O)COC(=O)c1ccccc1,-2.72
O=C(OCC(=O)N1CCCCC1)c1ccccc1,-2.5011
O=C(O)C1C2CCC(O2)C1C(=O)O,-0.27
CC(C)[C@@]12CC[C@@](C)(O1)[C@@H](O)C2,-0.288092629
CC(=O)CC1=NCCS1,-1.156
CC(=O)Nc1ccc(S(=O)(=O)[O-])c2c1C(=O)/C(=N\Nc1ccc(N=Nc3ccc(S(=O)(=O)[O-])cc3)c3ccc(S(=O)(=O)[O-])cc13)C(S(=O)(=O)[O-])=C2.[Na+].[Na+].[Na+].[Na+],-1.4612448391
CCCCSC(=Nc1cccnc1)SCc1ccc(C(C)(C)C)cc1,-5.5712
c1cc2ccc1CCc1ccc(cc1)CC2,-5.169478497
CCOC(=O)C(C)Oc1ccc(Oc2cnc3cc(Cl)ccc3n2)cc1,-5.97
CC(C)=NOCCOC(=O)C(C)Oc1ccc(Oc2cnc3cc(Cl)ccc3n2)cc1,-5.8479
CCOC(=O)[C@@H](C)Oc1ccc(Oc2cnc3cc(Cl)ccc3n2)cc1,-5.9694
CC(Oc1ccc(Oc2cnc3cc(Cl)ccc3n2)cc1)C(=O)O,-6.0604
CC1(N)CN(c2c(F)c(N)c3c(=O)c(C(=O)O)cn(C4CC4)c3c2F)C1,-4.38
CCC1C(N)CN1c1c(F)cc2c(=O)c(C(=O)O)cn(C3CC3)c2c1F,-3.81
NC1CN(c2c(F)cc3c(=O)c(C(=O)O)cn(C4CC4)c3c2F)C1,-5.27
CC1N(c2c(F)cc3c(=O)c(C(=O)O)cn(C4CC4)c3c2F)CC1(C)N,-5.04
CC1(N)CN(c2c(F)cc3c(=O)c(C(=O)O)cn(C4CC4)c3c2F)C1,-5.64
CNC1CN(c2c(F)cc3c(=O)c(C(=O)O)cn(C4CC4)c3c2F)C1,-5.31
CC1C(N)CN1c1c(F)cc2c(=O)c(C(=O)O)cn(C3CC3)c2c1F,-4.17
CNC1CN(c2c(F)cc3c(=O)c(C(=O)O)cn(C4CC4)c3c2F)C1C,-4.44
CC1C(N)CN1c1cc2c(cc1F)c(=O)c(C(=O)O)cn2C1CC1,-4.63
CCC1C(N)CN1c1cc2c(cc1F)c(=O)c(C(=O)O)cn2C1CC1,-3.91
CNC1CN(c2cc3c(cc2F)c(=O)c(C(=O)O)cn3C2CC2)C1C,-4.57
CC1N(c2cc3c(cc2F)c(=O)c(C(=O)O)cn3C2CC2)CC1(C)N,-5.42
CC1C(N)CN1c1c(F)cc2c(=O)c(C(=O)O)cn(C3CC3)c2c1Cl,-4.48
CC1C(N)CN1c1c(F)c(N)c2c(=O)c(C(=O)O)cn(C3CC3)c2c1F,-3.98
NC1CN(c2cc3c(cc2F)c(=O)c(C(=O)O)cn3C2CC2)C1,-5.32
CNC1CN(c2cc3c(cc2F)c(=O)c(C(=O)O)cn3C2CC2)C1,-5.41
CC1(N)CN(c2cc3c(cc2F)c(=O)c(C(=O)O)cn3C2CC2)C1,-5.62
CC1(N)CN(c2c(F)cc3c(=O)c(C(=O)O)cn(C4CC4)c3c2Cl)C1,-5.33
CC(Oc1ccc(Oc2ncc(Cl)cc2Cl)cc1)C(=O)N1CCCO1,-4.5922
CCOC(=O)C1=NN(c2ccccc2)C(=O)C1N=Nc1ccc(-c2ccc(N=NC3C(=O)N(c4ccccc4)N=C3C(=O)OCC)c(Cl)c2)cc1Cl,-8.5265601286
CC1=NN(c2ccccc2)C(=O)C1N=Nc1ccc(-c2ccc(N=NC3C(=O)N(c4ccccc4)N=C3C)cc2S(=O)(=O)[O-])c(S(=O)(=O)[O-])c1.[Na+].[Na+],-1.642781181
CC1=NN(c2ccc(C)cc2)C(=O)C1N=Nc1ccc(-c2ccc(N=NC3C(=O)N(c4ccc(C)cc4)N=C3C)c(Cl)c2)cc1Cl,-8.2698850372
O=c1c2cc(Br)c3cccc4c(=O)c5cc(Br)c6cccc1c6c5-c2c34,-7.6331990421
CC(C)C1OC2(CCCC2)OCC1(C)C,-3.5242437705
O=C(O)CN1CCCCS1(=O)=O,-0.59
O=c1c2ccccc2c(=O)c2c1ccc1c3ccc4c(=O)c5c(ccc6c7ccc8c(=O)c9ccccc9c(=O)c8c7[nH]c65)c(=O)c4c3[nH]c12,-8.8106451034
CC(C)CC(NC(=O)CC(O)C(CC(C)C)NC(=O)C(Cc1c[nH]cn1)NC(=O)C(Cc1ccccc1)NC(=O)OC(C)(C)C)C(=O)NCc1cc[n+]([O-])cc1,-2.38
CCCCc1nc(Cl)c(CO)n1Cc1ccc(-c2ccccc2-c2nn[nH]n2)cc1,-4.9450169862
CC(=O)C(N=Nc1ccc(S(=O)(=O)[O-])cc1[N+](=O)[O-])C(=O)Nc1ccccc1.CC(=O)C(N=Nc1ccc(S(=O)(=O)[O-])cc1[N+](=O)[O-])C(=O)Nc1ccccc1.[Ca+2],-4.6745621224
Cc1ccc(Cl)cc1N/N=C1\C(=O)C(C(=O)Nc2cc(C)c(NC(=O)C3=Cc4ccccc4/C(=N\Nc4cc(Cl)ccc4C)C3=O)cc2C)=Cc2ccccc21,-7.6781962638999985
O=C(Nc1ccc(NC(=O)C2=Cc3ccccc3/C(=N\Nc3cc(Cl)ccc3Cl)C2=O)c(Cl)c1)C1=Cc2ccccc2/C(=N\Nc2cc(Cl)ccc2Cl)C1=O,-7.869298263099999
O=C(Nc1cc(Cl)c(NC(=O)C2=Cc3ccccc3/C(=N\Nc3cc(Cl)ccc3Cl)C2=O)cc1Cl)C1=Cc2ccccc2/C(=N/Nc2cc(Cl)ccc2Cl)C1=O,-8.1508681249
O=C(Nc1cc(Cl)c(NC(=O)C2=Cc3ccccc3/C(=N\Nc3cc(C(F)(F)F)ccc3Cl)C2=O)cc1Cl)C1=Cc2ccccc2/C(=N/Nc2cc(C(F)(F)F)ccc2Cl)C1=O,-7.6922433716
Cc1ccc(C(=O)OCCCl)cc1N/N=C1/C(=O)C(C(=O)Nc2cc(C)c(NC(=O)C3=Cc4ccccc4/C(=N/Nc4c(C)cccc4C(=O)OCCCl)C3=O)cc2C)=Cc2ccccc21,-7.8142410285000015
COc1ccc(CN(CCN(C)C)c2ncccn2)cc1,-2.99
O=C(O)C1CCC(=O)N1CN1C(=O)CCC1C(=O)O,-1.31
CCOc1nc2cccc(C(=O)O)c2n1Cc1ccc(-c2ccccc2-c2nn[nH]n2)cc1,-6.4977813968
CC(C)(OOC(C)(C)c1ccccc1)c1ccccc1,-5.7692
COC1C(O)[C@@H](O[C@H]2CC[C@]3(C=O)C4CC[C@]5(C)[C@@H](C6=CC(=O)OC6)CC[C@]5(O)C4CC[C@@H]3C2)OC(C)[C@H]1O,-3.1373
CC(=O)OC1CCC2CCCCC2C1,-3.5605044152
FC1(F)C(F)(F)C(F)(F)C2(F)C(F)(F)C(F)(F)C(F)(F)C(F)(F)C2(F)C1(F)F,-7.6647115323
C1CCC2CCCCC2C1,-4.1406777053
CC(=O)Oc1ccc2c(c1)CC(=O)N2,-1.54
O=C1Cc2cccc(F)c2N1,-2.2251369084
O=C1Cc2ccc(Cl)cc2N1,-2.9689885527
O=C1Cc2cc(CCCl)c(Cl)cc2N1,-4.7775740697
Cc1cc2ccccc2cn1,-2.19
c1ccc2cnccc2c1,-1.456
c1ccc2c(c1)-c1cccc3c1c-2cc1ccccc13,-8.2259
CCC1O[C@]2(CCC1C)C[C@@H]1C[C@@H](C/C=C(\C)CC(C)/C=C/C=C3\CO[C@@H]4[C@H](O)C(C)=C[C@@H](C(=O)O1)[C@]34O)O2,-4.8772
CC1=C[C@H]2C(=O)O[C@H]3CC(C/C=C(\C)C[C@@H](C)/C=C/C=C4\CO[C@H]([C@@H]1O)[C@@]42O)O[C@@]1(CC[C@H](C)C(C)O1)C3,-5.7787
C#CC1(OC(=O)c2ccccc2)CCC2C3CCC4=CC(=O)CCC4C3CCC21C,-7.75
CC12CCC(=O)C=C1CCC1C2CCC2(C)C(OC(=O)c3ccccc3)CCC12,-4.48
O=C1NC(=O)C(O)(C2(O)C(=O)NC(=O)NC2=O)C(=O)N1,-1.9942
Nc1c(N=Nc2ccc(S(=O)(=O)CCOS(=O)(=O)[O-])cc2)c(S(=O)(=O)[O-])cc2c1C(=O)/C(=N\Nc1ccc(S(=O)(=O)CCOS(=O)(=O)[O-])cc1)C(S(=O)(=O)[O-])=C2.[Na+].[Na+].[Na+].[Na+],-0.2552865172
Nc1c(N=Nc2ccc([N+](=O)[O-])cc2)c(S(=O)(=O)[O-])cc2c1C(=O)/C(=N/Nc1ccccc1)C(S(=O)(=O)[O-])=C2.[Na+].[Na+],-1.2800595004000002
COc1ccc(S(=O)(=O)CCOS(=O)(=O)[O-])cc1N/N=C1/C(=O)c2c(cc(S(=O)(=O)[O-])c(N=Nc3ccc(S(=O)(=O)CCOS(=O)(=O)[O-])cc3)c2N)C=C1S(=O)(=O)[O-].[Na+].[Na+].[Na+].[Na+],-0.4161044822999999
CCOC(=O)N1C(=O)c2ccccc2C1=O,-2.7387726333
COP(=S)(OC)SCN1C(=O)c2ccccc2C1=O,-4.1
CCOP(=S)(OCC)SC(CCl)N1C(=O)c2ccccc2C1=O,-5.85
O=C1c2ccccc2C(=O)N1SC(Cl)(Cl)Cl,-5.569
O=C(O)CC[C@@H](C(=O)O)N1C(=O)c2ccccc2C1=O,-1.4463316859
O=C1NC(=O)c2ccccc21,-2.6114
CCC(C)(C(=O)O)N1C(=O)c2ccccc2C1=O,-1.91
CCOP(=S)(OCC)N1C(=O)c2ccccc2C1=O,-3.3522
CCOc1ccc(C2(C(=O)OC(C#N)c3cccc(Oc4ccccc4)c3)CC2(Cl)Cl)cc1,-6.7243
O=C(O)CCn1ccccc1=O,-0.6
Cn1ccccc1=O,0.9621
Cc1cc(O)n(CCC(=O)O)c(=O)c1C#N,-1.4436540675999998
Cc1cc(O)n(CCC(=O)O)c(=O)c1C(N)=O,-1.6024488726
COc1ccn(C)c(=O)c1C#N,-1.784
O=c1cccc[nH]1,1.0218
CCCCn1c(O)c(C#N)c(C)cc1=O,-2.2729907436000003
O=c1ccc(I)c[nH]1,-1.7423
Cn1cc(I)ccc1=O,-0.0094
Cc1cc(CC(C)CC(C)(C)C)n(O)c(=O)c1.NCCO,-3.9054642035
CCCc1ccn(CCC(=O)O)c(=O)c1,-2.11
O=C(O)CCCCCn1ccccc1=O,-0.64
CCCCCCCc1ccn(CCC(=O)O)c(=O)c1,-4.4
O=C(O)CN1C(=O)N(c2ccccc2)C(=O)C1Cc1ccccc1,-2.91
Cc1cc(Nc2nc(NCCO)nc(Nc3ccc(N=Nc4cc(S(=O)(=O)[O-])c5cccc(S(=O)(=O)[O-])c5c4)c(C)c3)n2)ccc1N=Nc1cc(S(=O)(=O)[O-])c2cccc(S(=O)(=O)[O-])c2c1.[Na+].[Na+].[Na+].[Na+],-1.1748734719
O=S1(=O)CCCO1,-0.0868756938
NS(=O)(=O)c1cc2c(s1)CC(O)CS2(=O)=O,-1.59
NS(=O)(=O)c1cc2c(s1)C(O)CCS2(=O)=O,-1.28
Nc1c(S(=O)(=O)[O-])cc(NC2CCCCC2)c2c1C(=O)c1ccccc1C2=O.[Na+],-1.2963650985
O=C1CCCCCCCCCCCCCCN1,-2.874
Nc1ncnc2c1ncn2[C@]1(CO)O[C@H](CO)[C@@H](O)[C@H]1O,-1.5701
Nc1ncnc2c1ncn2C1OC(COP(=O)(O)O)C(O)C1O,-1.9953026194
OC[C@H]1O[C@@H](n2cnc3cncnc32)[C@H](O)[C@@H]1O,-0.4018
Nc1ncnc2c1ncn2C1OC(COP(=O)(O)OP(=O)(O)OP(=O)(O)O)C(O)C1O,0.2948
Nc1ncnc2c1ncn2C1OC(CO)C(O)C1O,-1.73
Nc1ncnc2c1ncn2[C@@H]1O[C@H](COP(=O)(O)OP(=O)([O-])OP(=O)([O-])O)[C@@H](O)[C@H]1O.[Na+].[Na+],0.0168879621
COc1ccc(NC(=N)Nc2ccc(OC)cc2)cc1,-2.7345
O=C(c1ccco1)N(O)c1ccccc1,-3.194
COC(=O)C(C)N(C(=O)c1ccco1)c1c(C)cccc1C,-3.1173
CC(C)CC(NC(=O)CC(O)C(CC(C)C)NC(=O)C(Cc1c[nH]cn1)NC(=O)C(Cc1ccccc1)NC(=O)OC(C)(C)C)C(=O)NC(C(=O)O)c1ccccc1,-3.13
CC(C)CC(NC(=O)CC(O)C(CC(C)C)NC(=O)C(Cc1c[nH]cn1)NC(=O)C(Cc1ccccc1)NC(=O)OC(C)(C)C)C(=O)NCc1cccc(CN)c1,-2.85
O=C1OC([C@@H](O)CO)C(=O)[C-]1O.[Na+],0.5110430921
COc1ccc(N=Nc2ccc(N=Nc3cccc(S(=O)(=O)[O-])c3)cc2OC)cc1.[Na+],-0.8354591701
CCCCCCCCCCCCCCCCCCC1CC(=O)N(CCNCCNCCNCCN2C(=O)CC(CCCCCCCCCCCCCCCCCC)C2=O)C1=O,-10.2347171749
CCCCC(CC)C1CCON1CCOC(=O)NCCCCCCNC(=O)OCCN1OCCC1C(CC)CCCC,-5.7905608237
Oc1c(-c2ccccc2)cccc1-c1ccccc1,-5.6839101049
c1ccc(-c2cccc(-c3ccccc3)c2)cc1,-5.183
NS(=O)(=O)c1cc(C(=O)c2cccc(CN3CCOCC3)c2)cs1,-1.92
CC12CCC(=O)C=C1CCC1C2CCC2(C)C(OC(=O)Cc3ccccc3)CCC12,-4.66
C1CNCCNCCNCCN1,-0.0310204156
COc1ccc2c(c1)C13CCCCC1C(C2)N(C)CC3,-3.48
CN1CCC23CCCCC2C1Cc1ccc(O)cc13,-2.72
NC1C2CN(c3nc4c(cc3F)c(=O)c(C(=O)O)cn4-c3ccc(F)cc3F)CC12,-4.53
NC1[C@@H]2CN(c3nc4c(cc3F)c(=O)c(C(=O)O)cn4-c3ccc(F)cc3F)C[C@H]12,-4.5296
O=C(N[C@H](C(=O)O)C1CCCCC1)OCc1ccccc1,-3.2854336032
Cc1cnc(NC(=O)C2=C(O)c3ccccc3S(=O)(=O)N2C)s1,-1.92
CN1CSC(=S)N(C)C1,-1.7331
Cc1cc(Cc2cc(C)cc(C3(C)CCCCC3)c2O)c(O)c(C2(C)CCCCC2)c1,-8.146786216599999
Cc1cc(Cc2cc(C)cc(C3CCCCC3)c2O)c(O)c(C2CCCCC2)c1,-6.9790342734
COc1cc2nc(N3CCN(C(=O)c4ccco4)CC3)nc(N)c2cc1OC,-5.09
CN(C)CC[C@@H](c1ccc(Cl)cc1)c1ccccn1,-2.67
CN(C)CCOC(C)(c1ccccc1)c1ccccn1,-2.82
CC(C)N(CCC(C(N)=O)(c1ccccc1)c1ccccn1)C(C)C,-1.7
O=NN([O-])c1ccccc1.O=NN([O-])c1ccccc1.O=NN([O-])c1ccccc1.[Al+3],-6.1946491089
Cc1ccc(S(=O)(=O)[O-])cc1.Cc1ccc(S(=O)(=O)[O-])cc1.Cc1ccc(S(=O)(=O)[O-])cc1.[Fe+3],-0.0080331121
COc1ccc(S(=O)(=O)[O-])cc1N.Nc1ccc([N+](=O)[O-])c(N)c1.[Cu].[Na+].[Na+].[O-]c1cccc(O)c1,-1.5043501961
CC(=O)c1ccccc1.CC(C)(O)c1ccccc1.Oc1ccccc1,-1.7593061432
C=Cc1ccccc1.Cc1ccccc1.c1ccccc1,-2.9612739311
Nc1cc([N+](=O)[O-])cc(S(=O)(=O)[O-])c1O.Nc1cc([N+](=O)[O-])ccc1O.Oc1cccc(O)c1.[Fe].[Na+].[Na],-0.9940566873
COc1c2c(cc3oc(=O)ccc13)OC(C)(C)C=C2,-3.81
CC1(C)C(=O)NC(=O)N1CO,0.8009
CC1(C)NC(=O)NC1=O,0.0384738201
CCC1NC(=O)NC1=O,-0.06
CC1(C)C(=O)N(Cl)C(=O)N1Cl,-2.5955
NC(=O)NC1NC(=O)NC1=O,-1.5087824856999998
O=C1CNC(=O)N1,-0.4016
O=C(O)CC1NC(=O)NC1=O,-1.1517
CC(C)(C)c1cc(CCC(=O)NCCCCCCNC(=O)CCc2cc(C(C)(C)C)c(O)c(C(C)(C)C)c2)cc(C(C)(C)C)c1O,-7.8041135239
Cc1ccc(S(=O)(=O)Nc2cc(S(=O)(=O)[O-])cc3c2C(=O)/C(=N/Nc2cc(Cl)ccc2Oc2ccccc2)C(S(=O)(=O)[O-])=C3)cc1.[Na+].[Na+],-0.6679306861
CCOC(=O)c1nn(-c2ccc(OC)cc2)c2c1CCN(c1ccc([N+](=O)[O-])cc1)C2=O,-6.6187193264
CC(=O)Oc1ccccc1C(=O)OCN1C(=O)CCC1=O,-2.77
COc1ccc(NS(=O)(=O)c2ccc(N)cc2)nn1,-2.68
CCOc1ccc(NS(=O)(=O)c2ccc(N)cc2)nn1,-2.427
CC(C1CC1)C(O)(Cn1cncn1)c1ccc(Cl)cc1,-3.3189
O=C(O)C1CCC(C(=O)O)[Se]1,-0.545
O=c1nc[nH]c2c1ncn2C1OC(CO)C(O)C1O,-1.2298486435
Cc1cc(C)[nH]n1,-0.5204744976
O=[N+]([O-])c1ccn[nH]1,-1.2854728211
Nc1cnn(CCO)c1N.O=S(=O)(O)O,0.4442593444
Cc1cc(OC(=O)N(C)C)n(C(C)C)n1,0.6752
c1cn[nH]c1,1.2878896498
Cc1ccn[nH]1,1.0856251051
CCOP(=O)(OCC)Oc1cc(C)[nH]n1,-2.3696
c1ccc2nc(-c3ccc4ccccc4n3)ccc2c1,-5.4002
Cc1ccc(Nc2nc(Nc3ccc(C)cc3)c(N=Nc3ccccc3C(F)(F)F)c(C)c2C#N)cc1,-7.7171571443
CC(Oc1ccc2ccccc2c1)C(=O)Nc1ccccc1,-5.5894
NS(=O)(=O)c1cc(S(=O)(=O)c2ccc(O)cc2)co1,-2.4
COc1ccc(S(=O)(=O)c2coc(S(N)(=O)=O)c2)cc1,-3.02
COc1ccc2cc(C(C)C(=O)OCCCCN3CCOCC3)ccc2c1,-3.7
CN1C(=O)C(N)C(=S)N(C)C1=O,-1.117
CC1(C)C(=O)C(=O)C2CCC1C2,-1.52
CN(C)Cc1cc(C(=O)c2csc(S(N)(=O)=O)c2)ccc1O,-1.54
CC(C)CNCc1ccc(C(=O)c2csc(S(N)(=O)=O)c2)cc1,-2.05
COc1ccc(C(=O)c2csc(S(N)(=O)=O)c2)cc1,-4.4733
NS(=O)(=O)c1cc(C(=O)c2ccc(O)cc2)cs1,-2.8612
Cc1ccc(C(=O)c2csc(S(N)(=O)=O)c2)cc1,-4.4492
CC(C)CNCc1cccc(C(=O)c2csc(S(N)(=O)=O)c2)c1,-2.05
CCCCNCc1ccc(C(=O)c2csc(S(N)(=O)=O)c2)cc1,-2.21
CC(C)CCNCc1cccc(C(=O)c2csc(S(N)(=O)=O)c2)c1,-1.5
CC(C)CN(C)Cc1cc(C(=O)c2csc(S(N)(=O)=O)c2)ccc1O,-1.42
O=C([O-])C1=Cc2ccccc2/C(=N/Nc2ccc3ccccc3c2S(=O)(=O)[O-])C1=O.[Ca+2],-6.2793954063
FC(F)(F)c1cccc(C(c2ccccc2)(c2ccccc2)n2cncn2)c1,-8.402999999999999
Cc1ccc(NS(=O)(=O)c2cc(NNC3=C4C(=O)C=C(S(=O)(=O)[O-])C=C4C=CC3=N)ccc2Cl)c(C)c1.[Na+],-0.6308713175
CCCCCCCCCCCCCCCCCCn1c(=O)c2ccc3sc4ccccc4c4ccc(c1=O)c2c34,-7.9667891702999984
F[B-](F)(F)F.F[B-](F)(F)F.F[N+]12CC[N+](CCl)(CC1)CC2,-0.3038119023
COC(=O)CCN(CCC(=O)OC)c1ccc(N=Nc2c(Cl)cc([N+](=O)[O-])cc2Br)cc1,-7.1002216252
CC(=O)OCCN(CCC#N)c1ccc(N=Nc2c(Cl)cc([N+](=O)[O-])cc2Cl)cc1,-7.0514245951
Nc1ccc(N=Nc2ccc(S(=O)(=O)[O-])cc2)cc1S(=O)(=O)[O-].[Na+].[Na+],-0.5243236254
Nc1ccc(N=Nc2ccccc2)c(N)c1,-2.9976655605
CCN(CC)c1ccc(N=Nc2c(C#N)cc([N+](=O)[O-])cc2[N+](=O)[O-])c(NC(C)=O)c1,-6.327772594400001
COc1cc(N=Nc2c(Cl)cc([N+](=O)[O-])cc2[N+](=O)[O-])c(NC(C)=O)cc1N(CCOC(C)=O)CCOC(C)=O,-5.4630997896
CCN(CC)c1ccc(N=Nc2c(Cl)cc([N+](=O)[O-])cc2[N+](=O)[O-])c(NC(C)=O)c1,-7.1158852536
CCN(CC)c1ccc(N=Nc2c(C#N)cc([N+](=O)[O-])cc2C#N)c(NC(C)=O)c1,-8.1027530485
O=C(O)c1cc(N=Nc2ccccc2)ccc1O,-3.05
COC(=O)CCN(CCC(=O)OC)c1ccc(N=Nc2ccc([N+](=O)[O-])cc2[N+](=O)[O-])c(NC(C)=O)c1,-7.3328313355
CCN(CC)c1ccc(N=Nc2c(Br)cc([N+](=O)[O-])cc2[N+](=O)[O-])c(NC(C)=O)c1,-7.379569278300001
COC(=O)CN(CC(=O)OC)c1ccc(N=Nc2ccc([N+](=O)[O-])cc2C#N)c(NC(C)=O)c1,-5.1935197379
CCN(CCOC(C)OCC(C)C)c1ccc(N=Nc2ccccc2)cc1,-7.0905037661
CCN(CC)c1ccc(N=Nc2c(C#N)cc([N+](=O)[O-])cc2C#N)c(C)c1,-7.472819969600001
N#CCCN(CCC#N)c1ccc(N=Nc2ccc([N+](=O)[O-])cc2Cl)cc1,-4.281954413
Nc1ccc(N=Nc2ccccc2)cc1,-3.7597030757
CC(=O)OCCN(CCC#N)c1ccc(N=Nc2ccc([N+](=O)[O-])cc2)cc1,-4.2803415835
CCN(CCC#N)c1ccc(N=Nc2c(Br)cc([N+](=O)[O-])cc2Br)cc1,-4.3812486892
CCN(CCC#N)c1ccc(N=Nc2ccc([N+](=O)[O-])cc2Cl)cc1,-4.2526115544
C=CCN(CC=C)c1cc(NC(C)=O)c(N=Nc2c(Cl)cc([N+](=O)[O-])cc2[N+](=O)[O-])cc1OC,-4.3881793818
Nc1ccc(N=Nc2ccccc2)c(N)c1.[Cl-].[H+],-4.0947
C=CCN(CCC#N)c1cc(NC(C)=O)c(N=Nc2c(Br)cc([N+](=O)[O-])cc2[N+](=O)[O-])cc1OC,-8.9
Cc1cc(N=Nc2ccccc2C)ccc1N,-4.05
CN(C)c1ccc(N=Nc2ccccc2)cc1,-5.25
CCN(CC[N+](C)(C)C)c1ccc(N=Nc2ccc([N+](=O)[O-])cc2Cl)cc1.[Cl-],-3.0386996230000003
COc1cc(N=Nc2c(Br)cc([N+](=O)[O-])cc2[N+](=O)[O-])c(NC(C)=O)cc1N(CCOC(C)=O)CCOC(C)=O,-5.4951202425
CN(C)c1ccc(N=Nc2ccc(S(=O)(=O)O)cc2)cc1,-3.86
Nc1cc(N)c(S(=O)(=O)[O-])cc1N=Nc1cc([N+](=O)[O-])ccc1O.[Na+],-0.7639420940999999
CC(=O)[O-].CCN(CC[N+](C)(C)CC(C)O)c1ccc(N=Nc2ccc([N+](=O)[O-])cc2Cl)cc1,-0.5731459846
N#CCCOCCN(CCC#N)c1ccc(N=Nc2ccc([N+](=O)[O-])cc2)cc1,-4.5937500267
CCN(CC[N+](C)(C)CC(C)O)c1ccc(N=Nc2ccc([N+](=O)[O-])cc2Cl)cc1.[Cl-],-0.5518943050999999
CCN(CC)c1cc(NC(C)=O)c(N=Nc2c(Cl)cc([N+](=O)[O-])cc2[N+](=O)[O-])cc1OC,-4.6673277833
CN(C)c1ccc(N=Nc2ccc(N)cc2)cc1,-4.593999999999999
CC(=O)Nc1cc(N(CCOC(C)=O)CCOC(C)=O)ccc1N=Nc1ccc([N+](=O)[O-])cc1Cl,-6.9637148665999975
Cc1ccc(N=Nc2cc(C)ccc2N)cc1,-3.9031
Cc1cc(N(CCO)CCO)ccc1N=Nc1c(Cl)cc([N+](=O)[O-])cc1Cl,-5.9592
CCCCN(CCOC(C)=O)c1ccc(N=Nc2c(C#N)cc([N+](=O)[O-])cc2C#N)c(C)c1,-8.8809
N#CCCN(CCC#N)c1ccc(N=Nc2c(Cl)cc([N+](=O)[O-])cc2Cl)cc1,-7.115252612100001
Cc1cc(N(CCO)CCO)ccc1N=Nc1ccccc1,-4.1254
C=CCN(CC=C)c1cc(NC(C)=O)c(N=Nc2c(Br)cc([N+](=O)[O-])cc2[N+](=O)[O-])cc1OC,-7.0093328393
c1ccc(N=Nc2ccccc2)cc1,-4.4544
CCN(CC)c1ccc(N=Nc2ccccc2)cc1,-5.9821152675
Cc1cccc(N=Nc2ccc(N(C)C)cc2)c1,-5.7769
O=C(O)c1ccc(N=Nc2ccc(O)cc2)cc1Cl,-2.62
CCN(CCO)c1ccc(N=Nc2ccc([N+](=O)[O-])cc2)cc1,-6.2929999999999975
Cc1cc(N(CCO)CCO)ccc1N=Nc1ccc([N+](=O)[O-])cc1Cl,-6.57
N#CCCN(CCO)c1ccc(N=Nc2ccc([N+](=O)[O-])cc2Cl)cc1,-6.13
N#CC(C#N)=NNc1ccc(N=Nc2ccccc2)cc1,-4.92
Clc1ccc(N=Nc2ccccc2)cc1,-5.7023
O=C(O)c1ccc(Cl)c(N=Nc2ccc(O)cc2)c1,-4.08
O=C(O)c1cccc(N=Nc2ccc(O)cc2)c1,-3.85
O=C(O)c1ccccc1N=Nc1ccc(O)cc1,-3.33
O=C(O)c1cc(Cl)ccc1N=Nc1ccc(O)cc1,-3.86
Oc1ccc(N=Nc2ccccc2)cc1,-3.95
Oc1ccc(N=Nc2ccccc2)c(O)c1,-3.08
CCN(CC)c1ccc(N=Nc2c(C#N)cc(C)cc2C#N)c(NS(C)(=O)=O)c1,-7.2331050936
O=C(O)c1ccc(N=Nc2ccc(O)cc2)cc1,-4.38
CC(=O)OCCN(CCOC(C)=O)c1ccc(N=Nc2ccc([N+](=O)[O-])cc2C#N)cc1,-7.300465045499999
CCOc1cc(N=Nc2cc([N+](=O)[O-])cc([N+](=O)[O-])c2Br)c(NC(C)=O)cc1N(CCOC(C)=O)CCOC(C)=O,-8.8336
CCN(CCC#N)c1ccc(N=Nc2ccc([N+](=O)[O-])cc2)cc1,-7.208650928200001
O=C(O)c1c(Cl)cccc1N=Nc1ccc(O)cc1,-3.0
NC(=O)c1cc(N2CC2)c([N+](=O)[O-])cc1[N+](=O)[O-],-2.3
CC(C)CNC(=O)c1cc(N2CC2)c([N+](=O)[O-])cc1[N+](=O)[O-],-3.85
CCCNC(=O)c1cc(N2CC2)c([N+](=O)[O-])cc1[N+](=O)[O-],-3.89
CC(C)NC(=O)c1cc(N2CC2)c([N+](=O)[O-])cc1[N+](=O)[O-],-3.5
O=[N+]([O-])c1ccc(N2CC2)c([N+](=O)[O-])c1,-3.0
CNC(=O)c1cc(N2CC2)c([N+](=O)[O-])cc1[N+](=O)[O-],-2.85
CC(C)(C)NC(=O)c1cc(N2CC2)c([N+](=O)[O-])cc1[N+](=O)[O-],-3.17
CCNC(=O)c1cc(N2CC2)c([N+](=O)[O-])cc1[N+](=O)[O-],-3.13
CN(C)C(=O)c1cc(N2CC2)c([N+](=O)[O-])cc1[N+](=O)[O-],-2.48
CCN(CC)C(=O)c1cc(N2CC2)c([N+](=O)[O-])cc1[N+](=O)[O-],-2.59
C=C(C)[C@@H]1C2OC(=O)C1[C@]1(O)CC3O[C@]34C(=O)O[C@H]2[C@@]41C.CC(C)(O)[C@@H]1C2OC(=O)C1[C@]1(O)C[C@H]3O[C@]34C(=O)O[C@H]2[C@@]41C,-2.1672
CCC1(CC)CCC(=O)NC1=O,-4.53
CCC1(CC)CCC(=O)N(CO)C1=O,-3.96
CNC(=O)ON=C1C(Cl)C2CC(C#N)C1C2,-2.08
CNC(=O)O/N=C1/C2CC(C[C@@H]2C#N)[C@@H]1Cl,-2.0822
CC1(C)CCC[C@@]2(C)[C@H]1CC[C@@]1(C)OCC[C@H]21,-5.0994877858
CC1(C)CCCC2(C)C1CCC1(C)OCCC12,-5.0994877858
CCCOC(=O)N1C2CN3C4=C(C(=O)C(N)=C(C)C4=O)C(COC(N)=O)C3(OC)C21,-3.48
COC12C(COC(N)=O)C3=C(C(=O)C(C)=C(N)C3=O)N1CC1NC12,-2.56
Cc1nn(-c2ccccc2)c([O-])c1N=Nc1c([O-])cc(S(=O)(=O)[O-])c2ccccc12.Cc1nn(-c2ccccc2)c([O-])c1N=Nc1c([O-])cc(S(=O)(=O)[O-])c2ccccc12.[Cr+3].[Na+].[Na+].[Na+],-1.2121028981
COCC(=O)N(c1c(C)cccc1C)N1CCOC1=O,-1.913
Cc1ccc2c(ccc3ccccc32)c1,-5.8367
c1ccc2c(c1)ccc1ccccc12,-5.1903
Cc1cccc2c1ccc1ccccc12,-5.8541
CC(C)(C)CC(C)(C)c1cc(Cc2cc(C(C)(C)CC(C)(C)C)cc(-n3nc4ccccc4n3)c2O)c(O)c(-n2nc3ccccc3n2)c1,-7.973715535399999
COC(=O)c1sccc1S(=O)(=O)NC(=O)Nc1nc(OC)nc(OC)n1,-3.19
COC(=O)c1sccc1S(=O)(=O)NC(=O)Nc1nc(C)nc(OC)n1,-2.2379
CC1(O)CC(c2ccccc2)c2c(c3ccccc3oc2=O)O1,-4.74
CC1(O)CC(c2ccc(Cl)cc2)c2c(c3ccccc3oc2=O)O1,-5.84
Cc1nc(=O)c2cc([N+](=O)[O-])ccc2[nH]1,-2.22
Nc1ccc(C#Cc2ccc(N)cc2)cc1,-2.4326
CC(C)(O)C(=O)c1ccc(C2(C)CC(C)(C)c3ccc(C(=O)C(C)(C)O)cc32)cc1,-5.9638494884
CC(C)(O)C(=O)c1ccc(C2(C)CC(C)(C)c3cc(C(=O)C(C)(C)O)ccc32)cc1,-5.9372904598
O=C1NC(=O)C2(CC2)C(=O)N1,-1.89
C1CCN2CC3CC(CN4CCCCC34)C2C1,-1.89
C1CCN2C[C@@H]3C[C@@H](CN4CCCC[C@H]34)[C@@H]2C1,-1.8871
COc1ccc2cc(C(C)C(=O)OCCCCN3CCN(C)CC3)ccc2c1,-1.29
CC(COc1ccccc1)NC(C)C(O)c1ccc(O)cc1,-1.53
NS(=O)(=O)c1ccc(Nc2ccnc(NC(=O)c3cccnc3)n2)cc1,-1.27
c1ccc(CNc2ncnc3[nH]cnc23)cc1,-3.6
c1ccc2c3c(ccc2c1)Sc1ccc2ccccc2c1N3,-7.9081
COc1ccc(NC(=O)C2CC2)cn1,-2.14
c1ccc(-c2nc3ncncc3[nH]2)cc1,-3.06
CCNC1CN(CCCOC)S(=O)(=O)c2sc(S(N)(=O)=O)cc21,-2.95
O=C(c1ccccc1)n1ncc2c(=O)[nH]cnc21,-4.23
ON=C(C(=NO)c1ccccc1)c1ccccc1,-5.9
O=C(OCC1CCC2OC2C1)C1CCC2OC2C1,-1.2604846902
O=C1CCCCCCCCCCCN1,-2.8195043204
CC1=C2CC(C=O)C(C1)C(C(C)C)C2,-3.8508542835
C1CC[C@@H]2CCCN[C@H]2C1,-1.0831
O=P(Oc1ccccc1)(Oc1ccccc1)Oc1ccc(-c2ccc(OP(=O)(Oc3ccccc3)Oc3ccccc3)cc2)cc1,-7.813287357
O=S(=O)([O-])c1cccc(N=Nc2ccc(N=Nc3ccc(Nc4ccccc4)c4c(S(=O)(=O)[O-])cccc34)c3ccccc23)c1.[Na+].[Na+],-0.5325397259
O=C(N=NNc1cc(Cl)c(-c2ccc(-c3cc(Cl)c(NN=NC(=O)c4cc5ccccc5cc4O)cc3Cl)cc2)cc1Cl)c1cc2ccccc2cc1O,-8.0871707055
c1ccc2nc3ccccc3nc2c1,-3.7
CN1c2ccccc2Sc2ccc(CC(=O)O)cc21,-3.9422
COc1ccc2c(c1)N(CC(C)CN(C)C)c1ccccc1S2,-4.37
CN(C)CCCN1c2ccccc2Sc2ccc(C(F)(F)F)cc21,-5.3
c1ccc2c(c1)Nc1ccccc1S2,-5.59
COc1ccc2c(c1)N(C[C@H](C)CN(C)C)c1ccccc1S2,-4.2155
COc1ccc2c(c1)Sc1ccc(Cl)cc1N2,-4.9787
CN(C)CCCN1c2ccccc2Sc2ccccc21,-4.3017
Oc1ccc2c(c1)Sc1ccccc1N2,-2.5748
CN1c2ccccc2Sc2ccccc21,-5.5934
CC(CN1c2ccccc2Sc2ccccc21)N(C)C,-4.2597
CCN(CC)C(C)CN1c2ccccc2Sc2ccccc21,-2.15
Brc1ccc2c(c1)Sc1ccccc1N2,-6.1119
Ic1ccc2c(c1)Sc1ccccc1N2,-6.9278
CN(C)CCCN1c2ccccc2Sc2ccc(Cl)cc21,-5.07
O=c1c2ccccc2c2ccc3sc4ccccc4c4ccc1c2c34,-7.9828073074
CCC1(C2=CCC3CCC2C3)C(=O)NC(=O)NC1=O,-2.696
OC(c1ccccc1)(c1ccccc1)C1CCCCN1,-1.9
O=C(/C=C/c1ccc(O)c(O)c1)O[C@@H]1C[C@](O)(C(=O)O)C[C@@H](O)[C@H]1O,-0.9473
Cn1c(-c2ccccc2)c(C=CC2=[N+](C)c3ccccc3C2(C)C)c2ccccc21.[Cl-],-1.743927996
O=c1[nH]c2ccccc2[nH]1,-2.3927519971
O=c1[nH]c2ccc([N+](=O)[O-])cc2[nH]1,-3.2740875474
Cc1cc2[nH]c(=O)[nH]c2cc1N,-1.9771384819
CC(=O)CC(=O)Nc1ccc2[nH]c(=O)[nH]c2c1,-2.522680786
Nc1ccc2[nH]c(=O)[nH]c2c1,-2.3347829023
O=c1[nH]c2ccccc2n1CCCCl,-3.0203942687
CC1=C(C(=O)Nc2ccccc2)SCCO1,-3.14
CN1CC(=O)N=C1N,-0.1499
CCN1CC(=O)N=C1N,-0.165
CN1C(C(=O)Nc2ccccn2)=C(O)c2ccccc2S1(=O)=O,-4.5
CN1CC(O)C2=CC(=NNC(N)=O)C(=O)C=C21,-2.72
O=C(O)CC1(O)CC(=O)N(c2ccccc2)C1=O,-0.68
C=C1CC2C(CCC3(C)C2CCC3(OC(C)=O)C(C)=O)C2(C)CCC(=O)C=C12,-6.1077931611
CCOc1ccc2c(c1)C(C)=CC(C)(C)N2,-3.332762335
CC1=CC(C)(C)Nc2ccccc21,-5.238695803500001
Cc1ncc2n1-c1ccc(Cl)cc1C(c1ccccc1F)=NC2,-4.13
c1ccc(-c2cccnc2)nc1,-0.5916
CC(C)C1(NC(=O)C2CC3c4cccc5[nH]cc(c45)CC3N(C)C2)OC2(O)C3CCCN3C(=O)C(Cc3ccccc3)N2C1=O,-5.27
CC1(C)OC(=O)c2cc3ccccc3cc21,-2.9844
c1ccc2c(c1)Cc1cc3ccccc3cc1-2,-7.733
C1CN2CCN1CC2,0.6033
OCC1CN2CCN1CC2,0.8470942954
CCOC(=O)C(CCc1ccccc1)NC(C)C(=O)N1CCCC1C(=O)O,-1.18
CCOC(=O)[C@H](CCc1ccccc1)N[C@@H](C)C(=O)N1CCC[C@H]1C(=O)O,-1.3609
O=C1CC2OCC=C3C[N+]4(O)CCC56c7ccccc7N1C5C2C3CC64,-1.28
CCN1CCCC1CNC(=O)c1cc(S(N)(=O)=O)ccc1OC,-2.88
COc1ccc(CCNC(=O)CNc2cccc(C(N)=O)c2)cc1OC,-2.69
CNC(=O)c1cccc(NCC(=O)NCCc2ccc(OC)c(OC)c2)c1,-1.85
Nc1nc(-c2ccc3ccccc3c2)cs1,-4.849542252
NS(=O)(=O)c1cc2c(s1)C(=O)CCS2,-3.49
CC(=O)OC1(C(C)=O)CCC2C3C=C(C)C4=CC(=O)CCC4(C)C3CCC21C,-5.35
CC(=O)O[C@]1(C(C)=O)CC[C@H]2[C@@H]3C=C(C)C4=CC(=O)CC[C@]4(C)[C@H]3CC[C@@]21C,-5.284
CC12CCC(=O)C=C1C=CC1C2CCC2(C)C1CCC2(O)CCC(=O)O,-5.17
CC(=O)C1(C)CCC2C3C=C(C)C4=CC(=O)CCC4(C)C3CCC21C,-5.2721
CC1=CCC(/C=C/C(C)(C)C(C)O)C1(C)C,-4.2167463336
CC1=CCC(/C=C\C(C)C(C)O)C1(C)C,-3.7860287034
CC1=CCC(CC#N)C1(C)C,-2.6475372328
C1=CCCC1.C=C/C=C/C.C=C/C=C\C,-2.4542650743000003
CCCCCC1=C(OC(C)=O)CCC1CC(=O)OC,-3.7219886724
ClC1=C(Cl)C(Cl)(Cl)C(Cl)(Cl)C1(Cl)Cl,-6.5362
CC1=C(C(=O)O)CCC1(C)C,-2.8871
CC1=CCC(CCC(C)CO)C1(C)C,-3.8427464064
C1=CCCC1,-2.1049144818000003
O=NC1=C(NO)CCC1,-1.9937
Cc1cccc2sc3nncn3c12,-2.0729
CCO/N=C(\OC(=O)c1ccccc1)c1c(OC)ccc(Cl)c1OC,-4.08
CC(C)(C)c1cc(CCC(=O)OCCNC(=O)C(=O)NCCOC(=O)CCc2cc(C(C)(C)C)c(O)c(C(C)(C)C)c2)cc(C(C)(C)C)c1O,-8.6670954079
CC1=C(CCC(=O)O)C(=O)NC1=O,-0.6608
COCC1COc2cc3ncnc(Nc4cccc(Br)c4)c3cc2O1,-3.22
COCC1COc2cc3ncnc(Nc4cccc(I)c4)c3cc2O1,-3.52
CC1=C(CC(=O)O)c2cc(F)ccc2/C1=C/c1ccc(S(C)=O)cc1,-4.5
CC1=C(CC(=O)O)c2cc(F)ccc2/C1=C\c1ccc(S(C)=O)cc1,-4.552
CC(=O)[C@H]1CC[C@H]2[C@@H]3CC=C4C[C@@H](O)CC[C@]4(C)[C@H]3CC[C@]12C,-4.652
CC(C)CCCC(C)C1CCC2C3CC=C4CC(O)CCC4(C)C3CCC12C,-7.0
CC(C)CCC[C@@H](C)[C@H]1CC[C@H]2[C@@H]3CC=C4C[C@@H](O)CC[C@]4(C)[C@H]3CC[C@@]21C,-7.1001953639
CC(=O)C1CCC2C3CC=C4CC(O)CCC4(C)C3CCC12C,-4.65
CC1=C2[C@@H](O)[C@@H]3[C@H](C)C(=O)O[C@@H]3C[C@H](C)[C@H]2CC1=O,-1.945
CC1=C2C(O)C3C(CC(C)C2CC1=O)OC(=O)C3C,-1.95
O=C1NC(=O)C2C3C(C(O)(c4ccccc4)c4ccccn4)=CC(C3=C(c3ccccc3)c3ccccn3)C12,-3.931
Cc1ccc2ccccc2c1NS(=O)(=O)c1ccc(N)cc1,-4.5
CC(=O)[O-].CCN(CC[n+]1ccccc1)c1ccc(N=Nc2ccc([N+](=O)[O-])cc2Cl)cc1,-1.5218900849
O=C1Cc2c(ccc3ccccc23)O1,-2.7078
CC1(C)CC(N(C=O)CCCCCCN(C=O)C2CC(C)(C)NC(C)(C)C2)CC(C)(C)N1,-1.5399557687999998
CC1(C)CC(NCCCCCCNC2CC(C)(C)NC(C)(C)C2)CC(C)(C)N1,-2.350745656
Nc1c(N=Nc2cc(Nc3nc(Cl)nc(Nc4cccc(S(=O)(=O)CCOS(=O)(=O)[O-])c4)n3)ccc2S(=O)(=O)[O-])c(S(=O)(=O)[O-])cc2cc(S(=O)(=O)[O-])c(N=Nc3ccc4c(S(=O)(=O)[O-])cccc4c3S(=O)(=O)[O-])c(O)c12.[Na+].[Na+].[Na+].[Na+].[Na+].[Na+],-1.277021164
NC(=O)Nc1cc(Nc2nc(Cl)nc(Nc3cc(N)c(S(=O)(=O)[O-])cc3N=Nc3ccc(S(=O)(=O)CCOS(=O)(=O)[O-])cc3)n2)ccc1N=Nc1cc2c(S(=O)(=O)[O-])cc(S(=O)(=O)[O-])cc2cc1S(=O)(=O)[O-].[Na+].[Na+].[Na+].[Na+].[Na+],-0.5105575438000001
CC1=CCC(=C(C)C)CC1,-4.2873429345
O=CNC(N1C=CN(C(NC=O)C(Cl)(Cl)Cl)C=C1)C(Cl)(Cl)Cl,-4.19
CC(C)(C)NC(=O)C1N(C(=O)C(O)C(Cc2ccccc2)NC(=O)c2ccc(Cl)cc2)CSC1(C)C,-4.28
COc1ccc(C(=O)NC(Cc2ccccc2)C(O)C(=O)N2CSC(C)(C)C2C(=O)NC(C)(C)C)cc1,-4.11
CC(C)(C)NC(=O)C1N(C(=O)C(O)C(Cc2ccccc2)NC(=O)c2ccc([N+](=O)[O-])cc2)CSC1(C)C,-3.98
CC(C)(C)NC(=O)C1N(C(=O)C(O)C(Cc2ccccc2)NC(=O)c2ccccc2)CSC1(C)C,-3.62
Cc1ccc(C(=O)NC(Cc2ccccc2)C(O)C(=O)N2CSC(C)(C)C2C(=O)NC(C)(C)C)cc1,-4.11
NS(=O)(=O)c1ccc(NC2O[C@H](CO)[C@@H](O)[C@H](O)[C@@H]2O)cc1,-0.9801
COC1OC(COS(=O)(=O)c2ccc(C)cc2)C2OC(C)(C)OC12,-4.1564425332
CCCc1nc(C)c2c(=O)nc(-c3cc(S(=O)(=O)N4CCN(CC)CC4)ccc3OCC)[nH]n12,-4.8438678664
Nc1ccc(N=Nc2ccc(NC(=O)c3ccc(N=Nc4c(S(=O)(=O)[O-])cc5c(c4N)C(=O)/C(=N/Nc4ccccc4)C(S(=O)(=O)[O-])=C5)cc3)cc2)c(N)c1.[Na+].[Na+],-1.3406827143
O=C1C(S(=O)(=O)O)=C(O)c2ccccc21,-2.23
CC(C)CC(NC(=O)CC(O)C(CC(C)C)NC(=O)C(Cc1c[nH]cn1)NC(=O)C(Cc1ccccc1)NC(=O)OC(C)(C)C)C(=O)NCCC(N)C(=O)O,-2.22
CC(C)CC(NC(=O)CC(O)C(CC(C)C)NC(=O)C(Cc1c[nH]cn1)NC(=O)C(Cc1ccccc1)NC(=O)OC(C)(C)C)C(=O)NCCCN(CCO)CCO,-2.37
CC1=CCC(=O)O1,-0.293
O=C1C=C2CC3(O)COc4c(ccc(O)c4O)C3=C2C=C1O,-2.6994
c1ccc2cc3c(cc4c5c(cccc53)CC4)cc2c1,-2.97
Cn1cnc([N+](=O)[O-])c1Sc1ncnc2nc[nH]c12,-3.21
O=C1C=CC(=NNc2ccccc2)C=C1,-3.3429
O=C(O)C1=CC(=NNc2ccccc2[N+](=O)[O-])C=CC1=O,-2.01
O=C1C=C/C(=N\Nc2ccccc2)C(O)=C1,-3.0299
O=C(O)C1=C/C(=N/Nc2ccccc2)C=CC1=O,-3.0559
O=C1C=CC(=NNc2ccc([N+](=O)[O-])cc2)C=C1,-4.796
Cc1onc(-c2ccccc2)c1-c1ccc(S(N)(=O)=O)cc1,-4.52
COCCOc1c(OC)cc(Cc2cnc(N)nc2N)cc1OC,-2.101
COc1cc(Cc2cnc(N)nc2N)cc(OC)c1OC,-2.8608
CC(C)C(O)(c1ccc(OC(F)(F)F)cc1)c1cncnc1,-3.4377
Nc1nc(=O)[nH]c2[nH]cnc12,-3.38
CC1OC(=O)C(C)OC1=O,-0.9360258625
C1=CCC=C1,-1.565
ClC1=C(Cl)C(Cl)(Cl)C(Cl)=C1Cl,-5.1805
OC1CSC(O)CS1,-1.4690382322
C1CSCCS1,-1.6029
CCCCC(=O)N(Cc1ccc(-c2ccccc2-c2nn[nH]n2)cc1)[C@H](C(=O)O)C(C)C,-2.7359260939
Cc1ccccc1N=C(N)Nc1ccccc1C,-3.5338845835000003
CCOC(=O)c1ccc(N=CN(C)c2ccccc2)cc1,-5.4507770249
NC(=Nc1ccccc1)Nc1ccccc1,-2.1575163863
O=C1NC2C=CC1C2,0.9361608079
O=c1nc([N+](=O)[O-])[nH][nH]1,-0.8786253202
Cc1cc(O)c(C2CCCCC2)cc1C(C[C@H](C)c1cc(C2CCCCC2)c(O)cc1C)c1cc(C2CCCCC2)c(O)cc1C,-7.396502026799999
O=P(Oc1ccccc1)(Oc1ccccc1)N1CCOCC1,-2.1425
CCOC(=O)C1=NN(c2ccc(Cl)cc2Cl)C(C)(C(=O)OCC)C1,-4.271
CNC1=Nc2ccc(Cl)cc2C(c2ccccc2)=[N+]([O-])C1,-4.48
CNC1=Nc2ccc(Cl)cc2C(c2ccccc2)=[N+](O)C1,-3.39
OC[C@H]1OC2(COC3(CO2)O[C@H](CO)[C@@H](O)[C@@H]3O)[C@@H](O)[C@@H]1O,-0.0058
O=S1OCCO1,0.2214
CC1=NN(c2ccccc2)C(=O)/C1=C/C1C(=O)N(c2ccccc2)N=C1C,-7.8822713548
COc1ccc(N/N=C2/C(=O)c3ccc(Nc4nc(Nc5ccc6c(c5)C=C(S(=O)(=O)[O-])/C(=N/Nc5ccc(OC)cc5S(=O)(=O)[O-])C6=O)nc(N5CCOCC5)n4)cc3C=C2S(=O)(=O)[O-])c(S(=O)(=O)[O-])c1.[Na+].[Na+].[Na+].[Na+],-1.8252827514
S=C(N=Nc1ccccc1)NNc1ccccc1,-6.61
COC(=O)c1ccccc1S(=O)(=O)NC(=O)N(C)c1nc(C)nc(OC)n1,-3.8981
COC(=O)c1cccc(C)c1S(=O)(=O)NC(=O)Nc1nc(OCC(F)(F)F)nc(N(C)C)n1,-5.69
COc1nc(C)nc(NC(=O)NS(=O)(=O)c2ccccc2OCCCl)n1,-4.0989
COC(=O)c1ccccc1S(=O)(=O)NC(=O)Nc1nc(C)nc(OC)n1,-1.604
Cc1cccc(C(=O)O)c1S(=O)(=O)NC(=O)Nc1nc(OCC(F)(F)F)nc(N(C)C)n1,-5.6798
CCOc1nc(NC)nc(NC(=O)NS(=O)(=O)c2ccccc2C(=O)OC)n1,-4.387910768899999
COc1nc(C)nc(NC(=O)NS(=O)(=O)c2ccccc2Cl)n1,-1.71
COCCOc1ccccc1S(=O)(=O)NC(=O)Nc1nc(OC)nc(OC)n1,-3.5372
CC1C(=O)CCC2C(O)CCC(O)C12,-0.3
Cn1nc(S(N)(=O)=O)sc1=NS(=O)(=O)Cc1ccccc1,-2.48
Cc1ccc(S(=O)(=O)N(C)Cc2ccc(Nc3cc(S(=O)(=O)[O-])c(N)c4c3C(=O)c3ccccc3C4=O)cc2)cc1.[Na+],-1.9428219908
CCCOCC(=Nc1ccc(Cl)cc1C(F)(F)F)n1ccnc1,-4.44
COC(=O)C1=CCCN(C)C1,0.8091
O=C1OC(c2ccccc2)(c2ccccc2)c2ccccc21,-3.85
O=C1OC(c2ccc(O)cc2)(c2ccc(O)cc2)c2ccccc21,-2.9008
Cc1ncoc1C#N,-0.324555733
O=S1(=O)OC2(c3cc(O)ccc3Oc3ccc(O)cc32)c2ccccc21,-3.5
CC12CC(C)(NC(=O)N1)NC(=O)N2,-2.09
CCC1(c2ccccc2)C(=O)NCNC1=O,-2.64
CC(C)(C)NC[C@@H](O)COc1ccccc1C1CCCC1,-1.6195
CC(C)(C)NCC(O)COc1ccccc1C1CCCC1,-1.84
Cc1cccc2[n-]c(=S)[nH]c12.Cc1cccc2[nH]c(=S)[n-]c12.[Zn+2],-4.0879587895
CCn1cc(C(=O)O)c(=O)c2cc(F)c(N3CCNCC3)nc21,-2.92
CN(Cc1cnc2nc(N)nc(N)c2n1)c1ccc(C(=O)NC(CCC(=O)O)C(=O)O)cc1,-4.0
CC(=O)C(N=Nc1ccc(C)cc1[N+](=O)[O-])C(=O)Nc1ccc(Cl)cc1,-7.6052980935
COc1ccccc1NC(=O)C(N=Nc1ccc(Cl)cc1[N+](=O)[O-])C(C)=O,-7.3063783536
CC(=O)C(N=Nc1ccc(S(=O)(=O)[O-])cc1[N+](=O)[O-])C(=O)Nc1ccccc1Cl.[Ca+2],-5.4514607628
CC(=O)C(N=Nc1ccc(Cl)cc1[N+](=O)[O-])C(=O)Nc1ccccc1Cl,-7.721757870399999
COc1ccc(N=NC(C(C)=O)C(=O)Nc2ccccc2OC)c([N+](=O)[O-])c1,-8.3082430527
CC(=O)C(N=Nc1ccc(C)cc1[N+](=O)[O-])C(=O)Nc1ccccc1,-7.4179683662
CC(C)(Sc1c(C(C)(C)C)cc(O)cc1C(C)(C)C)Sc1c(C(C)(C)C)cc(O)cc1C(C)(C)C,-8.17
O=C1c2ccc3c4ccc5c6c(ccc(c7ccc(c2c37)C(=O)N1c1ccc(N=Nc2ccccc2)cc1)c64)C(=O)N(c1ccc(N=Nc2ccccc2)cc1)C5=O,-7.8755092242
Cn1cc2nccnc2nc1=O,-0.9089
O=C1CC(=O)CC(c2ccccc2)C1,-2.51
O=C1CC(c2ccccc2)CC(=O)C1[N+](=O)[O-],-1.6688
O=C(Nc1ncccn1)c1cnccn1,-0.3036
Cc1ccnc(NC(=O)c2cnccn2)n1,-0.7308
Cc1cn(C2CC(N=[N+]=[N-])C(COC(=O)c3ccncc3)O2)c(=O)[nH]c1=O,-2.72
O=P12OB(O1)O2,-2.8690757364
O=C(O)c1ccccc1C(=O)c1ccc(-c2ccccc2)cc1,-4.8282334666
Fc1ccc(C(c2ccccc2)(c2ccccc2F)n2ccnc2)cc1,-8.4
CC1(C)COC(=O)C2CC=CCC2C(=O)OC1,-3.0041810563
C1=Cc2cccc3cccc1c23,-3.9756
O=c1n(CC2CO2)c(=O)n(CC2CO2)c(=O)n1CC1CO1,-1.495423095
O=c1n(C[C@@H]2CO2)c(=O)n(C[C@@H]2CO2)c(=O)n1C[C@@H]1CO1,-2.4688253265
CN(C)CC/C=C1/c2ccccc2Sc2ccc(Cl)cc21,-5.87
Nc1c(Oc2ccccc2)c(Oc2ccccc2)c(N)c2c1C(=O)c1ccccc1C2=O,-8.2716565948
CC(C)(c1ccccc1)c1cc(-n2nc3ccccc3n2)c(O)c(C(C)(C)c2ccccc2)c1,-7.0488126213
O=S1(=O)OCC2C(CO1)C1(Cl)C(Cl)=C(Cl)C2(Cl)C1(Cl)Cl,-5.945
C[Si]1O[Si](C)O[Si](C)O[Si](C)O[Si](C)O1,0.5292955703
CCC1=C(C2(CC)C(=O)NC(=O)NC2=O)CCCC1,-3.53
CN1C(=O)NC(=O)C(C)(C2=CCCCC2)C1=O,-2.91
CCC1(C2=CCCCC2)C(=O)NC(=O)NC1=O,-2.1693
O=c1c2ccccc2c2cc3ccc4c(=O)c5c(Br)c(Br)ccc5c5cc6ccc1c2c6c3c45,-4.4504277175
CN1CC2c3ccccc3Oc3ccc(Cl)cc3C2C1,-2.13
FC(F)(F)N=C1SC(=Nc2ccccc2)N(c2ccccc2)C1=NC(F)(F)F,-5.42
Cc1cc(=O)n(O)c2ccc3ccccc3c12,-4.0
O=c1c2cc(F)ccc2nc(-n2cncn2)n1-c1ccc(Cl)cc1Cl,-5.5754
O=C1CCCCCCCCCCOCCCCO1,-4.0179591997
O=C1NC(=O)C2(CCCC2)C(=O)N1,-2.349
OC1(c2ccc(Cl)cc2)CCCCCC1n1cncn1,-3.3681
CCC(C)C1NC(=O)C(Cc2ccc3ccccc3c2)NC(=O)C2CCCN2C(=O)C(Cc2c[nH]cn2)NC(=O)C2CCCCN2C(=O)C2CCCCN2C1=O,-3.98
Cc1cc(O)c(C(C)(C)C)cc1C(C)CC(c1cc(C(C)(C)C)c(O)cc1C)c1cc(C(C)(C)C)c(O)cc1C,-7.1341930505
CCOC(=O)c1ccccc1S(=O)(=O)NN(C=O)c1nc(Cl)cc(OC)n1,-4.5760000000000005
CN1CCC23c4c5ccc(OCc6ccccc6)c4OC2CCCC3C1C5,-4.22
CCc1c(C(=O)O)c(=O)cnn1-c1ccc(Cl)cc1,0.4
CCN1c2ccccc2N(C)C(=S)c2cccnc21,-4.706
Cc1ccc(S(=O)(=O)Nc2cc(S(=O)(=O)[O-])cc3c2C(=O)/C(=N/Nc2ccc(Oc4ccccc4C)cc2Oc2ccccc2C)C(S(=O)(=O)[O-])=C3)cc1.[Na+].[Na+],-2.5669690772
CC(=O)Nc1nc2c(ncn2COCCOC(C)=O)c(=O)[nH]1,-2.14
CC(=O)Nc1nc2c(ncn2COCCO)c(=O)[nH]1,-1.92
Nc1nc2c(ncn2COCCO)c(=O)[nH]1,-2.12
CC(=O)OCCOCn1cnc2c(=O)[nH]c(N)nc21,-2.7
Nc1nc2c(ncn2COC(CO)CO)c(=O)[nH]1,-1.77
O=C1c2ccc3c4ccc5c6c(ccc(c7ccc(c2c37)C(=O)N1CCc1ccccc1)c64)C(=O)N(CCc1ccccc1)C5=O,-8.4761487948
CC[C@H]1OC[C@@H](COc2ccc(Oc3ccccc3)cc2)O1,-4.7874
O=[N+]([O-])N1CN([N+](=O)[O-])CN([N+](=O)[O-])CN([N+](=O)[O-])C1,-4.8251168095
CCOP(=S)(Oc1ccc(C#N)cc1)c1ccccc1,-5.7037
COP(=S)(Oc1cc(Cl)c(Br)cc1Cl)c1ccccc1,-7.1379
CCOP(=S)(Oc1ccc([N+](=O)[O-])cc1)c1ccccc1,-5.0169
Cc1cc(C)c(C(=O)P(=O)(C(=O)c2c(C)cc(C)cc2C)c2ccccc2)c(C)c1,-6.6216674424
OC(CN1CCCCC1)c1ccc(Cl)c2ccccc12,-1.55
Cc1cc(NS(=O)(=O)c2ccc(N)cc2)sn1,-1.0762
CC(C)(C)c1ccc(OC(=O)c2cc(C(C)(C)C)c(O)c(C(C)(C)C)c2)c(C2C(=O)Oc3ccc(C(C)(C)C)cc32)c1,-8.848512616699999
O=C1CNC(=S)N1c1ccccc1,-3.2425
Cn1ccc2cc3c(Nc4cccc(Br)c4)ncnc3cc21,-3.31
Brc1cccc(Nc2ncnc3cc4[nH]ccc4cc23)c1,-2.82
O=C(O)Cn1ccc2cc3c(Nc4cccc(Br)c4)ncnc3cc21,-1.96
O=C(c1ccccc1)C1(O)CCCCC1,-2.6647801935
O=C(c1ccccc1)C1CCCCC1,-4.014709734599999
CCN(CCOc1ccc(C2CCCCC2)cc1)c1ccc(C=C(C#N)C#N)c(C)c1,-8.3860948559
N#Cc1ccccc1/C=C/c1ccc(/C=C/c2ccccc2C#N)cc1,-4.2206388586
N#Cc1ccc(C=Cc2ccc(C=Cc3cccc(C#N)c3)cc2)cc1,-8.123728845599999
Fc1cccc(F)c1-c1nnc(-c2ccccc2Cl)nn1,-6.12
Clc1ccccc1-c1nnc(-c2ccccc2Cl)nn1,-5.4817
CC12CCC(CC1)C(C)(C)O2,-1.74
O=C(O)C(SCCSC(C(=O)O)c1ccccc1)c1ccccc1,-3.41
CN=C1CN(O)C(c2ccccc2)=c2cc(Cl)ccc2=N1,-2.1757
C[Si]1(C)O[Si](C)(C)O[Si](C)(C)O[Si](C)(C)O1,-6.953686490700001
O=C(Nc1ccccn1)c1cccnc1,-2.9771
O=C(O)c1cc(-c2ccccc2)nc2ccccc12,-3.1926
C1=CC2C3C=CC(C3)C2C1.C=C(C)C.Cc1ccc(O)cc1,-6.1709273189
CC1COc2c(N3CCN(C)CC3)c(F)cc3c(=O)c(C(=O)O)cn1c23,-1.27
CCCCCC(O)/C=C/C1C(O)CC(=O)C1C/C=C/CCCC(=O)O,-2.47
CCCCCC(O)C=CC1C(O)CC(=O)C1CC=CCCCC(=O)O,-2.47
O=C1CCCC1,0.5536775573
CC1(C#N)CCCC1=O,0.9095
CCCCCCC1CCCC1=O,-3.4515155376
CCCCCCCC1CCCC1=O,-3.7694416506
CCCCCC1C(=O)CCC1CC(=O)OC,-2.9076
CCCCCC(O)/C=C/C1C(O)CC(=O)C1CCCCCCC(=O)O,-3.67
N#CC1CCCC1=O,-0.3567
CCCCCC1(C)CCC(C)(C)C1=O,-4.0165337106
CC1=CC2OC3CC(O)C(C)(C2(CO)CC1)C31CO1,-2.61
COc1cc(OC)c2c(c1Cl)O[C@]1(C2=O)C(OC)CC(=O)C[C@H]1C,-4.6110000000000015
CN(C)C(=O)NC1CCCCCCC1,-2.26
C1CCCCCCC1,-4.1524
OC1CCCCCCC1,-1.29
Cc1ccc(Nc2cc(C(=O)O)c(Nc3ccc(C)cc3)cc2C(=O)O)cc1,-5.0705134819
O=[N+]([O-])c1ccc(Nc2ccc(Nc3ccccc3)c(S(=O)(=O)[O-])c2)c([N+](=O)[O-])c1.[Na+],-2.1991373631
O=C(O)c1cc(Nc2ccccc2)c(C(=O)O)cc1Nc1ccccc1,-4.9857232877
c1ccc(Nc2ccc(Nc3ccccc3)cc2)cc1,-6.239449641499999
NS(=O)(=O)c1cc(S(=O)(=O)c2ccc(O)cc2)cs1,-3.03
COc1ccc(S(=O)(=O)c2csc(S(N)(=O)=O)c2)cc1,-4.22
NS(=O)(=O)c1cc(S(=O)(=O)c2cccc(O)c2)cs1,-2.72
CC(C)CNCc1ccc(S(=O)(=O)c2csc(S(N)(=O)=O)c2)cc1,-1.16
CC(C)(C)NCc1ccc(S(=O)(=O)c2csc(S(N)(=O)=O)c2)cc1,-1.98
CCCCNCc1ccc(S(=O)(=O)c2csc(S(N)(=O)=O)c2)cc1,-1.68
CC(C)NCc1cccc(S(=O)(=O)c2csc(S(N)(=O)=O)c2)c1,-1.56
CCC(C)NCc1cccc(S(=O)(=O)c2csc(S(N)(=O)=O)c2)c1,-1.33
CCC1(c2ccccc2)C(=O)NC(=O)N(CC(O)CO)C1=O,-1.7872
CC1(c2ccccc2)C(=O)NC(=O)NC1=O,-2.4581
CCC1(c2ccccc2)C(=O)NC(=O)NC1=O,-2.29
CCC1(c2ccccc2)C(=O)NC(=O)N(CO)C1=O,-1.6
C=CCC1(c2ccccc2)C(=O)NC(=O)NC1=O,-2.18
CCC1(c2ccccc2)C(=O)NC(=O)N(C)C1=O,-3.68
CCOC(=O)Nc1ccc2c(c1)N(C(=O)CCN1CCOCC1)c1ccccc1S2,-3.9
CN1CCC23C=CC=CC2C1Cc1ccc(O)c(O)c13,-1.72
C=C[C@H]1CN2CC[C@H]1C[C@H]2[C@@]12Nc3ccccc3[C@]1(O)CCO2,-2.6706
C#CCOc1cc(-n2nc3n(c2=O)CCCC3)c(Cl)cc1Cl,-4.3251
O=c1oc2ccccc2c(O)c1C(CC(O)c1ccc(-c2ccc(Br)cc2)cc1)c1ccccc1,-4.45
COC(=O)c1nccnc1N,-1.6422660516999998
Cc1cnccn1,1.0263
NC(=O)c1cnccn1,-0.667
N=C(N)NC(=O)c1nc(Cl)c(N)nc1N,-2.87
CCc1nccnc1C,0.4445107882999999
Nc1nccnc1C(=O)O,-1.7631595965
CCOP(=S)(OCC)Oc1cnccn1,-2.338
COC(=O)c1nc(Cl)c(Cl)nc1N,-4.5348386091
CC[C@H]1[C@@H]2C[C@H]3[C@@H]4N(C)c5ccccc5[C@]45C[C@@H](C2C5O)N3[C@@H]1O,-2.8266
CCC1C2CC3C4N(C)c5ccccc5C45CC(C2C5O)N3C1O,-2.82
O=C(OCC(O)CO)c1ccccc1Nc1ccnc2cc(Cl)ccc12,-4.54
CCN(CC)Cc1cc(Nc2ccnc3cc(Cl)ccc23)ccc1O,-5.79
O=C(OCc1ccccc1)n1cc(F)c(=O)[nH]c1=O,-2.82
O=C(OCc1ccccc1)C(OS(=O)(=O)O)c1ccccc1,-1.5
O=C(Cc1ccccc1)OCc1ccccc1,-3.8632748797000014
Cc1ccc(N2C(=O)c3cccc4c(N)ccc(c34)C2=O)c(C)c1,-4.8916555333
Cc1cccc(C)c1OP(=O)(Oc1cccc(OP(=O)(Oc2c(C)cccc2C)Oc2c(C)cccc2C)c1)Oc1c(C)cccc1C,-6.8367531336
O=P(Oc1ccccc1)(Oc1ccccc1)Oc1cccc(OP(=O)(Oc2ccccc2)Oc2ccccc2)c1,-5.7380720068
C=CCN1CC[C@]23c4c5ccc(O)c4O[C@H]2C(=O)CC[C@@]3(O)[C@H]1C5,-2.9
CN1CCC23c4c5ccc(O)c4OC2C(=O)CCC3C1C5,-2.1
C=CCN1CCC23c4c5ccc(O)c4OC2C(=O)CCC3(O)C1C5,-3.39
COc1ccc2c3c1OC1C(OC(C)=O)C=CC4C(C2)N(C)CCC341,-1.3
COc1ccc2c3c1OC1C(O)C=CC4C(C2)N(C)CCC341,-1.52
COc1ccc2c3c1O[C@H]1[C@@H](O)C=C[C@H]4[C@@H](C2)N(C)CC[C@]314,-1.5219999999999998
CCOc1ccc2c3c1O[C@H]1[C@@H](O)C=C[C@H]4[C@@H](C2)N(C)CC[C@]314,-2.079
CN1CCC23c4c5ccc(O)c4OC2C(O)C=CC3C1C5,-3.15
CCOc1ccc2c3c1OC1C(O)C=CC4C(C2)N(C)CCC341,-0.82
CC(=O)Oc1ccc2c3c1O[C@H]1[C@@H](OC(C)=O)C=C[C@H]4[C@@H](C2)N(C)CC[C@]314,-2.7894
OC(Cn1cncn1)(c1ccc(F)cc1)c1ccccc1F,-3.3651
COc1cc(NS(=O)(=O)c2ccc(N)cc2)nc(C)n1,-2.543
Cc1cc(NS(=O)(=O)c2ccc(N)cc2)nc(C)n1,-2.3
COc1cc(NS(=O)(=O)c2ccc(N)cc2)nc(OC)n1,-2.9565
O=C(Nc1cccc2c1C(=O)c1ccccc1C2=O)c1ccc(-c2ccc(N=Nc3ccc(-c4ccc(C(=O)Nc5cccc6c5C(=O)c5ccccc5C6=O)cc4)cc3)cc2)cc1,-5.716458279299999
CCN(CCC(=O)OC)c1ccc(N=Nc2snc3ccc([N+](=O)[O-])cc23)cc1,-7.315402454199999
O=C(O)c1ccsc1,-1.4743
Cc1ccsc1,-2.3899
COC(=O)c1sc(N)c(C#N)c1C,-4.9917376214
CCc1cccs1,-2.5846
NNC(=O)c1ccc([N+](=O)[O-])s1,-1.97
CC(=O)c1cccs1,-0.9549
COCC(C)N(C(=O)CCl)c1c(C)csc1C,-2.3614
c1ccsc1,-1.4450110492
NS(=O)(=O)c1ccc(Cl)s1,-3.2959363681
O=C(O)c1cccs1,-1.2327
NC(Cc1cccs1)C(=O)O,-0.8356
C(CCOCC1CO1)COCC1CO1,-0.5608137387
CCOc1ccc(C(=O)OCCNC(C)c2ccccc2)cc1,-1.49
CC(C)NC(=O)N1CC(=O)N(c2cc(Cl)cc(Cl)c2)C1=O,-4.3757
O=C(Cc1ccccc1)NNC(=O)c1ccncc1,-2.47
S=C1NCCN1,-0.7083
Cn1c(=O)c2c(nc(/C=C/c3ccccc3)n2C)n(C)c1=O,-5.55
Cn1c(=O)c2[nH]c(/C=C/c3ccccc3)nc2n(C)c1=O,-6.66
CNC(=O)Oc1ccccc1C1OCCO1,-1.5706
O=C(c1cc(N2CC2)c([N+](=O)[O-])cc1[N+](=O)[O-])N1CCOCC1,-2.89
c1ccc2c(c1)Nc1c(ccc3ccccc13)S2,-5.8957
O=C(Nc1ccccc1)Nc1ccccc1NS(=O)(=O)c1ccccc1,-4.5784028785
C/C=C(\C)C(=O)O[C@H]1C[C@@H](OC(C)=O)[C@@]2(C(=O)OC)CO[C@H]3[C@@H](O)[C@@](C)([C@]45O[C@@]4(C)[C@H]4C[C@@H]5O[C@@H]5OC=C[C@@]54O)[C@@H]4[C@@](O)(C(=O)OC)OC[C@@]14[C@@H]32,-3.4428
O=C(O[C@@H]1Cc2c(O)cc(O)cc2O[C@@H]1c1cc(O)c(O)c(O)c1)c1cc(O)c(O)c(O)c1,-1.0591609316
Cc1ccc(NC(=O)NC(C)(C)c2ccccc2)cc1,-5.3495
CN(C(=O)NC(C)(C)c1ccccc1)c1ccccc1,-3.3495
CCCCCCCCCCCCCCCC(=O)OC1CC(C)(C)NC(C)(C)C1.CCCCCCCCCCCCCCCCCC(=O)OC1CC(C)(C)NC(C)(C)C1,-6.214524895199999
O=C(Nc1ccccc1)n1cc(F)c(=O)[nH]c1=O,-1.6184
O=C1C(=O)c2ccccc2-c2ccccc21,-4.4435
Cc1c(-c2ccc(-c3ccccc3F)cc2)nc2ccc(F)cc2c1C(=O)O,-6.39
O=C1C=CC=C2C(=O)C(NNc3cc(S(=O)(=O)[O-])ccc3O)=CC=C12.[Na+],-0.9011960035
CN(C)C1C(O)=C(C(N)=O)C(=O)C2(O)C(O)=C3C(=O)c4c(O)ccc(Cl)c4C(O)C3CC12,-2.52
CN(C)C1C(O)=C(C(N)=O)C(=O)C2(O)C(O)=C3C(=O)c4c(O)ccc(Cl)c4C(C)(O)C3CC12,-2.88
CN(C)c1ccc(O)c2c1CC1CC3C(N(C)C)C(O)=C(C(N)=O)C(=O)C3(O)C(O)=C1C2=O,-0.94
CC1c2cccc(O)c2C(=O)C2=C(O)C3(O)C(=O)C(C(N)=O)=C(O)C(N(C)C)C3C(O)C21,-2.87
CN(C)C1C(O)=CC(=O)C2(O)C(O)=C3C(=O)c4ccccc4C(C)(O)C3CC12,-1.42
CN(C)C1C(O)=C(C(N)=O)C(=O)C2(O)C(O)=C3C(=O)c4c(O)cccc4C(C)(O)C3CC12,-3.12
CN(C)[C@@H]1C(O)=C(C(N)=O)C(=O)[C@@]2(O)C(O)=C3C(=O)c4c(O)cccc4[C@@](C)(O)[C@H]3C[C@@H]12,-2.93
CN(C)C1C(O)=C(C(N)=O)C(=O)C2(O)C(O)=C3C(=O)c4c(O)cccc4C(C)(O)C3C(O)C12,-3.15
O=C(NC(=O)c1c(F)cccc1F)Nc1cc(Cl)c(Oc2ncc(C(F)(F)F)cc2Cl)c(Cl)c1,-8.65
c1cc2c3c(cccc3c1)CC2,-4.63
O=[N+]([O-])c1ccc2c3c(cccc13)CC2,-5.3403
S=c1ncc2nccnc2[nH]1,-2.68
O=C(O)C(NCCCCCNC(C(=O)O)c1ccccc1)c1ccccc1,-2.02
O=c1cnc2[nH]c(=O)[nH]c(=O)c2[nH]1,-3.13
O=C(Nc1cccc2c(NC(=O)C3=Cc4ccccc4/C(=N\Nc4cccc(Cl)c4Cl)C3=O)cccc12)C1=Cc2ccccc2/C(=N/Nc2cccc(Cl)c2Cl)C1=O,-9.227651248
NS(=O)(=O)c1cc2c(cc1Cl)N=CNS2(=O)=O,-2.92
CC1=Nc2ccc(Cl)cc2S(=O)(=O)N1,-3.36
CC1=NN(c2cc(Cl)c(S(=O)(=O)[O-])cc2Cl)C(=O)C1N=Nc1cccc(S(=O)(=O)NCCc2ccccc2)c1.[Na+],-2.4299809947
O=C(OCC(=O)N(C1CCCCC1)C1CCCCC1)c1ccccc1,-5.06
CC12CCC(=O)C=C1CCC1C2C(=O)CC2(C)C1CCC2(O)C(=O)CO,-3.11
CC(=O)OCC(=O)C1(O)CCC2C3CCC4=CC(=O)CCC4(C)C3C(=O)CC21C,-4.21
CC(=O)OCC(=O)[C@@]1(O)CC[C@H]2[C@@H]3CCC4=CC(=O)CC[C@]4(C)[C@H]3C(=O)C[C@@]21C,-4.3037
C[C@]12CC(=O)[C@H]3[C@@H](CCC4=CC(=O)CC[C@@]43C)[C@@H]1CC[C@]2(O)C(=O)CO,-3.1097
CC1OC(O[C@@H]2C=C3CC[C@@H]4[C@H](CC[C@]5(C)[C@@H](c6ccc(=O)oc6)CC[C@]45O)[C@@]3(C)CC2)C(O)C(O)C1O,-3.955
Nc1ccc(-c2ccc(N)c3c2C(=O)c2ccccc2C3=O)c2c1C(=O)c1ccccc1C2=O,-6.293710562799999
Nc1c(S(=O)(=O)[O-])cc(-c2cc(S(=O)(=O)[O-])c(N)c3c2C(=O)c2ccccc2C3=O)c2c1C(=O)c1ccccc1C2=O.[Na+].[Na+],-2.0301800533
Nc1nc(N)c2nc(-c3ccccc3)c(N)nc2n1,-2.404
c1ccc(Cn2ccnc2)cc1,-2.26
CCOC(=O)c1cncn1C(C)c1ccccc1,-4.73
COC(=O)C1(S(=O)(=O)c2ccc(C)cc2)CCCCC1,-4.61
CC(C)OC(=O)C1(S(=O)(=O)c2ccc([N+](=O)[O-])cc2)CCCCC1,-4.8796
COC(=O)C1(S(=O)(=O)c2ccccc2)CCCCC1,-3.85
COC(=O)C1(S(=O)(=O)c2ccc(Br)cc2)CCCCC1,-4.4786
Cc1ccc(S(=O)(=O)C2(C(=O)OC(C)C)CCCCC2)cc1,-4.62
CCN(CC)C(=O)n1cnc(S(=O)(=O)c2c(C)cc(C)cc2C)n1,-5.1467
COc1ccc(-c2cc(=O)c3c(O)cc(O)cc3o2)cc1O,-6.1987525576
O=c1cc(-c2ccc(O)c(O)c2)oc2cc(O)cc(O)c12,-3.61
O=c1c(O)c(-c2ccc(O)c(O)c2)oc2cc(O)cc(O)c12,-1.99
O=c1c(O)c(-c2ccc(O)cc2O)oc2cc(O)cc(O)c12,-3.0824090581
CC1=C(C(=O)Nc2ccccc2)CCCO1,-2.56
CC(=O)OCn1cc(F)c(=O)n(C(=O)c2ccccc2)c1=O,-3.34
O=C(c1ccccc1)n1c(=O)[nH]cc(F)c1=O,-2.26
CCCC(=O)OCn1cc(F)c(=O)n(C(=O)c2ccccc2)c1=O,-3.73
c1ccc(CN(CC2=NCCN2)c2ccccc2)cc1,-2.6
O=c1[nH]cncc1Br,-0.4471
O=c1cc(O)nc[nH]1,-1.5871611222
O=c1ccnc[nH]1,0.586
CCN(c1ccccc1)c1nc(Cl)nc(Nc2cc(S(=O)(=O)[O-])cc3cc(S(=O)(=O)[O-])c(N=Nc4ccc5c(S(=O)(=O)[O-])cccc5c4S(=O)(=O)[O-])c(O)c23)n1.[Na+].[Na+].[Na+].[Na+],-0.5025263499
COc1ccc(C(CN(C)C)C2(O)CCCCC2)cc1,0.2567187446
c1ccc(CN2CCC(Nc3ccccc3)CC2)cc1,-3.9542229462
CCC(=O)N(c1ccccc1)C1CCN(Cc2ccccc2)CC1,-3.4150433898
O=C(C1CCC1)N(O)C1CCCCC1,-2.7
CC1OC(C)OC(C)O1,-0.0719
C1OCOCO1,0.3717171259000001
Nc1cc(N2CCCCC2)nc(N)[n+]1[O-],-1.94
O=C(c1ccc(Oc2ccccc2)cc1)c1ccc(C(=O)c2ccc(Oc3ccccc3)cc2)cc1,-7.973611776
C=C1CCC(C)=CCCC=C(C)CC[C@@H]1C(C)=O.C=C1CCC(C)=CCCC=C(C)CC[C@H]1C(C)=O.CC(=O)/C1=C(\C)CC/C(C)=C\CC/C=C(/C)CC1.CC(=O)[C@@H]1CCC(C)=CCCC=C(C)CC=C1C.CC(=O)[C@H]1CCC(C)=CCCC=C(C)CC=C1C,-5.4491260218
CC/C(=C(\c1ccccc1)c1ccc(OCCN(C)C)cc1)c1ccccc1,-8.49
O=C(OCn1c(=O)[nH]cc(F)c1=O)Oc1ccccc1,-2.45
CS(=O)(=O)Oc1ccc(Nc2ccc(O)c3c2C(=O)c2ccccc2C3=O)cc1,-6.214227984500001
C=C(Br)C(=O)Nc1ccc(Nc2cc(S(=O)(=O)[O-])c(N)c3c2C(=O)c2ccccc2C3=O)c(S(=O)(=O)[O-])c1.[Na+].[Na+],-1.0618038915
Cc1c(CNC(=O)CCl)c(C)c(Nc2cc(S(=O)(=O)[O-])c(N)c3c2C(=O)c2ccccc2C3=O)c(C)c1CNC(=O)CCl.[Na+],-1.0175519333
Cc1ccc(Nc2ccc(O)c3c2C(=O)c2ccccc2C3=O)cc1,-7.5491813124
Cc1cc(Nc2cc(S(=O)(=O)[O-])c(N)c3c2C(=O)c2ccccc2C3=O)cc(S(=O)(=O)NCCO)c1C.[Na+],-2.6748435421
CC(=O)Nc1cccc(Nc2cc(S(=O)(=O)[O-])c(N)c3c2C(=O)c2ccccc2C3=O)c1.[Na+],-4.3079108614
Nc1c(S(=O)(=O)[O-])cc(Nc2cccc(S(=O)(=O)CCOS(=O)(=O)[O-])c2)c2c1C(=O)c1ccccc1C2=O.[Na+].[Na+],-0.4545358261
Cc1ccc(Nc2ccc(O)c3c2C(=O)c2ccccc2C3=O)c(S(=O)(=O)[O-])c1.[Na+],-2.4023932811
O=C1c2c(O)ccc(Nc3ccccc3)c2C(=O)c2c([N+](=O)[O-])ccc(O)c21,-8.6461429905
Nc1c(S(=O)(=O)[O-])cc(Nc2ccccc2)c2c1C(=O)c1ccccc1C2=O.[Na+],-2.1738960877
CCC(=O)Nc1cccc(Nc2cc(S(=O)(=O)[O-])c(N)c3c2C(=O)c2ccccc2C3=O)c1.[Na+],-2.6879470025
Nc1c(S(=O)(=O)[O-])cc(Nc2ccc(S(=O)(=O)CCOS(=O)(=O)[O-])cc2)c2c1C(=O)c1ccccc1C2=O.[Na+].[Na+],-0.5639623965
COCCOCCOc1cc(Nc2c(C)cc(C)c(S(=O)(=O)[O-])c2C)c2c(c1N)C(=O)c1ccccc1C2=O.[Na+],0.2391231023999999
OC[C@H]1O[C@@](CO)(O[C@H]2O[C@H](CO[C@H]3O[C@H](CO)[C@H](O)[C@H](O)[C@H]3O)[C@@H](O)[C@H](O)[C@H]2O)[C@@H](O)[C@@H]1O,-0.3962
OCC1OC(OCC2OC(OC3(CO)OC(CO)C(O)C3O)C(O)C(O)C2O)C(O)C(O)C1O,0.3
C=CCC1=C(C)C(OC(=O)C2C(C=C(C)C)C2(C)C)CC1=O,-4.8179
C#CCC1=C(C)C(OC(=O)[C@H]2[C@H](C=C(C)C)C2(C)C)CC1=O,-4.5746
C=C/C=C\CC1=C(C)[C@@H](OC(=O)[C@@H]2[C@@H](C=C(C)C)C2(C)C)CC1=O,-6.2155
C=C/C=C\CC1=C(C)[C@@H](OC(=O)[C@@H]2[C@@H](/C=C(\C)C(=O)OC)C2(C)C)CC1=O,-4.6168
O=C(Nc1ccnc(=O)[nH]1)c1ccccc1,-5.1596802151
CON(C(=O)c1cc(C)oc1C)C1CCCCC1,-2.92
CCN(OC(=O)c1ccccc1)C(=O)c1c(OC)ccc(Cl)c1OC,-4.0837
N#CCCN(CCOC(=O)c1ccccc1)c1ccc(N=Nc2ccc([N+](=O)[O-])cc2)cc1,-7.1697361359
COC(=O)[C@H]1[C@H]2C[C@@H]3c4[nH]c5cc(OC)ccc5c4CCN3C[C@H]2C[C@@H](OC(=O)c2cc(OC)c(OC)c(OC)c2)[C@@H]1OC,-3.9208
COC(=O)C1C2CC3c4[nH]c5cc(OC)ccc5c4CCN3CC2CC(OC(=O)c2cc(OC)c(OC)c(OC)c2)C1OC,-5.97
O=P(c1ccccc1)(c1ccccc1)c1ccccc1,-2.8774727952
O=C(O)c1ccc(P(=O)(c2ccccc2)c2ccc(C(=O)O)cc2)cc1,-6.01
CC1=CCC(C(C)C)=CC1,-4.1958
C1=CCC=CC1,-2.0587
O=C1c2ccccc2C(=O)N1SC1CCCCC1,-4.3237941723
Nc1c(-c2nc3cc4c(cc3o2)C(=O)c2ccccc2C4=O)ccc2c1C(=O)c1ccccc1C2=O,-5.4964129822
O=C(Nc1cc2c3cc(NC(=O)c4ccccc4)c4c(=O)c5ccccc5c(=O)c4c3[nH]c2c2c(=O)c3ccccc3c(=O)c12)c1ccccc1,-4.5222231174
O=C1CCCCCCC/C=C\CCCCCCO1,-5.629397554600001
N#CC1([NH+]2CCCCC2)CC[NH+](Cc2ccccc2)CC1,-2.2459922106
CC12CCc3c(ccc4cc(O)ccc34)C1CCC2O,-4.64
CCOC(=O)c1cnn(C)c1S(=O)(=O)NC(=O)Nc1nc(OC)cc(OC)n1,-4.4561
COC(=O)c1c(Cl)nn(C)c1S(=O)(=O)NC(=O)Nc1nc(OC)cc(OC)n1,-4.4642
CCOC(=O)C(Cc1ccc(O)cc1)NC(=O)c1ccccc1,-3.33
CC(=O)Oc1ccc(CC(NC(=O)c2ccccc2)C(N)=O)cc1,-3.89
O=C(O)c1cc(C(=O)O)c(C(=O)O)cc1C(=O)O.c1ccc(C2=NCCN2)cc1,-2.1253109845
Cc1occc1C(=O)Nc1ccccc1,-3.3037
CCN1C[C@@]2(COC)[C@H]3[C@@H](OC)[C@H]4C1[C@]3([C@@H](OC)C[C@H]2O)[C@@H]1C[C@]2(O)[C@@H](OC)[C@H](O)[C@@]4(OC(C)=O)[C@H]1[C@H]2OC(=O)c1ccccc1,-3.3187
O=C1NCCN1c1ncc([N+](=O)[O-])s1,-3.2169
O=C(NC(=O)c1cccnc1)Nc1ccccc1,-3.3825
Cc1nc2ccccc2[nH]1,-1.9598
FC(F)(F)c1nc2c(Cl)c(Cl)ccc2[nH]1,-3.5677
COC(=O)Nc1nc2ccccc2[nH]1,-4.52
CCCSc1ccc2[nH]c(NC(=O)OC)nc2c1,-4.22
c1ccc2[nH]cnc2c1,-1.769197233
CCCCNC(=O)n1c(NC(=O)OC)nc2ccccc21,-4.86
C=CC1(C)OC(=O)N(c2cc(Cl)cc(Cl)c2)C1=O,-4.925
COCC1(C)OC(=O)N(c2cc(Cl)cc(Cl)c2)C1=O,-4.66
CCOC(=O)C1(C)OC(=O)N(c2cc(Cl)cc(Cl)c2)C1=O,-5.2203
O=[N+]([O-])c1cc(C2CCCCC2)c(O)c([N+](=O)[O-])c1,-4.2492
CCCCCC1CCC(c2ccc(CCC)cc2)CC1,-6.7725704235
c1ccc(C2CCCCC2)cc1,-4.3415022783
Oc1ccc(C2CCCCC2)c(O)c1,-2.5763
Oc1ccc(C2CCCCC2)cc1,-3.468
CC1(C)CNCC(C)(C)C1OC(=O)CCCCCCCCC(=O)OC1C(C)(C)CNCC1(C)C,-4.4077469895
CC(C)(C)OO.CC1(C)CC(OC(=O)CCCCCCCCC(=O)OC2CC(C)(C)NC(C)(C)C2)CC(C)(C)N1.CCCCCCCC,-5.0575951101
CCCc1ncnc2c(O)cccc12,-2.9206
Cc1ncnc2c(O)cccc12,-2.6025
Oc1cccc2cncnc12,-2.0361
C=CCc1ccc2cncnc2c1O,-3.62
O=C(OCCCc1ccccc1)c1ccccc1,-4.8009737888
CCOCCc1ccc(OCCNc2ncnc(CC)c2Cl)c(C)c1C,-5.2409
ClC1(Cl)C2(Cl)C3(Cl)C4(Cl)C(Cl)(Cl)C5(Cl)C3(Cl)C1(Cl)C5(Cl)C24Cl,-6.8074
CC(C)N=c1cc2n(-c3ccc(Cl)cc3)c3ccccc3nc-2cc1Nc1ccc(Cl)cc1,-6.24
c1cc2ccc3ccc4ccc5cccc6c(c1)c2c3c4c56,-9.0265
Cc1ccc(Nc2ccc(Nc3ccc(C)cc3S(=O)(=O)[O-])c3c2C(=O)c2ccccc2C3=O)c(S(=O)(=O)[O-])c1.[Na+].[Na+],-1.4270312571
Cc1cc(C)c(S(=O)(=O)O)c(C)c1Nc1ccc(Nc2c(C)cc(C)c(S(=O)(=O)O)c2C)c2c1C(=O)c1ccccc1C2=O.NCCCCCCN,-2.8206093768
Cc1cc(C)c(S(=O)(=O)[O-])c(C)c1Nc1ccc(Nc2c(C)cc(C)c(S(=O)(=O)[O-])c2C)c2c1C(=O)c1ccccc1C2=O.[Na+].[Na+],-1.7922611704
Cc1cc(C)c(Nc2ccc(Nc3c(C)cc(C)cc3C)c3c2C(=O)c2ccccc2C3=O)c(C)c1,-7.8250730454
CCc1cc(C)cc(CC)c1Nc1ccc(Nc2c(CC)cc(C)cc2CC)c2c1C(=O)c1ccccc1C2=O,-7.423828912
CCc1cccc(C)c1Nc1ccc(Nc2c(C)cccc2CC)c2c1C(=O)c1ccccc1C2=O,-7.3753013985
O=C(OCc1ccccc1)c1sc(Cl)nc1C(F)(F)F,-5.8085
CC(NC(=O)C(N)c1ccccc1)c1ccccc1,-1.66
CC(NC(=O)Cc1ccccc1)c1ccccc1,-3.19
ON=C1CCCCCCCCC1=NO,-2.5813
CC12CCC(=O)C=C1CCC1C2CCC2(C)C(OC(=O)CCc3ccccc3)CCC12,-5.27
Nc1ccc(C(=O)Oc2ccccc2)c(O)c1,-4.5152
CC(=O)Oc1ccccc1C(=O)Oc1ccccc1,-4.1077
O=C(O)c1cc(O)c(O)c(OC(=O)c2cc(O)c(O)c(O)c2)c1,-2.8092
CC(C)(C)c1ccc(OC(=O)c2cc(C(C)(C)C)c(O)c(C(C)(C)C)c2)c(C(C)(C)C)c1,-7.3410901182
CC(=O)Nc1ccc(OC(=O)c2ccccc2OC(C)=O)cc1,-4.1949
O=C(Oc1ccccc1)c1ccccc1,-2.85
O=C(Oc1ccccc1)c1ccccc1O,-3.1547687559
O=C(Oc1cccc(N=C=S)c1)c1ccccc1,-4.85
O=C1C2(Cl)C3(Cl)C4(Cl)C(Cl)(Cl)C5(Cl)C3(Cl)C1(Cl)C5(Cl)C24Cl,-5.2594
O=C1CCC(C(=O)Nc2ccccc2)N1,-1.3278
CN1C2CCC1C(C(=O)O)C(O)C2,-0.02
CN1C2CCC1[C@@H](C(=O)O)[C@@H](O)C2,-0.0173
CN(C(=S)SSC(=S)N(C)c1ccccc1)c1ccccc1,-6.2607699922
CCOC(=O)C(c1c(O)c2ccccc2oc1=O)c1c(O)c2ccccc2oc1=O,-3.66
O=c1oc2ccccc2c(O)c1Cc1c(O)c2ccccc2oc1=O,-4.27
C1=Cc2ccccc2C1.CC(C)c1ccccc1.CCc1ccc(CC)cc1.Cc1cc(C)cc(C)c1.Cc1ccccc1.c1ccc2c(c1)CCC2.c1ccc2c(c1)CCCC2.c1ccc2ccccc2c1.c1ccccc1,-3.5397404208
O=C(C(=O)c1ccccc1)c1ccccc1,-2.8
O=C(C(=O)c1cc([N+](=O)[O-])ccc1O)c1cc([N+](=O)[O-])ccc1O,-3.5214
CCCN(CCOc1c(Cl)cc(Cl)cc1Cl)C(=O)n1ccnc1,-4.0445
COC1=CCC2=C(CCC3C2CCC2(C)C3CCC2(O)C#N)C1,-5.6832424476
CC[C@]12CC[C@@H]3C4=C(CC[C@H]3[C@@H]1CC[C@@H]2O)CC(OC)=CC4,-4.7025138257
COC1=CCC2=C(CC[C@@H]3[C@@H]2CC[C@]2(C)[C@@H](O)CC[C@@H]32)C1,-4.7610719313
CCC(C)C1NC(=O)C(Cc2c[nH]c3ccccc23)NC(=O)C2CCCN2C(=O)C(Cc2c[nH]cn2)NC(=O)C2CCCCN2C(=O)C2CCCCN2C1=O,-2.58
O=P(Oc1ccccc1)(N1CCOCC1)N1CCOCC1,0.3925
COC(=O)C1=C(C)NC(C)=C(C(=O)OC)C1c1ccccc1[N+](=O)[O-],-4.76
CCOC(=O)C1=C(C)NC(C)=C(C(=O)OC)C1c1cccc(Cl)c1Cl,-5.68
CNCCCC12CCC(c3ccccc31)c1ccccc12,-4.69
CC(C)CC(NC(=O)CC(O)C(CC(C)C)NC(=O)C(Cc1c[nH]cn1)NC(=O)C(Cc1ccccc1)NC(=O)OC(C)(C)C)C(=O)NC(Cc1cccc(CN)c1)C(=O)O,-2.82
CN(Cc1cc(Br)cc(Br)c1N)C1CCCCC1,-1.9733
Cc1ccc2c3c1CCCC3CN(C(N)=NO)C2,-1.2
COc1ccc2c3c1CCCC3CN(C(=N)N)C2,-1.22
NC(=NO)N1Cc2cccc3c2C(CCC3)C1,-1.35
COc1ccc2c3c1CCCC3CN(C(N)=NO)C2,-1.78
CC12CCC(=O)C=C1CCC1C2CCC2(C)C(OC(=O)CCCc3ccccc3)CCC12,-5.43
O=C(O)C1=CCCc2ccccc21,-2.7939
O=Cc1cccc2c1OC(F)(F)O2,-2.1558333574
CC(C=O)Cc1ccc2c(c1)OCO2,-2.3134381403
O=[N+]([O-])c1cc2c(cc1CO)OCO2,-3.06
O=[N+]([O-])c1ccc2c(c1CO)OCO2,-3.0643
CCCCOCCOCCOCc1cc2c(cc1CCC)OCO2,-4.1510889183
O=C(O)/C=C\c1ccc2c(c1)OCO2,-3.8523
NNC(=O)c1ccc2c(c1)OCO2,-0.6
O=C(O)C=Cc1ccc2c(c1)OCO2,-3.19
OCCNc1ccc2c(c1)OCO2.[Cl-].[H+],0.2728975009
O=CCc1ccc2c(c1)OCO2,-1.96
O=C(O)C(=O)c1ccc2c(c1)OCO2,-1.1912
CNC(=O)Oc1cccc2c1OC(C)(C)O2,-2.9338
O=Cc1ccc2c(c1)OCO2,-1.6324
CC(=O)OCCN(CCC#N)c1ccc(N=Nc2nc3ccc([N+](=O)[O-])cc3s2)cc1,-4.3409088983
Cc1nnc(N)nc1C,-1.0939
CC12CCCC(C)(CC1)C2=NO,-3.0741522071
S=C(Nc1ccccc1)Nc1ccccc1,-3.9716884266
NS(=O)(=O)c1ccc(NC(=S)Nc2ccc(F)cc2)cc1,-2.9899599684
[O-]c1cccc2[nH+]cccc12,-2.5417
[O-]c1ccc2ccc[nH+]c2c1,-2.5038
CN(C)CCC=C1c2ccccc2COc2ccccc21,-3.4
CN(C)CC/C=C1\c2ccccc2COc2ccccc21,-3.9469
COc1ccc(N2CCN(c3ccc([N+](=O)[O-])cc3)CC2)cc1,-6.9290130346000005
COc1ccc2cc(C(C)C(=O)OC3COC4C(O)COC34)ccc2c1,-3.98
O=C1C=Cc2cc(S(=O)(=O)[O-])ccc2/C1=N\Nc1ccc(N=Nc2ccc(Nc3ccccc3)c(S(=O)(=O)[O-])c2)c2ccccc12.[Na+].[Na+],-1.0156300044
COc1ccc2c(c1O)C13CCN(C)C(C2)C1C=CC(=O)C3,-1.87
NS(=O)(=O)c1cc2c(cc1C(F)(F)F)NCNS2(=O)=O,-2.97
NS(=O)(=O)c1cc2c(cc1Cl)NCNS2(=O)=O,-2.63
CN1C(CCl)Nc2cc(Cl)c(S(N)(=O)=O)cc2S1(=O)=O,-3.78
NS(=O)(=O)c1cc2c(cc1Cl)NC(C(Cl)Cl)NS2(=O)=O,-3.18
CC(CN/C=C1/C=CC=CC1=O)N/C=C1/C=CC=CC1=O,-3.172023424
CCCCc1ccc2[n-]nnc2c1.[Na+],0.4040256561999999
Cc1ccc(C(=O)OC(C)C)cc1N=Nc1c(O)c(C(=O)Nc2cc(Cl)c(NC(=O)c3cc4ccccc4c(N=Nc4cc(C(=O)OC(C)C)ccc4C)c3O)cc2Cl)cc2ccccc12,-7.0074879806
C=Cn1cc[n+](C)c1.COS(=O)(=O)[O-],0.6570840829
CC1=C2[C@H]3OC(=O)[C@@H](C)[C@@H]3CC[C@@]2(C)C=CC1=O,-3.0905
CC1=C2C3OC(=O)C(C)C3CCC2(C)C=CC1=O,-3.09
CC1CC(OC(=O)c2ccccc2O)CC(C)(C)C1,-5.816819421799999
O=C(OC1CCCCC1)c1ccccc1O,-4.5540762927
CCN1c2ccccc2C(=O)N(C)c2ccccc21,-4.749
COC(=O)c1ccc(C(F)(F)F)nc1S(=O)(=O)NC(=O)Nc1nc(OC)cc(OC)n1,-3.89
COc1cc(OC)nc(NC(=O)NS(=O)(=O)c2ncccc2C(=O)N(C)C)n1,-3.97
CCS(=O)(=O)c1cccnc1S(=O)(=O)NC(=O)Nc1nc(OC)cc(OC)n1,-4.6349
COc1cc2c(c3c1c(=O)c1cccnc1n3C)C=CC(C)(C)O2,-3.96
S=P(N1CC1)(N1CC1)N1CC1,0.0018
Clc1ccc(C2(Cn3cncn3)CC(Br)CO2)c(Cl)c1,-3.8775
COC(=O)c1c(Cl)c(Cl)c(Cl)c(Cl)c1C#N.C[O-].Cc1cc(N)ccc1N=Nc1ccc(N)cc1.[Na+],-7.532414871799999
COC(=O)Nc1nc2cc(C(=O)c3ccccc3)ccc2[nH]1,-3.88
C[C@H]1C[NH2+][C@H](C)C[NH2+]1,0.4864
C=C1C2CCC(C2)C1(C)C.CC12CCC(CC1)C(C)(C)O2.CC12CCC(CC1=O)C2(C)C.CC1=CCC2CC1C2(C)C,-5.4383706051
O=S1OC[C@@H]2[C@H](CO1)[C@]1(Cl)C(Cl)=C(Cl)C2(Cl)C1(Cl)Cl,-5.9563
O=S1OCC2C(CO1)C1(Cl)C(Cl)=C(Cl)C2(Cl)C1(Cl)Cl,-6.08
O=S1OC[C@@H]2[C@H](CO1)C1(Cl)C(Cl)=C(Cl)[C@@]2(Cl)C1(Cl)Cl,-5.9019
CCCCCCCCn1sccc1=O,-2.6301
CNC1CCC(c2ccc(Cl)c(Cl)c2)c2ccccc21,-5.23
Clc1cc(Cl)nc(-c2ccccc2)n1,-4.9544
Cc1cc(S(=O)(=O)[O-])c(N=Nc2c([O-])c(C(=O)[O-])cc3ccccc23)cc1Cl.[H+].[Mn+2],-5.1704010781
Nc1ccc2ccccc2c1N=Nc1ccccc1,-5.916
O=S(=O)([O-])c1ccc(N=Nc2c([O-])ccc3cc(S(=O)(=O)[O-])ccc23)cc1.[Al+3],-2.9368865529000003
C[N+](C)(C)c1ccc2ccc(O)c(N=Nc3ccc(N)cc3)c2c1.[Cl-],-1.9807853884
O=S(=O)([O-])c1ccc(N=Nc2c(O)ccc3ccccc23)cc1.[Na+],-1.1158578961
Cc1c(Cl)cc(N=Nc2c([O-])c(C(=O)[O-])cc3ccccc23)cc1S(=O)(=O)O.[Sr+2],-5.3065828462
CC(=O)Nc1c(I)c(C(=O)NC2C(O)[C@H](O)C(CO)O[C@@H]2O)c(I)c(N(C)C(C)=O)c1I,-0.1982
COc1cc(NC(=O)c2cccnc2)c2ncccc2c1,-4.4461
COc1ccc(CCN(C)CCCC(C#N)(c2ccc(OC)c(OC)c2)C(C)C)cc1OC,-3.98
COc1ccc(C(O)(c2cncnc2)C2CC2)cc1,-2.5959
c1ccc2c(c1)ccc1nccnc12,-2.68
c1ccc2c(c1)-c1cccc3cc4c(ccc5ccccc54)c-2c13,-8.4806
CC1(C)S[C@@H]2[C@H](N)C(=O)N2[C@H]1C(=O)O,-1.9440451079
CC1=C(C=O)C(C)(C)CC=C1,-2.4650077569
CCOC(=O)C1=C(C)C=CCC1(C)C,-3.411619706
C/C=C/C(=O)C1=C(C)C=CCC1(C)C,-3.0052489876
O=C(O)CC(O)CCC1=CCCC1=O,-0.4
CC/C=C\CC1=C(C)CCC1=O,-2.0452383746
O=C1NC(=O)C(=c2[nH]c(=C3C(=O)NC(=O)NC3=O)c3ccccc23)C(=O)N1,-7.5649937324
[Cl].[Rh].c1ccc(P(c2ccccc2)c2ccccc2)cc1.c1ccc(P(c2ccccc2)c2ccccc2)cc1.c1ccc(P(c2ccccc2)c2ccccc2)cc1,-7.0120095436000005
Cc1occc(=O)c1O,-1.063
COc1coc(CSP(=O)(OC)OC)cc1=O,0.7286
CCc1occc(=O)c1O,-1.1759580204
O=C(O)c1cc(=O)cc(C(=O)O)o1,-1.1097
CCOC(=O)c1c(C)oc(C)c(C(=O)OCC)c1=O,-1.5255
O=c1[nH]c(=O)c2cc([N+](=O)[O-])cc([N+](=O)[O-])c2[nH]1,-3.2057
O=c1[nH]c2ccccc2c(=O)n1CCO,-3.1128936428
O=c1[nH]c2ccccc2c(=O)n1CCCl,-3.5747994393
CC(=O)c1cc(Nc2nc(Nc3cc(C(C)=O)c(N)c4c3C(=O)c3ccccc3C4=O)nc(-c3ccccc3)n2)c2c(c1N)C(=O)c1ccccc1C2=O,-4.9504317948
O=C1c2ccccc2C(=O)c2c(Nc3nc(Nc4cccc5c4C(=O)c4ccccc4C5=O)nc(-c4ccccc4)n3)cccc21,-7.77786597
O=c1cc[nH]c2ccccc12,-1.481
Cc1cc(=O)c2ccccc2[nH]1,-1.2019
Cn1ccc(=O)c2ccccc21,-0.9818
CC(=O)N1CCOCC1,0.8888753261
CCN1CCOCC1,0.9386
O=NN1CCOCC1,0.9351
C1COCCN1,1.0599
ClCCCN1CCOCC1,0.7860892979999999
CN1CCOCC1,0.995
C=CC(=O)N1CCOCC1,0.8502575853000001
CC(C)CN1CCOCC1,-0.7089
FC(F)(F)N1C(F)(F)C(F)(F)OC(F)(F)C1(F)F,-5.5960586261000005
CCCC(CCC)CCCC1COCCN1CCO,0.9642581623
C1COCCN1.NS(=O)(=O)O,0.727886015
CC1CNCC(C)O1,0.9386380084
CC1CN(N=O)CC(C)O1,-0.0655
O=S(=O)([O-])CCN1CCOCC1.[Na+],0.1885297454
C#CC1(O)CCC2C3CCc4cc(OC)ccc4C3CCC21C,-5.49
C[C@]12CC[C@@H]3c4ccc(O)cc4CC[C@H]3[C@@H]1CC[C@@H]2O,-4.8789
CC12CCC3c4ccc(O)cc4CCC3C1CCC2O,-4.83
C#C[C@]1(O)CC[C@H]2[C@@H]3CCc4cc(O)ccc4[C@H]3CC[C@@]21C,-4.4192
C[C@]12CC[C@@H]3c4ccc(O)cc4CC[C@H]3[C@@H]1CC[C@H]2O,-4.8441
C#CC1(O)CCC2C3CCc4cc(O)ccc4C3CCC21C,-4.47
CC12CCC3c4ccc(O)cc4CCC3C1CC(O)C2O,-4.0
CC[C@]12CC[C@@H]3c4ccc(OC)cc4CC[C@H]3[C@@H]1CC[C@@H]2O,-4.875700653
O=C1NC(=S)NC(=O)C12CCCCC2,-3.46
CCN(Cc1cccc(S(=O)(=O)[O-])c1)c1ccc(N=Nc2ccc(N=Nc3cccc(S(=O)(=O)[O-])c3)c3ccccc23)cc1.[Na+].[Na+],0.1715437669999999
C[n+]1ccc(-c2cc[n+](C)cc2)cc1.[Cl-].[Cl-],0.4349
C[Si](Cn1cncn1)(c1ccc(F)cc1)c1ccc(F)cc1,-3.7665
C=C1c2cccc(O)c2C(O)=C2C(=O)[C@]3(O)C(=O)/C(=C(/N)O)C(=O)[C@@H](N(C)C)[C@@H]3[C@@H](O)[C@H]12,-1.768
CN(C1CCCCC1)S(=O)(=O)c1ccccc1NNC1=C2C(=O)C=C(S(=O)(=O)[O-])C=C2C=CC1=N.[Na+],-2.7116859389
Nc1ccnc(=O)[nH]1,-1.1426
Cc1c[nH]c(=O)nc1N,-1.44
Nc1nc(=O)[nH]cc1F,-0.972
CCc1c[nH]c(=O)nc1N,-1.0197
O=c1nccc[nH]1,0.6749
O=C(NO)c1ccccc1N=Cc1ccccn1,-3.21
CCC1(CC)C(=O)N(C)N(c2ccccc2)C1=O,-2.69
CCN(Cc1ccncc1)C(=O)C(CO)c1ccccc1,-1.7
CC(=O)C(N=Nc1cc(C(=O)Nc2cc(C(F)(F)F)ccc2Oc2ccc(Cl)cc2)ccc1Cl)C(=O)Nc1cc(Cl)c(NC(=O)C(N=Nc2cc(C(=O)Nc3cc(C(F)(F)F)ccc3Oc3ccc(Cl)cc3)ccc2Cl)C(C)=O)cc1C,-7.6916832495
Cc1cccc(N(O)C(=O)CCc2ccccc2)c1,-3.41
Cc1ccccc1N(O)C(=O)CCc1ccccc1,-2.79
OCC1OCOC2COCOC12,-0.62
CC(=O)Nc1ccc(S(=O)(=O)Nc2nc(C)cs2)cc1,-4.15
Cc1csc(NS(=O)(=O)c2ccc(N)cc2)n1,-2.91
Nc1ccc(S(=O)(=O)Nc2nccs2)cc1,-2.4248
Nc1ccc(S(=O)(=O)Nc2ncc(C(=O)O)s2)cc1,-2.8741
CCOC(=O)Cc1sc(NS(=O)(=O)c2ccc(N)cc2)nc1C,-2.88
CC(=O)Nc1ccc(S(=O)(=O)Nc2nccs2)cc1,-3.43
O=c1[nH]c(=O)c2[nH]c(=O)[nH]c2[nH]1,-3.62
Cn1c(=O)c2c(n(C)c1=O)n(C)c(=O)n2C,-0.9527
Cn1c(=O)[nH]c2[nH]c(=O)[nH]c2c1=O,-1.5614
Cn1c(=O)[nH]c2c(=O)[nH]c(=O)[nH]c21,-3.94
CCCN1Cn2c(nc3ccccc3c2=O)C1C,-2.67
CC1c2nc3ccccc3c(=O)n2CN1C,0.03
CN1CCC(c2c(O)cc(O)c3c(=O)cc(-c4ccccc4Cl)oc23)C(O)C1,-4.26
CCCCC1=NC(=O)C2(CCCC2)N1.CCCCC1=NC2(CCCC2)C(=O)N1.Cl.Cl,-1.019613944
Nc1ccc(S(=O)(=O)Nc2cnccn2)cc1,-3.7
Nc1ccc(C2(c3ccc(N)c(Cl)c3)c3ccccc3-c3ccccc32)cc1Cl,-6.9044856274
CN1CCN(c2cc3c(cc2F)c(=O)c(C(=O)O)cn3-c2ccc(F)cc2)CC1,-3.82
O=C(O)c1cn(-c2ccc(F)cc2)c2cc(N3CCNCC3)c(F)cc2c1=O,-3.13
CC1CN(c2cc3c(cc2F)c(=O)c(C(=O)O)cn3-c2ccc(F)cc2F)CCN1,-3.8
O=C(O)C(Oc1ccccc1Cl)Oc1ccccc1Cl,-2.83
O=C1NC(=O)C2(CCCCC2)C(=O)N1,-3.06
C=C(C)C(=O)O.CC(C)(c1ccc(O)cc1)c1ccc(O)cc1.ClCC1CO1,-5.229282852
CC(C)(c1cc(Br)c(O)c(Br)c1)c1cc(Br)c(O)c(Br)c1.ClCC1CO1,-7.2735304728
CC(C)(c1ccc(O)cc1)c1ccc(O)cc1.ClCC1CO1,-5.0291347649
C=CC(=O)O.CC(C)(c1ccc(O)cc1)c1ccc(O)cc1.ClCC1CO1,-3.6804449633
O=C(Oc1ccccc1)Oc1ccccc1,-4.2169166627
O=C(Oc1cc([N+](=O)[O-])c(Cl)cc1Cl)Oc1cc([N+](=O)[O-])c(Cl)cc1Cl,-6.8129074612
c1ccc2sccc2c1,-3.0138
Cc1c(CC(=O)O)sc2cc(Cl)ccc12,-3.84
CC(c1cc2ccccc2s1)N(O)C(N)=O,-3.37
N=C(N)NN=C1C=CC(=NNC(=N)N)c2ccccc21,-3.29
CSc1ccc2c(c1)N(CCC1CCCCN1C)c1ccccc1S2,-5.82
O=C1c2ccccc2Cc2ccccc2N1CCF,-3.535
Nc1ccn(C2OC(COP(=O)(O)O)C(O)C2O)c(=O)n1,-1.1987753523
Nc1ccn(C2CC(F)C(CO)O2)c(=O)n1,-1.18
Nc1ccn([C@H]2CC[C@@H](CO)O2)c(=O)n1,-0.4416
Nc1ccn(C2CCC(CO)O2)c(=O)n1,-0.43
COc1ccc([C@@H]2Sc3ccccc3N(CCN(C)C)C(=O)[C@@H]2OC(C)=O)cc1,-3.16
COc1ccc(C2Sc3ccccc3N(CCN(C)C)C(=O)C2OC(C)=O)cc1,-2.95
CN1C(C)(C)CC(OC(=O)CCCCCCCCC(=O)OC2CC(C)(C)N(C)C(C)(C)C2)CC1(C)C.COC(=O)CCCCCCCCC(=O)OC1CC(C)(C)N(C)C(C)(C)C1,-4.6112212345
CC(C)c1cc(OP(=O)(Oc2ccccc2)Oc2ccccc2)cc(-c2ccccc2)c1,-6.8485
CC(=O)N1CCN(c2ccc(O)cc2)CC1,-1.817914488
O=C1c2ccccc2C(=O)C1C(=O)C(c1ccccc1)c1ccc(Cl)cc1,-3.5738
O=C([O-])c1ccc[n+](-c2nc(NCCNc3ccc4c(c3S(=O)(=O)[O-])Oc3c(Cl)c5c(c(Cl)c3=N4)Oc3c(ccc(NCCNc4nc(Nc6cc(S(=O)(=O)[O-])ccc6S(=O)(=O)[O-])nc(-[n+]6cccc(C(=O)[O-])c6)n4)c3S(=O)(=O)[O-])N=5)nc(Nc3cc(S(=O)(=O)[O-])ccc3S(=O)(=O)[O-])n2)c1.[Na+].[Na+].[Na+].[Na+].[Na+].[Na+],-0.9522048024
O=S(=O)(O)c1ccccc1N=C1C=CC(=C(c2ccc(Nc3ccccc3)cc2)c2ccc(Nc3ccccc3)cc2)C=C1,-8.3771050883
CSc1ccc(C(=O)c2cc(CC(=O)O)cc3ccoc23)cc1,-5.51
O=c1cnc2c(=O)[nH]cnc2[nH]1,-2.82
Nc1nc2[nH]c(=O)cnc2c(=O)[nH]1,-4.55
Cc1nc2c(=O)[nH]cnc2[nH]c1=O,-2.15
OC(Cn1ccnc1)c1ccc(Cl)cc1Cl,-3.2640078237
C=CCOC(Cn1ccnc1)c1ccc(Cl)cc1Cl,-3.2178
Cc1nc(NS(=O)(=O)c2ccc(N)cc2)oc1C,-2.22
CC1(C(=O)O)NCCc2cc(O)c(O)cc21,-0.75
O=S(=O)(Nc1cccnc1Cl)c1ccccc1,-3.76
CC(=O)Nc1ccncc1NS(=O)(=O)c1ccc([N+](=O)[O-])cc1,-3.39
Nc1ccc(S(=O)(=O)Nc2ccc(I)nc2)cc1,-1.81
CCC(CC)c1cccc(OC(=O)NC)c1.CCCC(C)c1cccc(OC(=O)NC)c1,-3.947
CNc1ccc(O)cc1.CNc1ccc(O)cc1.O=S(=O)(O)O,-0.838079267
O=C([O-])c1ccccc1.O=C([O-])c1ccccc1.[Zn+2],-1.8168417251
CCCC[C@@H](CC)COC(=O)/C=C/c1ccc(OC)cc1.CCCC[C@H](CC)COC(=O)/C=C/c1ccc(OC)cc1,-6.4216084134
COC(=O)c1c(Cl)c(Cl)c(Cl)c(Cl)c1C#N.C[O-].Cc1c(N)cccc1N.[Na+],-7.1716670448
COC(=O)c1c(Cl)c(Cl)c(Cl)c(Cl)c1C#N.C[O-].Nc1ccc(N)cc1.[Na+],-6.3058678101
CCOP(=O)([O-])Cc1cc(C(C)(C)C)c(O)c(C(C)(C)C)c1.CCOP(=O)([O-])Cc1cc(C(C)(C)C)c(O)c(C(C)(C)C)c1.[Ca+2],-2.4616735699000003
Brc1cccc(Nc2ncnc3cc4[nH]ncc4cc23)c1,-3.96
Cn1ncc2cc3c(Nc4cccc(Br)c4)ncnc3cc21,-3.48
O=C1OCCC1N(C(=O)C1CC1)c1cccc(Cl)c1,-2.6878
O=[N+]([O-])c1cc(S(=O)(=O)Nc2ccccc2)ccc1Nc1ccccc1,-6.269
O=c1oc(-c2ccc(-c3nc4ccccc4c(=O)o3)cc2)nc2ccccc12,-6.5170402935
Cc1ccc(Cn2cc(F)c(=O)[nH]c2=O)cc1,-2.92
O=c1[nH]c(=O)n(Cc2ccc(Cl)cc2Cl)cc1F,-3.94
O=c1[nH]c(=O)n(Cc2ccc(Cl)cc2)cc1F,-3.49
COc1ccc(Cn2cc(F)c(=O)[nH]c2=O)cc1,-2.75
O=c1[nH]c(=O)n(Cc2ccccc2)cc1F,-2.65
Cc1cn(Cc2ccccc2)c(=O)[nH]c1=O,-2.2558
NS(=O)(=O)c1ccc(Nc2ccnc(NS(=O)(=O)Cc3ccccc3)n2)cc1,-2.7
O=c1ncnc2[nH][nH]cc1-2,-2.3788
Nc1ccc(S(=O)(=O)Nc2ccn(Cc3ccccc3)c(=O)n2)cc1,-4.8
O=C([O-])c1ccccc1-c1c2cc(Br)c(=O)cc-2oc2c(C3=CC=C[Hg]3)c([O-])c(Br)cc12.[Na+].[Na+],-4.5936830655000005
C[C@H]1CCC2(O)C(C)(C)C3CC[C@@]2(C)C1C3,-3.7259038203
CCOCCCNS(=O)(=O)c1ccc(Oc2cc(O)c3c(c2N)C(=O)c2ccccc2C3=O)cc1,-4.7874700957
Nc1c(Oc2ccccc2)cc(O)c2c1C(=O)c1ccccc1C2=O,-4.2192268325
CC1CC(OC(=O)c2ccccc2)CC(C)(C)N1,-1.922
C1=CC[C@@H](c2cccnc2)NC1,0.7953
O=C(C1CCCC1)N(O)C1CCCCC1,-3.16
Nc1ccc(N=Nc2ccc(N=Nc3c(S(=O)(=O)[O-])cc4c(c3N)C(=O)/C(=N/Nc3ccccc3)C(S(=O)(=O)[O-])=C4)cc2)c(N)c1.[Na+].[Na+],-0.827397585
c1ccc(COCc2ccccc2)cc1,-3.695
CN1COCN=C1N[N+](=O)[O-],-1.0022923277
CC(=O)c1cc2c(cc1C)C(C)(C)C(C)CC2(C)C,-5.3154
CC(C)(C)NCC(O)COc1cccc2c1C[C@H](O)[C@H](O)C2,-1.5699
CC(C)(C)NCC(O)COc1cccc2c1CC(O)C(O)C2,-1.01
Oc1ccc2c(c1)CCCC2,-1.9948
COc1ccc2c(c1)CCCC2,-2.7477385243
c1ccc2c(c1)CCCC2,-3.5673681389
O=C1CC(c2ccc(O)c(O)c2)Oc2cc(O)cc(O)c21,-3.62
O=C1C[C@@H](c2ccc(O)c(O)c2)Oc2cc(O)cc(O)c21,-3.6147
COc1cc(O)c(CC=C(C)C)c2c1C(=O)CC(c1ccc(O)cc1)O2,-5.44
O=C(CC(C(=O)OC1CCCCC1)S(=O)(=O)[O-])OC1CCCCC1.[Na+],-0.7147015973999999
CNC(=O)O/N=C/C1(C)SCC(C)S1,-2.3698
CC1(C)SCC(COC(N)=O)S1,-2.22
C1CCNC1,1.15
O=NN1CCCC1,0.9995
O=C(O)C1CC(O)CN1,0.4399221153
O=C(O)C1CCCN1,1.1291356492
CC(=O)N1C[C@@H](O)C[C@H]1C(=O)[O-],0.3449927217
CCCCCCCCCCCCCCCC(=O)O[C@@H]1C[C@@H](C(=O)O)N(C(=O)CCCCCCCCCCCCCCC)C1,-5.7838757207
Nc1nc(=O)c2[nH]c(=O)c(=O)[nH]c2[nH]1,-5.1655
N=C(N)c1ccc(CCc2ccc(C(=N)N)o2)o1,-1.02
O=S(=O)(c1ccccc1)N1CCCCC1,-2.5365
Cc1nn(-c2ccccc2)c([O-])c1N=Nc1cc(Cl)c(S(N)(=O)=O)cc1[O-].Cc1nn(-c2ccccc2)c([O-])c1N=Nc1cc(Cl)c(S(N)(=O)=O)cc1[O-].[Cr+3].[Na+],-2.6924708965
O=c1ccc2ccccc2[nH]1,-2.1394
COc1ccc2[nH]c(=O)cc(C(=O)[O-])c2c1,-3.1104
Cn1c(=O)ccc2ccccc21,-1.0466
COc1ccc2c(c1)c(CC(=O)O)c(C)n2C(=O)c1ccc(Cl)cc1,-4.77
CC(=O)OC[C@H]1O[C@H](O[C@]2(COC(C)=O)O[C@H](COC(=O)C(C)C)[C@@H](OC(=O)C(C)C)[C@@H]2OC(=O)C(C)C)[C@H](OC(=O)C(C)C)[C@@H](OC(=O)C(C)C)[C@@H]1OC(=O)C(C)C,-6.0735348087
OCC1OC(OC2(CO)OC(CO)C(O)C2O)C(O)C(O)C1O,0.79
OC[C@H]1O[C@H](O[C@]2(CO)O[C@H](CO)[C@@H](O)[C@@H]2O)[C@H](O)[C@@H](O)[C@@H]1O,0.7878
CC(=O)OC[C@H]1O[C@H](O[C@]2(COC(C)=O)O[C@H](COC(C)=O)[C@@H](OC(C)=O)[C@@H]2OC(C)=O)[C@H](OC(C)=O)[C@@H](OC(C)=O)[C@@H]1OC(C)=O,-2.8726
O=C1C(S(=O)(=O)[O-])=Cc2cc(Nc3ccccc3)ccc2/C1=N/Nc1ccc(N=Nc2ccc(N=Nc3cc(S(=O)(=O)[O-])ccc3S(=O)(=O)[O-])c3ccc(S(=O)(=O)[O-])cc23)c2ccccc12.[Na+].[Na+].[Na+].[Na+],-2.0236334836000003
CC(=O)C1C(=O)C=C(C)OC1=O,-1.226
CC1=CC(=O)CC(=O)O1,-1.1185
Cc1cc(C(C)(C)C)c(OP2OCC3(CO2)COP(Oc2c(C(C)(C)C)cc(C)cc2C(C)(C)C)OC3)c(C(C)(C)C)c1,-7.801238331
CC(C)(C)c1ccc(O[P@]2OCC3(CO[P@@](Oc4ccc(C(C)(C)C)cc4C(C)(C)C)OC3)CO2)c(C(C)(C)C)c1,-6.813060611
O=C1/C(=C2/Nc3ccccc3C2=O)Nc2ccccc21,-6.7197753001
Cc1cc(C)c(Nc2cc(S(=O)(=O)[O-])c(N)c3c2C(=O)c2ccccc2C3=O)c(C)c1CNC(=O)c1ccccc1.[Na+],-1.4396051212999998
CC1(C)CN=C(NN=C(/C=C/c2ccc(C(F)(F)F)cc2)/C=C/c2ccc(C(F)(F)F)cc2)NC1,-7.916
Cc1cc(C(=O)NNCc2ccccc2)no1,-2.46
O=C1NC(=O)C(c2ccccc2)(c2ccccc2)C(=O)N1,-4.2
O=C(OCC1CO1)c1ccc(C(=O)OCC2CO2)c(C(=O)OCC2CO2)c1,-2.7622964758
OC(CCN1CCCC1)(c1ccccc1)C1CCCCC1,-4.7
CC12CCC(=O)C=C1C=CC1C2CCC2(C)C1CCC21CCC(=O)O1,-4.1007061575
O=C(O)c1ccc(NC(=O)c2cccnc2)cc1,-3.0832
O=C(Nc1ccccc1)c1cccnc1,-3.093
COc1cc(NS(=O)(=O)c2ccc(C)cc2)c2c(c1N)C(=O)c1ccccc1C2=O,-5.1125700507
COc1cc(NS(=O)(=O)c2ccccc2)c2c(c1N)C(=O)c1ccccc1C2=O,-2.3558504459000003
O=S(=O)(C1CCCCC1)C1CCCCC1,-2.06
COc1ccc(C[C@@H]2NC[C@@H](O)[C@@H]2OC(C)=O)cc1,-1.6075
COc1ccc(CC2NCC(O)C2OC(C)=O)cc1,-1.61
CCN(CC)c1ccc(C(c2ccc(N(CC)CC)cc2)c2c(S(=O)(=O)O)ccc3ccc(S(=O)(=O)O)cc23)cc1,-0.6984761494
CC(=O)C1(C)CC2=C(CCCC2(C)C)CC1C,-4.9417913147000005
O=C1C=Cc2ccccc2/C1=N/Nc1ccc(N=Nc2ccc(S(=O)(=O)O)cc2)cc1.[Na+],-4.65844166
Nc1nc(=O)c2[nH]c(=O)cnc2[nH]1,-3.86
O=C1C2CC=CCC2C(=O)N1SC(Cl)(Cl)C(Cl)Cl,-5.3968
O=C1NC(=O)C2CC=CCC12,-1.0930914177
O=C1C2CC=CCC2C(=O)N1SC(Cl)(Cl)Cl,-4.7704
Cc1ccc(-c2nc3ccc(C)cn3c2CC(=O)N(C)C)cc1,-1.3
CC(C)C1OCC2(CO1)COC(C(C)C)OC2,-3.11
c1ccc(OCC2CO2)cc1,-1.7963921827
CC(C)(C)c1ccc(OCC2CO2)cc1,-3.4302388798
Cc1ccccc1OCC1CO1,-2.2911044462
Cc1cc(C)c(S(=O)(=O)NC2CCCCC2)c(C)c1Nc1ccc(Nc2c(C)cc(C)c(S(=O)(=O)NC3CCCCC3)c2C)c2c1C(=O)c1ccccc1C2=O,-4.8187034651
CCOC(=O)C(C#N)=C(c1ccccc1)c1ccccc1,-7.7440158853
C=C(c1ccccc1)c1ccccc1,-4.4363
CCCCC(CC)COC(=O)C(C#N)=C(c1ccccc1)c1ccccc1,-6.5580902807
ClC(Cl)=C(c1ccc(Cl)cc1)c1ccc(Cl)cc1,-6.9004
ClC(Cl)=C(c1ccc(Cl)cc1)c1ccccc1Cl,-6.3563
CCOC(=O)C(CC(=O)O)=C(c1ccccc1)c1ccccc1,-2.1908
CCCCCCCCCCCCNc1nc(Cl)nc(Nc2ccc3c(O)c(N=Nc4ccc(N=Nc5ccc(S(=O)(=O)[O-])cc5)cc4)c(S(=O)(=O)[O-])cc3c2)n1.[Na+].[Na+],-3.358911212
CCOC(=O)C1CCn2c(C(=O)c3ccccc3)ccc21,-4.2
CN(C)C(=O)COC(=O)C1CCn2c(C(=O)c3ccccc3)ccc21,-3.03
O=C(c1ccccc1)c1ccc2n1CCC2C(=O)O,-3.26
O=C(OCC(=O)N1CCOCC1)c1ccccc1,-1.7734
CC(=O)Oc1ccccc1C(=O)OCC(=O)N1CCOCC1,-1.8
O=C([O-])c1cc(S(=O)(=O)[O-])ccc1NN/C(=N\Nc1cc(S(=O)(=O)[O-])cc([N-]c2nc(Cl)nc(N=C3C=C(S(=O)(=O)[O-])C(=Nc4nc(Cl)nc(Nc5cccc(S(=O)(=O)[O-])c5)n4)C=C3S(=O)(=O)[O-])n2)c1[O-])c1ccccc1.[Cu+2].[H+].[Na+].[Na+].[Na+].[Na+].[Na+],-0.8254112341
O=c1nc[nH]c2nccnc12,-1.4716
CC(O)C(O)c1cnc2[nH]c(N)nc(=O)c2n1,-2.5301
Nc1nc(=O)c2nccnc2[nH]1,-3.97
Cc1cccc(Cc2ccccc2)c1Cc1ccccc1,-7.179920248999999
CC1=C(C#N)C(=O)N(C)C(=O)/C1=N\Nc1cccc(OS(=O)(=O)c2ccccc2)c1,-8.782716219400001
CCCCc1ccc2cc3ccc4ccccc4c3cc2c1,-7.52
CCc1c2ccccc2cc2c1ccc1ccccc12,-6.796
Cc1c2cc(Cl)ccc2cc2c1ccc1ccccc12,-7.44
Cc1c2ccccc2cc2c1cc(F)c1ccccc12,-7.31
Cc1cccc2ccc3cc4ccccc4cc3c12,-6.644
Cc1ccc2cc3ccc4ccccc4c3cc2c1,-6.644
Cc1ccc2cc3c(ccc4ccccc43)cc2c1,-6.8162
Cc1cccc2c1c(C)cc1cc3ccccc3cc12,-7.9743
c1ccc2cc3c(ccc4ccccc43)cc2c1,-7.3854
Cc1c2ccccc2cc2c1c(F)cc1ccccc12,-7.31
Cc1c2ccccc2cc2c1ccc1ccccc12,-7.343
Cc1c2ccccc2c(C)c2c1ccc1ccccc12,-6.78
CCCCCc1c2ccccc2cc2c1ccc1ccccc12,-8.57
CCCCc1c2ccccc2cc2ccc3ccccc3c12,-7.5245
Cc1c2ccccc2cc2ccc3ccccc3c12,-6.5648
O=C1NC(=O)C2C=CC=CC12,-2.932
OCCN1CCN(CCCN2c3ccccc3Sc3ccc(Cl)cc32)CC1,-4.1546
OCCN1CCN(CCCN2c3ccccc3Sc3ccc(C(F)(F)F)cc32)CC1,-4.1488
CC(=O)OCCN1CCN(CCCN2c3ccccc3Sc3ccc(Cl)cc32)CC1,-4.7
CN1CCN(CCCN2c3ccccc3Sc3ccc(C(F)(F)F)cc32)CC1,-4.5238
CN1CCN(CCCN2c3ccccc3Sc3ccc(Cl)cc32)CC1,-4.3979
COc1ccc2cc(C(C)C(=O)OC3CCCCC3O)ccc2c1,-5.07
CN(c1ccccc1)S(=O)(=O)C1=CC(=O)C2=C(NNc3ccc(NC(=O)CCl)cc3S(=O)(=O)[O-])C(=N)C=CC2=C1.[Na+],-4.3588570696
O=C(OC1CCCCC1)c1ccccc1C(=O)OC1CCCCC1,-5.5126055421
Cc1ccccc1NC(=O)C1=Cc2ccccc2/C(=N\Nc2cc(Cl)c(Cl)cc2Cl)C1=O,-7.69430966
CCOc1ccccc1NC(=O)C1=Cc2ccccc2/C(=N\Nc2ccc(C(N)=O)cc2)C1=O,-7.5819735484000015
Cc1ccc([N+](=O)[O-])cc1N/N=C1\C(=O)C(C(=O)Nc2ccccc2)=Cc2ccccc21,-7.5579677799
Cc1ccccc1NC(=O)C1=Cc2ccccc2/C(=N/Nc2ccc(Cl)cc2[N+](=O)[O-])C1=O,-7.5632144901
COc1ccccc1NC(=O)C1=Cc2ccccc2/C(=N/Nc2ccc(C(N)=O)cc2)C1=O,-8.1667842337
Cc1cc([N+](=O)[O-])ccc1N/N=C1\C(=O)C(C(=O)Nc2ccccc2C)=Cc2ccccc21,-7.981147656799999
CCN(CC)S(=O)(=O)c1ccc(OC)c(N/N=C2/C(=O)C(C(=O)Nc3cc(Cl)c(OC)cc3OC)=Cc3ccccc32)c1,-7.9052553562
CC(=O)Nc1ccc(NC(=O)C2=Cc3ccccc3/C(=N/Nc3cc(C(N)=O)ccc3Cl)C2=O)cc1,-7.304443806799999
COc1ccccc1NC(=O)C1=Cc2ccccc2/C(=N\Nc2cc(Cl)ccc2Cl)C1=O,-8.4645677849
O=C(Nc1ccccc1)C1=Cc2ccccc2/C(=N\Nc2cc(Cl)ccc2Cl)C1=O,-7.9073894624
CC12CC(O)C3C(CCC4CC(O)CCC43C)C1CCC2=O,-3.59
CC12CCC3C(CCC4CCCCC43C)C1CCC2=O,-6.7
CC12CCC3C(CCC4CC(O)CCC43C)C1CCC2=O,-4.4
CC12CC(O)C3C(CCC4C[C@@H](O)CCC43C)C1CCC2=O,-3.5932
C[C@]12CC[C@H]3[C@@H](CC[C@H]4C[C@@H](O)CC[C@@]43C)[C@@H]1CCC2=O,-4.1577
C[C@]12CC[C@H]3[C@@H](CC[C@H]4C[C@H](O)CC[C@@]43C)[C@@H]1CCC2=O,-4.402
O=c1[nH]c(=O)c2[nH]c(=O)c(=O)[nH]c2[nH]1,-4.06
O=C(Nc1ccccc1)C(O)(O)C(=O)Nc1ccccc1,-2.4568
Cc1ccc(NC(=O)C(O)(O)C(=O)Nc2ccc(C)cc2)cc1,-3.1
[Cl-].[Cl-].[Pd+2].c1ccc(P(c2ccccc2)c2ccccc2)cc1.c1ccc(P(c2ccccc2)c2ccccc2)cc1,-7.0267374942
CC1=Nn2c(nc3ccccc3c2=O)/C1=N/Nc1ccc(Cl)cc1[N+](=O)[O-],-7.5829344883
CC[C@@]12CCCN3CC[C@]4(c5cccc(OC)c5N(C(C)=O)[C@@H]4CC1)[C@H]32,-1.3269
CCOP(=S)(OCC)SCn1c(=O)oc2cc(Cl)ccc21,-5.0813
O=C(O)CCC(=O)OCn1c(=O)oc2ccc(Cl)cc21,-3.41
O=c1oc2ccc(Cl)cc2n1CO,-2.7
CCOP(=S)(OCC)SCn1c(=O)oc2ccccc21,-5.1905
O=c1[nH]c2cc(Cl)ccc2o1,-2.66
O=S(=O)(O)c1cccc2cc(Nc3ccccc3)cc(Nc3ccccc3)c12,-4.6725029066
C/C=C(C(=C/C)/c1ccc(O)cc1)\c1ccc(O)cc1,-4.948
CC=C(C(=CC)c1ccc(O)cc1)c1ccc(O)cc1,-4.95
Nc1ccc(N=Nc2ccc(N=Nc3ccc(N/N=C4/C(=O)c5ccc(NC(=O)c6ccccc6)cc5C=C4S(=O)(=O)[O-])c4ccc(S(=O)(=O)[O-])cc34)c3ccc(S(=O)(=O)[O-])cc23)cc1S(=O)(=O)[O-].[Na+].[Na+].[Na+].[Na+],-2.3935953584
Cc1ccccc1N1C(=O)c2cc(S(N)(=O)=O)c(Cl)cc2NC1C,-3.783
O=S(=O)(NS(=O)(=O)c1ccc(Cl)cc1)c1ccc(Cl)cc1,-2.48
CC1CO1,0.8325704879000001
CCC(C)(CCC(C)C)C(=O)OCC1CO1,-3.5134687407
CCCC1OC1(CC)C(N)=O,-1.1745
CC1(C)CO1,-0.0945494336
CCCC1CO1,-0.57344678
C[N+](C)(C)CC1CO1.[Cl-],0.749634411
CC(C)N.CCCCOCC1CO1.FB(F)F,-0.5379542498
C1CO1,1.356
ClCC1CO1,-0.1473736792
C[C@H]1CO1,0.8380333836
CCCCOCC1CO1,-0.8135
C=CCOCC1CO1,0.049756882
C=C(C)C(=O)OCC1CO1,-0.4537890803
CCCCCCCCCCCCCCC1CO1,-6.6820204584
CC1(CCl)CO1,-0.5504
C[C@@H]1CO1,0.8380333836
COCCOCCO[Si](CCCOCC1CO1)(OCCOCCOC)OCCOCCOC,1.5823133383
CCCCCCCCCCC1CO1,-5.923156849500001
CCCCCCCCCCCCC1CO1,-5.9846848009
CC1OC1C,0.3972950779
ClCC1CO1.OCC#CCO,0.7778715429
CCCCC(CC)COCC1CO1,-3.1148651615
OCC1CO1,1.1303
CCC1CO1,0.080542298
O=CC1CO1,1.1423
CC(=O)C1(C)CO1,0.3797
Cc1c(Cl)cc(-c2ccc(=O)[nH]n2)cc1Cl,-5.5375
Cc1ccc(S(=O)(=O)Oc2ccc(N=Nc3ccc(N=Nc4ccc(Nc5ccc([N+](=O)[O-])cc5S(=O)(=O)[O-])cc4)c4ccc(S(=O)(=O)[O-])cc34)cc2)cc1.[Na+].[Na+],-1.5709847474
CC(C)OC(=O)C1(S(=O)(=O)c2ccc(Cl)cc2)CCCC1,-4.6498
COC(=O)C1(S(=O)(=O)c2ccccc2)CCCC1,-2.5501
COC(=O)C1(S(=O)(=O)c2ccc(Br)cc2)CCCC1,-4.0104
Cc1ccc(S(=O)(=O)C2(C(=O)OC(C)C)CCCC2)cc1,-3.91
C1CCCC1.CCCCC.CCc1ccccc1.Cc1cccc(C)c1.Cc1ccccc1,-3.1729559438
O=[N+]([O-])c1cc2cccnc2c2ncccc12,-3.9172
Cc1ccnc2c1ccc1c(C)ccnc12,-3.9686
Cc1cnc2c(ccc3c(C)c(C)cnc32)c1C,-5.1939
c1cnc2c(c1)ccc1cccnc12,-1.826
O=[N+]([O-])c1ccc2c3c(cccc13)-c1ccccc1-2,-7.1031
c1ccc2c(c1)-c1cccc3cccc-2c13,-5.93
NC(=Nc1ccc(N)cc1)N1Cc2cccc3cccc(c23)C1,-1.83
O=C(O)c1cccc2cccc(-c3cccc4cccc(C(=O)O)c34)c12,-2.2334403365
COc1ccc2cc(C(C)C(=O)OCCOC(=O)CN3CCOCC3)ccc2c1,-4.3
O=C1c2ccccc2C(=O)c2c1ccc1[nH]c(-c3cc(Cl)c(-c4nc5c6c(ccc5[nH]4)C(=O)c4ccccc4C6=O)cc3Cl)nc21,-4.524775941100001
c1cnoc1,0.3827
CN(C)C(=O)Nc1cc(C(C)(C)C)on1,-2.4272
Cc1oncc1C(=O)[O-],-1.0553611102
C=CC1CN2CCC1C(C(O)c1ccnc3ccc(OC)cc13)C2,-3.36
CC1CCCCC1NC(=O)Nc1ccccc1,-4.1108
c1ccc(CCOC2CCCCC2)cc1,-2.4180900548
c1ccnnc1,1.0964
CCN(CC)C(=O)CSc1ccc(Cl)nn1,-1.7156
S=c1[nH]c2ccccc2o1,-2.1795
O=C(Cc1ccccc1)c1ccc(O)cc1,-1.5008
Nc1ccc(CC(=O)c2ccccc2)cc1,-1.805
O=C(c1ccccc1)C(O)c1ccccc1,-2.8497223519
O=C(O)c1ccccc1CC(=O)c1ccccc1C(=O)O,-2.7910000000000004
CC1=CCCN1C,0.1265
O=C1CSC(=S)N1,-1.7723
COc1cccc(N(C)C(=S)Oc2cccc(C(C)(C)C)c2)n1,-6.013999999999999
O=S(=O)([O-])c1cc(Nc2nc(Nc3ccccc3)nc(N3CCOCC3)n2)ccc1/C=C/c1ccc(Nc2nc(Nc3ccccc3)nc(N3CCOCC3)n2)cc1S(=O)(=O)[O-].[Na+].[Na+],-2.710838239
O=C(OCC(=O)N1CCCC1)c1ccccc1,-1.57
NC(=O)C1CCCN1C(=O)COC(=O)c1ccccc1,-2.27
O=C(OCC(=O)N1CCCC1C(=O)O)c1ccccc1,-1.59
COC(=O)C1CCCN1C(=O)COC(=O)c1ccccc1,-2.08
O=C(OCC(=O)N1CCC[C@H]1C(=O)O)c1ccccc1,-1.5917
COC(=O)[C@@H]1CCCN1C(=O)COC(=O)c1ccccc1,-2.0841
O=C(Nc1ccc2c(O)c(N=Nc3ccccc3)c(S(=O)(=O)[O-])cc2c1)Nc1ccc2c(O)c(N=Nc3ccccc3)c(S(=O)(=O)[O-])cc2c1.[Na+].[Na+],-1.8872466915
CCCCN(c1nc(NCCCN(CCN(CCCNc2nc(N(CCCC)C3CC(C)(C)N(C)C(C)(C)C3)nc(N(CCCC)C3CC(C)(C)N(C)C(C)(C)C3)n2)c2nc(N(CCCC)C3CC(C)(C)N(C)C(C)(C)C3)nc(N(CCCC)C3CC(C)(C)N(C)C(C)(C)C3)n2)c2nc(N(CCCC)C3CC(C)(C)N(C)C(C)(C)C3)nc(N(CCCC)C3CC(C)(C)N(C)C(C)(C)C3)n2)nc(N(CCCC)C2CC(C)(C)N(C)C(C)(C)C2)n1)C1CC(C)(C)N(C)C(C)(C)C1,-5.3590146681
N#CC(CCc1ccc(Cl)cc1)(Cn1cncn1)c1ccccc1,-6.2264
O=C(Nc1cccc2c(=O)c3c(ccc4c5cc(NC(=O)c6ccccc6)c6c(=O)c7ccccc7c(=O)c6c5[nH]c43)c(=O)c12)c1ccccc1,-5.647161854
CCCCCCCCCCCC[n+]1ccccc1.[Cl-],-0.4539105371
[O-][n+]1ccccc1,1.0218
Cc1cc(C)c[n+]([O-])c1,0.9095
C[n+]1ccccc1.[Cl-],0.4201828890999999
Cc1cc[n+]([O-])cc1,0.9621
CN(C)c1cc[nH+]cc1,-0.2062
O=C(O)c1cc[n+]([O-])cc1,-1.102
CCCCCCCCCCCCCCCC[n+]1ccccc1.[Cl-],-0.4861495515
Nc1ccc(N=Nc2ccccc2)c(N)n1,-4.24
Nc1ccc(/N=N/c2ccccc2)c(N)n1,-4.19
C1=C\CC/C=C\CC/1,-2.9659771733
NS(=O)(=O)c1cc(C2(O)NC(=O)c3ccccc32)ccc1Cl,-3.4507
CC(C)(COC(=O)c1ccccc1)COC(=O)c1ccccc1,-5.4227803586
c1ccc(CNCCNCc2ccccc2)cc1,-1.7865
CC(=O)OC(C)(C)C1CC=C(C)CC1.CC12CCC(CC1)C(C)(C)O2,-3.0213590642000003
NC(=O)[C@@H]1CCC[NH2+]1,0.7853597575
CC[N+]1(C)CCCC1.[Br-],1.4101871429
COc1ccc(C(=O)Nc2ccccc2)cc1N/N=C1\C(=O)C(C(=O)Nc2cc(Cl)ccc2OC)=Cc2ccccc21,-8.1844134651
COc1cc(OC)c(NC(=O)C2=Cc3ccccc3/C(=N\Nc3cc(C(=O)Nc4ccc(C(N)=O)cc4)ccc3OC)C2=O)cc1Cl,-7.8662401992
COc1cc(NC(=O)C2=Cc3ccccc3/C(=N/Nc3cc(C(=O)Nc4ccccc4)ccc3OC)C2=O)c(OC)cc1Cl,-7.8465603387
COc1ccc(C(=O)Nc2ccccc2)cc1N/N=C1\C(=O)C(C(=O)Nc2cc(Cl)ccc2C)=Cc2ccccc21,-7.7520707385
COC(=O)c1ccc(C(=O)Nc2cc(Cl)ccc2Cl)cc1N/N=C1\C(=O)C(C(=O)Nc2ccccc2OC)=Cc2ccccc21,-8.1750686223
CC1=Nc2ccc(C(=O)O)cc2C1(C)C,-2.6625890537
CC1CC(C)(c2ccccc2)CO1,-2.4332379452
CC1COC(=O)O1,0.371232292
O=C1OCCO1,0.9461910524
O=C1OCC(CO)O1,0.9277942328
O=C(O)c1ccccc1C(=O)OCCOC(=O)c1ccccc1C(=O)O,-2.83
O=C(OCCOC(=O)c1ccccc1)c1ccccc1,-5.0700925015
CC(COC(=O)c1ccccc1)OC(=O)c1ccccc1,-4.5673029377
CC1=CCC2C(C1)C2(C)C,-4.6704052705
CN1CCN(C(c2ccccc2)c2ccccc2)CC1,-2.4255
O=S(=O)([O-])c1cc(S(=O)(=O)[O-])c2cc(NS(=O)(=O)c3cccc(N=Nc4ccc(N=Nc5c(O)ccc6ccccc56)cc4)c3)ccc2c1.[K+].[Na+],-1.2096462437
O=c1c(C2CCCc3ccccc32)c(O)oc2ccccc12,-4.8638
CC(=O)/C(=N\Nc1cc([N+](=O)[O-])cc(S(=O)(=O)[O-])c1[O-])C(=O)[N-]c1ccccc1.CCCCC(CC)COCCCN.[Cr+3].[H+].[OH-],-3.5425873869
CC1=NN(c2ccc(S(=O)(=O)O)cc2)C(=O)C1,-1.6926402974
CCC1(CC)C(=O)N(c2ccccc2)N=C1OC(C)=O,-3.54
CC1=NN(c2cccc(S(=O)(=O)O)c2)C(=O)C1,-1.7718215434
CC1=NN(c2ccccc2)C(=O)C1,-1.9250852844
CCOC(=O)C1=NN(c2ccccc2)C(=O)C1,-3.2553454425
CC1=NN(c2ccc(C)cc2)C(=O)C1,-2.365667988
O=C(O)c1cc(Br)nn1-c1ncccc1Cl,-1.4489346424
C=O.ClCC1CO1.Oc1ccccc1,-4.0347567611
CC([NH3+])c1ccccc1.C[C@@H]1O[C@@H]1P(=O)([O-])O.O,-0.5941393378000001
C=O.CC1CO1.CCCCCCCCCc1ccccc1O.OCCNCCO,-1.4630694907
Cc1ccc2[nH]c(=O)c(=O)[nH]c2c1,-3.0418
O=c1[nH]c2ccccc2[nH]c1=O,-2.812
CC1CCCC(=NO)C1=NO,-1.5916
CC(C)C1CCC(=NO)C(=NO)C1,-2.3903
CC1CCC(C)C(=NO)C1=NO,-1.32
CC(C)(C)CC(C)(C)C1CCC(=N/O)/C(=N\O)C1,-6.41
CCC1CCC(=NO)C(=NO)C1,-1.83
CCC(C)(C)C1CCC(=NO)C(=NO)C1,-3.9652
O=C1NC(=O)C(c2ccc(O)cc2)N1,-2.1731049195
CCC1(c2ccccc2)NC(=O)NC1=O,-2.64
CCCCCCCCCCCCCCCCCCCCCCCCCCCCCCCCCCCCC(CCCC)(CCCC)CCCCCCCCCCCCCCCC(CCCC)(CCCC)CCCCC.CCCCCCCCCCCCCCCCCCCCCCCCCCCCCCCCCCCCCCCCCCCCCCCCCCCCCCCCCCCCCCCCCCCCCCCCCC.CCCc1cc(C)cc(C)c1.c1ccc(-c2ccccc2)cc1.c1ccc2cc3ccccc3cc2c1,-6.8063026109
COc1cc2ncnc(N3CCN(C(=S)NCc4ccco4)CC3)c2cc1OC,-5.63
ClC1=C(Cl)C2(Cl)C3C4C=CC(C4)C3C1(Cl)C2(Cl)Cl,-6.31
ClC1=C(Cl)C(Cl)(C2(Cl)C(Cl)=C(Cl)C(Cl)=C2Cl)C(Cl)=C1Cl,-7.2784
C1CC2C3CC(C2C1)C1(CCCO1)C3,-5.941561120199999
COC(=O)C1(S(=O)(=O)c2ccc(C)cc2)CC1,-2.8803
CCOC(=O)C1(S(=O)(=O)c2ccc(C)cc2)CC1,-3.0104
COC(=O)C1(S(=O)(=O)c2ccccc2)CC1,-2.2601
Cc1ccc(S(=O)(=O)C2(C(=O)OC(C)C)CC2)cc1,-3.2307
COC(=O)C1(S(=O)(=O)c2ccc(Cl)cc2)CC1,-3.3086
CC(C)OC(=O)C1(S(=O)(=O)c2ccc(Cl)cc2)CC1,-3.5401
CC(C)(C)OC(=O)C1(S(=O)(=O)c2ccc(Cl)cc2)CC1,-4.1206
COC(=O)C1(S(=O)(=O)c2ccc(Br)cc2)CC1,-3.6703
COC(=O)C1(S(=O)(=O)c2ccc([N+](=O)[O-])cc2)CC1,-3.3797
CC(C)OC(=O)C1(S(=O)(=O)c2ccc([N+](=O)[O-])cc2)CC1,-4.2605
COC(=O)C1CC1S(=O)(=O)c1ccc([N+](=O)[O-])cc1,-3.38
Oc1cncc2cccnc12,-1.6576
c1ccc(CNC23OC4C5C6CC(C7C6C4C72)C53)cc1,-3.4
Cc1nc2n(c(=O)c1CCCl)CCCC2.Cl,0.57976692
CC12CC1(C)C(=O)N(c1cc(Cl)cc(Cl)c1)C2=O,-4.8003
C(=C/CSc1nnc(-c2ccccc2)c(-c2ccccc2)n1)\CSc1nnc(-c2ccccc2)c(-c2ccccc2)n1,-7.0251255547000016
C/C=C/CC(C)C(O)C1C(=O)NC(CC)C(=O)N(C)CC(=O)N(C)C(CC(C)C)C(=O)NC(C(C)C)C(=O)N(C)C(CC(C)C)C(=O)NC(C)C(=O)NC(C)C(=O)N(C)C(CC(C)C)C(=O)N(C)C(CC(C)C)C(=O)N(C)C(C(C)C)C(=O)N1C,-4.64
CCC(C)(CC)c1cc(NC(=O)c2c(OC)cccc2OC)on1,-5.3694
ClC1=C(Cl)C2(Cl)C3C4OC4C(Cl)C3C1(Cl)C2(Cl)Cl,-6.2893
COC(=O)c1ccccc1CS(=O)(=O)NC(=O)Nc1nc(OC)cc(OC)n1,-3.534
COC(=O)C(C)N(C(=O)Cc1ccccc1)c1c(C)cccc1C,-3.9442
CC(C)(c1ccc(Oc2ccc(N)cc2)cc1)c1ccc(Oc2ccc(N)cc2)cc1,-7.191727219600001
Cc1cccc2n[nH]nc12,-1.5169635388
c1ccc2n[nH]nc2c1,-0.7794
OC[C@H]1O[C@](O)(CO)[C@@H](O)[C@@H]1O[C@@H]1O[C@H](CO)[C@H](O)[C@H](O)[C@H]1O,0.3487
CCN(c1ccccc1)c1nc(Cl)nc(Nc2cc(S(=O)(=O)[O-])cc3c2C(=O)/C(=N/Nc2ccc4ccccc4c2S(=O)(=O)[O-])C(S(=O)(=O)[O-])=C3)n1.[Na+].[Na+].[Na+],-0.4592355493
O=C1/C(=N/Nc2ccc3c(S(=O)(=O)[O-])cccc3c2S(=O)(=O)[O-])C(S(=O)(=O)[O-])=Cc2cc(S(=O)(=O)[O-])cc(Nc3nc(Cl)nc(Nc4cccc(S(=O)(=O)CCOS(=O)(=O)[O-])c4)n3)c21.[Na+].[Na+].[Na+].[Na+].[Na+],-0.4108977358
COC(=O)c1ccccc1S(=O)(=O)NC(=O)Nc1nc(C)cc(C)n1,-3.1742
CCOC(=O)c1ccccc1S(=O)(=O)NC(=O)Nc1nc(Cl)cc(OC)n1,-4.58
COC(=O)c1ccccc1S(=O)(=O)NC(=O)Nc1nc(OC(F)F)cc(OC(F)F)n1,-5.152
O=C(c1ccco1)c1no[n+]([O-])c1C(=O)c1ccco1,-3.85
O=c1c2ccc3c4c(ccc(c24)c2nc4ccccc4n12)c(=O)n1c2ccccc2nc31,-7.7579945848
OCC[C@@H]1CCCC[NH2+]1,0.6427483546
CSc1nnc(C(C)(C)C)c(=O)n1N,-2.245
CCSc1nnc(C(C)(C)C)c(=O)n1N,-2.7353
CSc1nnc(C(C)(C)C)c(=O)n1/N=C/C(C)C,-4.4288
Cn1c(=O)cc2c3c(c(Br)ccc31)C(=O)c1ccccc1-2,-6.6804453214
COc1cc([N+](=O)[O-])c2c(c1OC)C(=O)OC2,-3.21
CC1(C)OC(=O)c2cc(C#N)ccc21,-2.91
COc1cc(Br)c2c(c1OC)C(=O)OC2,-3.9311
O=C1OCc2ccc(I)cc21,-3.2109
COc1ccc2c(c1OC)C(=O)OC2,-1.8903
O=C1OCc2c(Cl)c(Cl)c(Cl)c(Cl)c21,-5.0365
CC(=O)Nc1ccc2c(c1)C(=O)OC2,-2.6
O=C1OCc2ccc(Br)cc21,-2.6472
CC1(C)OC(=O)c2ccccc21,-1.8684
O=C1OCc2ccc(Cl)cc21,-2.4817
COc1cc(C#N)c2c(c1OC)C(=O)OC2,-3.48
Nc1ccc2c(c1)C(=O)OC2,-2.0414
CC1OC(=O)c2cc([N+](=O)[O-])ccc21,-2.6157
N#Cc1ccc2c(c1)C(=O)OC2,-2.7021
CCC1(CC)OC(=O)c2cc([N+](=O)[O-])ccc21,-3.66
CC1OC(=O)c2cc(N)ccc21,-1.7891
O=C1OCc2ccc([N+](=O)[O-])cc21,-2.6511
O=C1OCc2ccccc21,-0.8627210528
CC1(C)OC(=O)c2cc([N+](=O)[O-])ccc21,-3.0516
CCC1OC(=O)c2cc([N+](=O)[O-])ccc21,-2.55
CCC1OC(=O)c2cc(C#N)ccc21,-2.31
CCC1OC(=O)c2ccccc21,-1.747
COc1cc(N)c2c(c1OC)C(=O)OC2,-2.08
O=C1C=CC(=NNc2ccc(N=Nc3ccccc3)c3ccccc23)C=C1,-6.0092
COc1ccc([C@@H]2CC(=O)c3c(O)cc(O[C@@H]4O[C@H](CO[C@@H]5O[C@@H](C)[C@H](O)[C@@H](O)[C@H]5O)[C@@H](O)[C@H](O)[C@H]4O)cc3O2)cc1O,-5.0104856455
CN1C(=O)OC(C)(C)C1=O,-0.4568
CCC1(C)OC(=O)NC1=O,0.0203
c1ccc2[nH]ncc2c1,-2.1554
c1ccc2c(c1)Cc1c-2ccc2ccccc12,-6.678
NS(=O)(=O)c1cc(C(=O)c2ccc(CNCc3ccccc3)cc2)cs1,-3.37
c1ccc(Nc2cccc3ccccc23)cc1,-4.8638916314
CC(C)(C)CC(C)(C)N(c1ccccc1)c1cccc2ccccc12,-8.2900385416
Cc1ccc(S(=O)(=O)NC(=O)NC2CCCCC2)cc1,-4.207
CC(=O)c1ccc(S(=O)(=O)NC(=O)NC2CCCCC2)cc1,-2.06
CC(C)(C)c1cc(CCC(=O)OCCSCCOC(=O)CCc2cc(C(C)(C)C)c(O)c(C(C)(C)C)c2)cc(C(C)(C)C)c1O,-5.8081724723
OCC1OC2OC3C(CO)OC(OC4C(CO)OC(OC5C(CO)OC(OC6C(CO)OC(OC7C(CO)OC(OC8C(CO)OC(OC9C(CO)OC(OC1C(O)C2O)C(O)C9O)C(O)C8O)C(O)C7O)C(O)C6O)C(O)C5O)C(O)C4O)C(O)C3O,-0.75
c1coc(CNc2ncnc3[nH]cnc23)c1,-3.95
CC1CCCCCCCCCCCCC(=O)C1,-5.7438651202
Cc1ccccc1COC1CC2(C(C)C)CCC1(C)O2,-3.6391
O=c1c(CO)c/c(=N\Nc2ccc(S(=O)(=O)[O-])c3ccccc23)c(=O)/c1=N/Nc1ccc(S(=O)(=O)[O-])c2ccccc12.[Na+].[Na+],-0.8171647444
O=c1cc/c(=N\Nc2ccc(S(=O)(=O)[O-])c3ccccc23)c(=O)/c1=N/Nc1ccc(S(=O)(=O)[O-])c2ccccc12.[Na+].[Na+],-2.6038411441
CCN(CC)c1ccc2cc3c(oc2c1)c(C#N)c(=O)n1c2ccccc2nc31,-7.2023327624
O=C(COC(=O)c1ccccc1)NC1CCCCC1,-3.9
CN(C(=O)COC(=O)c1ccccc1)C1CCCCC1,-3.29
Cc1cc(=O)[nH]c(=S)[nH]1,-2.4259
Cc1c[nH]c(=S)[nH]c1=O,-2.4461
O=c1cc[nH]c(=S)[nH]1,-2.2573
CCOC(=O)c1c[nH]c(=S)[nH]c1=O,-2.0985
CCCc1cc(=O)[nH]c(=S)[nH]1,-2.1504
Cc1c(COC(=O)C2C(/C=C(\Cl)C(F)(F)F)C2(C)C)cccc1-c1ccccc1,-6.6262
O=C1CCCCCNC(=O)CCCCCNC(=O)CCCCCNC(=O)CCCCCN1,-2.8126
COc1cc(C2c3cc4c(cc3C(OC3OC5COC(C)OC5C(O)C3O)C3COC(=O)C23)OCO4)cc(OC)c1O,-3.47
CC1(C)SC2C(NC(=O)C(N)c3ccc(N)cc3)C(=O)N2C1c1nnn[nH]1,-1.57
C=CCC/C=C\C/C=C\CCCCCCc1cccc(O)c1.CCCC/C=C\C/C=C\CCCCCCc1cccc(O)c1.CCCCCCC/C=C\CCCCCCc1cccc(O)c1.CCCCCCCCCCCCCCCc1cccc(O)c1,-6.5970388257
CCC1(CC)C(=O)NCC(C)C1=O,-0.38
O=C1c2ccccc2-c2ccc3c4c([N+](=O)[O-])cc5c6c(ccc(c7ccc1c2c73)c64)C(=O)c1ccccc1-5,-4.3992383437
O=C1c2ccccc2-c2ccc3c4ccc5c6c(ccc(c7ccc1c2c73)c64)C(=O)c1ccccc1-5,-5.5133127462
COc1cc2c3c(ccc4c5ccc6c7c(cc(OC)c(c1c34)c75)-c1ccccc1C6=O)C(=O)c1ccccc1-2,-5.5991706951
O=C(Nc1ccc(Cl)cc1C(O)c1ccccc1)c1ccncc1,-5.5299
CC1OC(OC2C(O)CC(OC3C(O)CC(OC4CCC5(C)C(CCC6C5CC(O)C5(C)C(C7=CC(=O)OC7)CCC65O)C4)OC3C)OC2C)CC(O)C1O,-4.16
C[C@H]1O[C@@H](O[C@H]2[C@@H](O)C[C@H](O[C@H]3[C@@H](O)C[C@H](O[C@H]4CC[C@]5(C)[C@H]6CC[C@]7(C)[C@@H](C8=CC(=O)OC8)CC[C@]7(O)[C@@H]6CC[C@@H]5C4)O[C@@H]3C)O[C@@H]2C)C[C@H](O)[C@@H]1O,-5.2926
CC1OC(OC2C(O)CC(OC3C(O)CC(OC4CCC5(C)C(CCC6C5CCC5(C)C(C7=CC(=O)OC7)CCC65O)C4)OC3C)OC2C)CC(O)C1O,-5.29
C[C@H]1O[C@@H](O[C@H]2[C@@H](O)C[C@H](O[C@H]3[C@@H](O)C[C@H](O[C@H]4CC[C@]5(C)[C@H]6C[C@@H](O)[C@]7(C)[C@@H](C8=CC(=O)OC8)CC[C@]7(O)[C@@H]6CC[C@@H]5C4)O[C@@H]3C)O[C@@H]2C)C[C@H](O)[C@@H]1O,-4.0811
O=C1NC2C(O)C(O)C(O)C(O)C2c2cc3c(c(O)c21)OCO3,-3.8
CCC1(C/C=C2\CCCc3cc(OC)ccc32)C(=O)CCC1=O,-4.172504242
CCC1(C/C=C2/CCCc3cc(OC)ccc32)C(=O)CCC1=O,-4.838817118500001
O=c1[nH]c2cc(Cl)ccc2n1C1CC[NH2+]CC1,-2.6630758608
O=c1[nH]c(=O)n(C2CC(O)C(CO)O2)cc1I,-2.2481
NC(=O)OC[C@H](O)[C@@H](O)[C@H](N)C(=O)N[C@H](C(=O)O)[C@H]1O[C@@H](n2cc(CO)c(=O)[nH]c2=O)C(O)C1O,0.2946
CCC(=O)OCC1OC(n2cc(I)c(=O)[nH]c2=O)CC1O,-2.46
CC(C)(C)C(=O)OCC1OC(n2cc(I)c(=O)[nH]c2=O)CC1O,-3.36
O=c1[nH]c(=O)n(C2CCCO2)cc1F,-1.01
CCCC(=O)OCC1OC(n2cc(I)c(=O)[nH]c2=O)CC1O,-2.84
CC(C)C(=O)OCC1OC(n2cc(I)c(=O)[nH]c2=O)CC1O,-2.76
O=c1[nH]c(=O)n(C2CC(O)C(CO)O2)cc1C(F)(F)F,-0.71
Cc1cn([C@H]2C[C@H](N=[N+]=[N-])[C@@H](CO)O2)c(=O)[nH]c1=O,-1.1221
Cc1cn(C2CC(O)C(CO)O2)c(=O)[nH]c1=O,-0.7420620876999999
CCCCC(=O)OCC1OC(n2cc(I)c(=O)[nH]c2=O)CC1O,-3.4
Cc1cn(C2CC(N=[N+]=[N-])C(CO)O2)c(=O)[nH]c1=O,-1.16
Cc1cnc(C(=O)NCCc2ccc(S(=O)(=O)NC(=O)NC3CCCCC3)cc2)cn1,-5.49
CCOC(=O)C(c1c(O)oc2ccccc2c1=O)c1c(O)oc2ccccc2c1=O,-3.4264
CN1CCCC(CN2c3ccccc3Sc3ccccc32)C1,-4.74
COC1=Cc2ccccc2Nc2ccccc21,-4.5144193944
NC(=O)N1c2ccccc2C=Cc2ccccc21,-3.29
CC1OCC(c2ccccc2)O1,-1.805450609
CN(Cc1ccc(OCCN2CCOCC2)cc1)C(=O)c1ccc([N+](=O)[O-])o1,-2.29
Cc1ccc2nc3sc(=O)sc3nc2c1,-5.3698
O=C(NC(=O)c1ccccc1)c1ccccc1,-2.273
CCc1ccc(C(=O)NN(C(=O)c2cc(C)cc(C)c2)C(C)(C)C)cc1,-5.6281
CC(C)(C)N(NC(=O)c1ccc(Cl)cc1)C(=O)c1ccccc1,-4.4404
COc1cccc(C(=O)NN(C(=O)c2cc(C)cc(C)c2)C(C)(C)C)c1C,-5.5664
O=C(NNC(=O)c1ccccc1)c1ccccc1,-1.5883
NS(=O)(=O)c1cc(C(=O)c2ccc(CN3CCOCC3)cc2)cs1,-1.52
O=C(OCC(=O)N1CCC1C(=O)O)c1ccccc1,-2.14
O=C(OCC(=O)N1CCC1)c1ccccc1,-1.6085
COC1CCC=CO1,-0.853333105
C1=COCCC1,-1.0383982131
COc1ccc(-c2cc(=O)c3c(O)cc(O[C@@H]4O[C@H](CO[C@@H]5O[C@@H](C)[C@H](O)[C@@H](O)[C@H]5O)[C@@H](O)[C@H](O)[C@H]4O)cc3o2)cc1O,-7.5055419522000015
CC1=C(/C=C/C(C)=C/C=C/C(C)=C/C=C/C=C(C)/C=C/C=C(C)/C=C/C2=C(C)CCCC2(C)C)C(C)(C)CCC1,-7.553792438099999
O=c1c(Cl)c(Cl)cnn1-c1ccccc1,-3.3822
Nc1cnn(-c2ccccc2)c(=O)c1Cl,-2.7436
Nc1cnn(-c2ccccc2)c(=O)c1Br,-3.124
CCOP(=S)(OCC)Oc1ccc(=O)n(-c2ccccc2)n1,-3.5319
CNc1cnn(-c2cccc(C(F)(F)F)c2)c(=O)c1Cl,-3.9548
S=c1[nH]c2ccccc2s1,-3.1515048921
NC(=NCCCCCCN=C(N)N=C(N)Nc1ccc(Cl)cc1)N=C(N)Nc1ccc(Cl)cc1,-2.8005950876
O=C1C=CN(C2OC(CO)C(O)C2O)C(=O)C1,-0.77
Cc1ccc(S(=O)(=O)NC(=O)Nc2nccc(Nc3ccc(S(N)(=O)=O)cc3)n2)cc1,-4.3
NS(=O)(=O)c1ccc(Nc2ccnc(NC(=O)NS(=O)(=O)c3ccc(Cl)cc3)n2)cc1,-4.0
C=C(Br)C(=O)Nc1ccc(NNC2=C3C(=O)C=C(S(=O)(=O)[O-])C=C3C=CC2=NC)c(S(=O)(=O)[O-])c1.[Na+].[Na+],-1.9476532093
C=C(Br)C(=O)Nc1ccc(NNC2=C3C(=O)C=C(S(=O)(=O)[O-])C=C3C=CC2=N)c(S(=O)(=O)[O-])c1.[Na+].[Na+],-1.6785332004
N=C1C=CC2=CC(S(=O)(=O)[O-])=CC(=O)C2=C1NNc1ccc(N)cc1S(=O)(=O)[O-].[Na+].[Na+],0.3165863989999999
CC(=O)Nc1ccc(NNC2=C3C(=O)C=C(S(=O)(=O)[O-])C=C3C=CC2=N)c(C(F)(F)F)c1.[Na+],-1.3288181975
N=C1C=CC2=CC(S(=O)(=O)[O-])=CC(=O)C2=C1NNc1ccccc1C(F)(F)F.[Na+],-2.0686300615
Clc1ccc(COC(Cn2ccnc2)c2ccc(Cl)cc2Cl)c(Cl)c1,-5.08
Clc1ccc(C(Cn2ccnc2)OCc2cc(Cl)ccc2Cl)c(Cl)c1,-3.54
C[C@H]1CC(=O)C[C@@H]2CC[C@H]3[C@@H]4CC[C@H](O)[C@@]4(C)CC[C@@H]3[C@@]12C,-5.0064289581
CC(=O)O[C@H]1CC[C@H]2[C@@H]3CC[C@H]4CC(=O)C[C@H](C)[C@]4(C)[C@H]3CC[C@]12C,-5.0925589945
CC12CCC(=O)CC1CCC1C2CCC2(C)C(OC=O)CCC12,-5.32
C[C@]12CC[C@H]3[C@@H](CC[C@H]4CC(=O)CC[C@@]43C)[C@@H]1CC[C@@H]2O,-4.9189988507
CC(=O)OC1CCC2C3CCC4CC(=O)CCC4(C)C3CCC12C,-5.35
CC12CCC3C(CCC4CC(=O)CCC43C)C1CCC2O,-4.74
O=S1(=O)c2ccccc2-c2ccccc21,-4.57
O=C(Oc1ccccc1)n1c(=O)[nH]cc(F)c1=O,-3.22
O=c1ccc2nc3ccccc3sc-2c1,-3.72
CC(C)N(c1n[n+](C)c(N=Nc2ccc(N(C)C)cc2)s1)C(C)C.COS(=O)(=O)[O-],-1.2596984381
CCCCCC1CC(=O)C=C(C)C1C(=O)OCC,-3.187166345
CN(C)C(=O)OC1=CC(=O)CC(C)(C)C1,-0.8477
C=C(C)[C@@H]1CC=C(C)C(=O)C1,-2.0608
CC1=CCC(C)C(C)C1=O,-1.8852669619
C=C(C)[C@H]1CC=C(C)C(=O)C1,-1.9026536597
CCCC1CC(=O)C=C(C)C1,-1.7725870938
C=C(C)C1CC=C(C)C(=O)C1,-2.0628
CC1=CC(=O)CC(C)(C)C1,-1.0613582209
CC1=CC(=O)[C@@H](C(C)C)CC1,-1.7882436903
CC(=O)Nc1ccc2c(c1)C(=O)/C(=N/Nc1ccc(S(=O)(=O)CCOS(=O)(=O)[O-])cc1)C(S(=O)(=O)[O-])=C2.[Na+].[Na+],-0.6794075026
CC(=O)Nc1ccc2c(c1)C=C(S(=O)(=O)[O-])/C(=N/Nc1ccc(S(=O)(=O)CCOS(=O)(=O)[O-])cc1)C2=O.[Na+].[Na+],-0.3963934895
Nc1ccc(N/N=C2\C=Cc3c(cccc3S(=O)(=O)[O-])C2=O)cc1.[Na+],-1.2915600389
CCN(CC)S(=O)(=O)c1ccc(OC)c(N/N=C2\C=C(S(=O)(=O)[O-])c3ccccc3C2=O)c1.[Na+],-2.4667539114
O=C1/C(=N/Nc2cc(Cl)ccc2O)C(S(=O)(=O)[O-])=Cc2cc(S(=O)(=O)[O-])cc(O)c21.[Na+].[Na+],-1.2898086582
CC(=O)Nc1cc(S(=O)(=O)[O-])cc2c1C(=O)/C(=N/Nc1ccccc1)C(S(=O)(=O)[O-])=C2.[Na+].[Na+],-0.5866084475
CCCCOC(=O)N(C)SN(C)C(=O)Oc1cccc2c1OC(C)(C)C2,-4.5412
CCOC(=O)CCN(SN(C)C(=O)Oc1cccc2c1OC(C)(C)C2)C(C)C,-4.7103
CCCCN(CCCC)SN(C)C(=O)Oc1cccc2c1OC(C)(C)C2,-6.1033
CNC(=O)Oc1cccc2c1OC(C)(C)C2,-2.42
CCS(=O)(=O)Oc1ccc2c(c1)C(C)(C)CO2,-2.9921
CCOC1Oc2ccc(OS(C)(=O)=O)cc2C1(C)C,-3.42
CC1(C)Cc2cccc([N+](=O)[O-])c2O1,-3.2068
NC(=CC(=O)[C@@H](Cc1ccccc1)N(Cc1ccccc1)Cc1ccccc1)Cc1ccccc1,-7.6633437338
O[C@]12COC(c3ccccc3)O[C@@H]1[C@H]1OC(c3ccccc3)OC[C@H]1O2,-4.4379626594
CCCCCCCC[Sn]1(CCCCCCCC)OC(=O)CS1,-6.4456261549
c1ccc(-c2ccccn2)nc1,-1.4206
C1CCCNCC1,-0.49
CCSC(=O)N1CCCCCC1,-2.2858
O=NN1CCCCCC1,-1.0006
O=C1OC(=O)C2C1C1(Cl)C(Cl)=C(Cl)C2(Cl)C1(Cl)Cl,-5.1712348525
Oc1cnn(-c2ccccc2)c1,-1.9616
Cc1cc(OC(=O)N(C)C)n(-c2ccccc2)n1,-2.0886
Cc1nn(-c2ccccc2)c(C)c1N=O,-3.7355
N#Cc1nn(-c2c(Cl)cc(C(F)(F)F)cc2Cl)c(N)c1S(=O)C(F)(F)F,-5.3619
CCCSP(=O)(OCC)Oc1cnn(-c2ccc(Cl)cc2)c1,-4.0388
Cc1cc(N)n(-c2ccccc2)n1,-0.9376
Cc1nn(-c2ccccc2)c(N)c1C,-1.6704
OC1CCCCCCCCCCC1,-3.9891177261
BrC1CC(Br)CC(Br)CC(Br)CC(Br)CC(Br)C1,-6.9904281999
COC1CCCCCCCCCCC1,-4.6835903829
CC(CO)C1CCCCCCCCCCC1,-5.4517941085000015
C1CCCCCCCCCCC1,-7.0220260604
COC1(OC)CCCCCCCCCCC1,-4.1256543516000015
CCOCOC1CCCCCCCCCCC1,-5.335319967699999
BrC1CCC(Br)C(Br)CCC(Br)C(Br)CCC1Br,-7.8728
CCc1[nH]c(=O)[nH]c1C(=O)c1ccncc1,-1.99
CC1=C(C(=O)O)N2C(=O)C(NC(=O)C(N)C3=CCC=CC3)C2SC1,-1.22
COC1=C(C(=O)O)N2C(=O)C(NC(=O)C(N)C3=CCC=CC3)C2SC1,-1.89
O=C1CCCCCN1C(=O)c1ccccc1,-2.1667
CC12CCC3C(=CCc4cc(O)ccc43)C1CCC2O,-4.4
O=C1NCCN1/N=C/c1ccc([N+](=O)[O-])o1,-3.3572
OC(c1ccccc1)C(O)c1ccccc1,-1.933
O=[N+]([O-])c1ccc(CCc2ccc([N+](=O)[O-])cc2)cc1,-4.589885800199999
CC(C)(c1ccccc1)C(C)(C)c1ccccc1,-6.4741688972
CCC(c1ccc(O)cc1)C(CC)c1ccc(O)cc1,-4.353
Nc1ccc(CCc2ccc(N)cc2)cc1,-3.6457005741
COc1ccc(C(O)C(O)c2ccccc2)cc1,-1.39
CCC(=O)OC(Cc1ccccc1)(c1ccccc1)C(C)CN(C)C,-2.61
COC(=O)c1cc(CCc2cc(OC)ccc2OC)ccc1O,-6.39
Brc1c(Br)c(Br)c(CCc2c(Br)c(Br)c(Br)c(Br)c2Br)c(Br)c1Br,-9.1299878036
CCC(=O)O[C@](Cc1ccccc1)(c1ccccc1)[C@H](C)CN(C)C,-5.0097
OC(Cc1ccccc1)c1ccccc1,-2.52
c1ccc(CCc2ccccc2)cc1,-4.6272
C=CC(c1ccc(O)cc1)C(C=C)c1ccc(O)cc1,-4.95
O=C(c1ccccc1)c1ccc(OCC(O)COc2ccc(C(=O)c3ccccc3)c(O)c2)cc1O,-7.1387547034
[O-][n+]1nc(-n2ccnc2)nc2ccc(Cl)cc21,-3.63
CCCCC(=O)N(Cc1ccc(-c2ccccc2-c2nnn[nH]2)cc1)C(C(=O)O)C(C)C,-4.2
Nc1cn(N2CCOCC2)n[o+]1.[Cl-],0.1471983169
CCC1OC(=O)C(C)C(OC2CC(C)(OC)C(O)C(C)O2)C(C)C(OC2OC(C)CC(N(C)C)C2O)C(C)(O)CC(C)C(=O)C(C)C(O)C1(C)O,-1.27
CCC1OC(=O)C(C)C(OC2CC(C)(OC)C(O)C(C)O2)C(C)C(OC2OC(C)CC(N(C)C)C2O)C(C)(OC)CC(C)C(=O)C(C)C(O)C1(C)O,-2.2
O=C1CCC2CCCCC2O1,-0.5865603256
Oc1cc2ccccc2cc1C1=NCCN1,-3.3015
CCC1(c2ccccc2)CCC(=O)NC1=O,-2.3374
CCC1(c2ccccc2)CCC(=O)N(CO)C1=O,-1.66
C/C(=N\NC(=O)Nc1cc(F)cc(F)c1)c1ncccc1C(=O)O,-3.7248
CCC1(CCC(C)C)C(=O)NC(=O)NC1=O,-2.5743
C=CCC1(C(C)C)C(=O)NC(=O)NC1=O,-1.712
C=C(Br)CC1(C(C)CC)C(=O)NC(=O)NC1=O,-2.65
CCCC1(CCC)C(=O)NC(=O)NC1=O,-2.53
CC=CCC1(CC=CC)C(=O)NC(=O)NC1=O,-2.2
CCCCC1(CC)C(=O)NC(=O)NC1=O,-1.67
C/C=C/CC1(C/C=C/C)C(=O)NC(=O)NC1=O,-2.1973
CCC1(C(C)C)C(=O)NC(=O)NC1=O,-2.148
C=CC1(C(C)CCC)C(=O)NC(=O)NC1=O,-2.36
CCC=C(C)C1(CC)C(=O)NC(=O)NC1=O,-2.31
CC1(C)C(=O)NC(=O)NC1=O,-1.74
C=CCC1(CCCC)C(=O)NC(=O)NC1=O,-2.17
CCC1(C)C(=O)NC(=O)NC1=O,-1.23
CCC1(CC)C(=O)NC(=O)NC1=O,-1.42
C=CCC1(C)C(=O)NC(=O)NC1=O,-1.16
CC(C)C1C(=O)NC(=O)NC1=O,-1.4556
CC1C(=O)NC(=O)NC1=O,-1.13
CCCC1(CC)C(=O)NC(=O)NC1=O,-1.49
C=CCC1(CC)C(=O)NC(=O)NC1=O,-1.61
CCC1(CC)C(=O)NC(=O)N(C)C1=O,-2.1
CNC(=S)NC1C(=O)NC(=O)NC1=O,-0.46
CC(C)=CCC1(C)C(=O)NC(=O)NC1=O,-2.6
CCC1(CC(C)=O)C(=O)NC(=O)NC1=O,-0.7661
CCC(C)C1(CC)C(=O)NC(=O)NC1=O,-2.39
O=C1NC(=O)C([N+](=O)[O-])C(=O)N1,-2.2840000000000003
C=CCC1(CC(C)C)C(=O)NC(=O)NC1=O,-2.1193
CC(C)C1(C(C)C)C(=O)NC(=O)NC1=O,-2.77
CCCCCC1(CC)C(=O)NC(=O)NC1=O,-2.51
CC=CCC1(C)C(=O)NC(=O)N(C)C1=O,-1.5445
CCCC(C)C1(CC)C(=O)NC(=O)NC1=O,-2.39
CCC1(CC=C(C)C)C(=O)NC(=O)NC1=O,-2.25
CCCCCCC1(CC)C(=O)NC(=O)NC1=O,-3.05
C=CCC1(C(C)CCC)C(=O)NC(=O)NC1=O,-2.36
CC/C=C(\C)C1(CC)C(=O)NC(=O)NC1=O,-2.31
C=CCC1(C(C)CC)C(=O)NC(=O)NC1=O,-2.02
CCCCCCCC1(CC)C(=O)NC(=O)NC1=O,-3.43
O=C1CC(=O)NC(=O)N1,-1.0486616392
CC(C)=CCC1(C(C)C)C(=O)NC(=O)NC1=O,-2.59
CCCCCCCCC1(CC)C(=O)NC(=O)NC1=O,-3.94
CC(C)C1(Br)C(=O)NC(=O)NC1=O,-2.2088
CCCCC1(CCCC)C(=O)NC(=O)NC1=O,-2.8756
CCC1C(=O)NC(=O)NC1=O,-0.92
CCCCCCCCCC1(CC)C(=O)NC(=O)NC1=O,-4.46
CCC1(CC)C(=O)NC(=O)N(CO)C1=O,-3.93
CC(C)=CCC1(C(C)(C)C)C(=O)NC(=O)NC1=O,-3.55
C=CC1(C=C)C(=O)NC(=O)NC1=O,-2.06
C=CC1(C(C)C)C(=O)NC(=O)NC1=O,-1.71
C=CC1(CC(C)C)C(=O)NC(=O)NC1=O,-2.12
C=CCC1(CC=C)C(=O)NC(=O)NC1=O,-2.0608
CC1=CC(=O)C=C/C1=N\Nc1ccc(Nc2ccc(S(=O)(=O)[O-])cc2[N+](=O)[O-])cc1.[Na+],-2.6993635863
CC(O)COc1ccc(C(C)(C)c2ccc(OCC(C)O)cc2)cc1,-3.499700952
CC(=O)OCCOc1ccc(C(C)(C)c2ccc(OCCOC(C)=O)cc2)cc1,-8.0585030279
CCCC(c1cc(C(C)(C)C)c(O)cc1C)c1cc(C(C)(C)C)c(O)cc1C,-7.9806713528
N#CC(c1ccccc1)c1ccccc1,-2.9437
Clc1ccc(C(c2ccc(Cl)cc2)C(Cl)Cl)cc1,-7.2
O=C(O)CCCC(C(=O)O)(c1ccccc1)c1ccccc1,-3.1737
Fc1ccc(Cc2ccc(F)cc2)cc1,-6.9121561365999975
O=C(O)C(=O)C(c1ccccc1)c1ccccc1,-2.3354
CC(Br)(CBr)COc1c(Br)cc(C(C)(C)c2cc(Br)c(OCC(C)(Br)CBr)c(Br)c2)cc1Br,-7.6864910333
OC(c1ccccc1)c1ccccc1,-2.5494
CC(C)(c1cc(Br)c(O)c(Br)c1)c1cc(Br)c(O)c(Br)c1,-5.6941064111
C=C(C)C(=O)OCCCOc1ccc(C(C)(C)c2ccc(OCCCOC(=O)C(=C)C)cc2)cc1,-7.4564753884
Oc1c(Cl)cc(Cl)c(Cl)c1Cc1c(O)c(Cl)cc(Cl)c1Cl,-3.4634
CC(C)(O)C(=O)c1ccc(Cc2ccc(C(=O)C(C)(C)O)cc2)cc1,-4.536378597
Oc1c(Cl)cc(Cl)cc1Cc1ccccc1,-4.6399
C=CCc1cc(C(C)(C)c2ccc(O)c(CC=C)c2)ccc1O,-3.9963835519
CC(C)(C)c1cc(Cc2cc(C(C)(C)C)c(O)c(C(C)(C)C)c2)cc(C(C)(C)C)c1O,-8.6280505595
COc1ccc(C(c2ccc(OC)cc2)C(Cl)(Cl)Cl)cc1,-6.5386
CCOC(=O)C(O)(c1ccc(Cl)cc1)c1ccc(Cl)cc1,-4.512
CC(C)(c1ccc(OCCO)cc1)c1ccc(OCCO)cc1,-3.4517905533999995
O=C(O)C(CCBr)(c1ccccc1)c1ccccc1,-4.0694912575
CC(C)(c1ccc(OC#N)cc1)c1ccc(OC#N)cc1,-5.4695583775
CC(C)OC(=O)C(O)(c1ccc(Cl)cc1)c1cccc(Cl)c1,-4.53
Cc1c(Cl)ccc(Cc2c(Cl)cccc2Cl)c1Cl,-7.99
Cc1c(Cl)ccc(Cc2ccc(Cl)cc2Cl)c1Cl,-7.4
Cc1cc(Cl)c(Cc2cc(Cl)ccc2Cl)cc1Cl,-8.03
Cc1cc(Cc2c(Cl)cccc2Cl)c(Cl)cc1Cl,-8.36
Cc1cc(Cc2ccc(Cl)cc2Cl)c(Cl)cc1Cl,-7.49
Cc1cc(Cc2ccc(Cl)cc2)c(Cl)c(Cl)c1Cl,-8.18
Cc1cc(Cl)c(Cl)c(Cl)c1Cc1ccccc1Cl,-7.24
Cc1cc(Cl)c(Cl)c(Cl)c1Cc1ccc(Cl)cc1,-7.44
Oc1ccc(Cl)cc1Cc1cc(Cl)ccc1O,-3.9528
Clc1ccc(C(c2ccccc2Cl)C(Cl)(Cl)Cl)cc1,-7.13
Cc1cc(Cc2ccc(N)c(C)c2)ccc1N,-4.1506087086
Cc1cc(C(C)(C)c2cc(C)c(O)c(C)c2)cc(C)c1O,-4.952868802799999
Nc1ccc(Cc2ccc(N)c(Cl)c2)cc1Cl,-4.2868907228
Cc1cc(O)c(Cc2ccccc2)c(C)c1Cl,-4.3009
Cc1cc(Cc2cc(Cl)ccc2Cl)c(Cl)cc1Cl,-8.06
Nc1ccc(Cc2ccc(N)cc2)cc1,-2.2929334424000003
CC(C)(c1ccccc1)c1ccc(O)cc1,-4.0964847072
CCc1cc(Cc2cc(CC)c(N)c(CC)c2Cl)c(Cl)c(CC)c1N,-7.2780387128
CCc1cc(Cc2cc(CC)c(N)c(CC)c2)cc(CC)c1N,-5.8485879471
C=CC(=O)OCCOc1ccc(C(C)(C)c2ccc(OCCOC(=O)C=C)cc2)cc1,-5.999481603
CCc1ccc(C(c2ccc(CC)cc2)C(Cl)Cl)cc1,-7.04
CCc1cc(Cc2cc(CC)cc(C(C)(C)C)c2O)c(O)c(C(C)(C)C)c1,-5.5665093776
O=C(O)c1ccccc1C(C(=O)O)c1ccccc1C(=O)O,-2.4998
CC(C)(c1ccc(O)cc1)c1ccc(O)cc1,-2.8799222949
CN(C)C(=O)C(c1ccccc1)c1ccccc1,-2.98
CC(C)OC(=O)C(O)(c1ccc(Cl)cc1)c1ccc(Cl)cc1,-5.3544
Cc1cc(Cc2cc(C)c(O)c(C)c2)cc(C)c1O,-3.4088248510000003
CC(C)OC(=O)C(O)(c1ccc(Br)cc1)c1ccc(Br)cc1,-4.933
Clc1ccc(C(c2ccccc2Cl)C(Cl)Cl)cc1,-6.5052
CN(C)CCOC(c1ccccc1)c1ccccc1,-2.95
Oc1ccc(Cc2ccccc2)cc1,-3.4009
COc1ccc(C(c2ccc(OC)cc2)C(C)[N+](=O)[O-])cc1,-4.5446
CC(C)(c1cc(Br)c(OCC(Br)CBr)c(Br)c1)c1cc(Br)c(OCC(Br)CBr)c(Br)c1,-9.8164351053
Clc1ccc(C(c2ccc(Cl)cc2)C(Cl)(Cl)Cl)cc1,-7.8092
O=C(O)CC(C(=O)O)(c1ccccc1)c1ccccc1,-2.4318
c1ccc(Cc2ccccc2)cc1,-4.17
Cc1cc(C)c(O)c(C(c2cc(C)cc(C)c2O)C(C)C)c1,-6.1673406199
OC(c1ccc(Cl)cc1)(c1ccc(Cl)cc1)C(Cl)(Cl)Cl,-5.6657
CC(c1ccccc1)c1ccccc1,-4.6925039386
Cc1ccccc1Cc1ccccc1,-4.6925039386
C=C(C)C(=O)OCCOc1ccc(C(C)(C)c2ccc(OCCOC(=O)C(=C)C)cc2)cc1,-5.3792018861
Cc1cc(Cc2cc(C)cc(C(C)(C)C)c2O)c(O)c(C(C)(C)C)c1,-7.2311
OC(c1ccccc1)c1ccc(Cl)cc1,-3.4886
CCCCCCCCCCCCCCCCCCNC(=O)Nc1ccc(Cc2ccc(NC(=O)NCCCCCCCCCCCCCCCCCC)cc2)cc1,-5.9429946413
CC(C)CC(c1ccc(O)cc1)c1ccc(O)cc1,-3.3674
Oc1ccc(C(c2ccc(O)cc2)(C(F)(F)F)C(F)(F)F)cc1,-3.1795029693
Oc1ccc(Cl)cc1Cc1ccccc1,-3.1666
O=C(O)C(c1ccccc1)c1ccccc1,-3.2230398856
O=C(O)C(O)(c1ccccc1)c1ccccc1,-2.2092
CC(c1ccc(OC#N)cc1)c1ccc(OC#N)cc1,-5.2179508887
CC1(C)SC2C(N=CN3CCCCCC3)C(=O)N2C1C(=O)O,-4.5
Nc1nc2[nH]cc(CCc3ccc(C(=O)O)cc3)c2c(=O)[nH]1,-3.5742890365
O=P([O-])(OCc1ccccc1)OCc1ccccc1.[K+],0.499854127
COC(=O)c1ccccc1OC1OC(COC2OCC(O)C(O)C2O)C(O)C(O)C1O,-0.7418
C=C(C)C1CC=C(C)CC1.CC12CCC(CC1)C(C)(C)O2.CC1=CCC2CC1C2(C)C,-5.3356859318000005
CC1C(C=O)CC2CC1C2(C)C,-3.5580403929
C[C@@H]1[C@@H](CN)C[C@H]2C[C@@H]1C2(C)C,-2.5159153811
CC(C)(C)[C@H](O)/C(=C\c1ccc(Cl)cc1)n1cncn1,-4.5403
CC(C)(C)C(O)/C(=C\c1ccc(Cl)cc1)n1cncn1,-4.5403
CC(C)(C)C(O)/C(=C\c1ccc(Cl)cc1Cl)n1cncn1,-4.9115
CNC1=C(c2cccc(C(F)(F)F)c2)C(=O)C(c2ccccc2)O1,-3.9788
O=C(c1cccc2ccccc12)N(O)c1ccccc1,-3.9433
Cc1ccc(N=CN(C)C=Nc2ccc(C)cc2C)c(C)c1,-5.4675
O=C(O)CC1(CC(=O)O)OCOC1=O,-0.611
Cc1nc(C)c(C(=O)Nc2ccccc2)s1,-1.73
Cc1nc(C(F)(F)F)c(C(=O)Nc2c(Br)cc(OC(F)(F)F)cc2Br)s1,-5.5186
COC(=O)CSc1cc(N=c2sc(=O)n3n2CCCC3)c(F)cc1Cl,-5.6768
COc1ccc(C=CC(=O)c2ccccc2O)cc1,-5.7
COc1ccc(O)c(C(=O)C=Cc2ccccc2)c1,-6.0
O=[N+]([O-])OC1CCCCCC1O[N+](=O)[O-],-3.02
C1CCCCCC1,-3.5149
OC1CCCCCC1,-0.88
CN(O)C(=O)C1CCCCCC1,-1.45
O=C(C=CC=Cc1ccc2c(c1)OCO2)N1CCCCC1,-3.46
O=C(/C=C/C=C/c1ccc2c(c1)OCO2)N1CCCCC1,-3.853
CC(O)C(=O)O.CCN(CC)CCCNc1nc(Nc2ccc(N=Nc3c(S(=O)(=O)O)cc4cc(S(=O)(=O)O)cc(Nc5nc(NCC(C)N)nc(NCC(C)N)n5)c4c3O)cc2)nc(Nc2ccc(N=Nc3c(S(=O)(=O)O)cc4cc(S(=O)(=O)O)cc(Nc5nc(NCC(C)N)nc(NCC(C)N)n5)c4c3O)cc2)n1,-0.7942190429000001
O=C(NC(=O)c1c(F)cccc1F)Nc1ccc(Cl)c(Oc2ncc(C(F)(F)F)cc2Cl)c1,-7.4033
CC1CC1(C(=O)O)C(=O)O,0.8412
CCOC1CC1,-0.6407
C#CC(OC(=O)C1C(C=C(C)C)C1(C)C)/C(C)=C/CC,-6.3931
NC1CC1,1.2433943163
C=COC1CC1,-1.1001
CCOC(=O)C1C(C=C(C)C)C1(C)C,-4.7652682741
COC1CC1,-0.1176
COc1cncnc1N1CCN(CCc2c[nH]c3ccc(CS(=O)(=O)N(C)C)cc23)CC1,-3.76
CN(C(=O)COc1nc2ccccc2s1)c1ccccc1,-4.8727
C[C@H]1C(c2ccc(Cl)cc2)SC(=O)N1C(=O)NC1CCCCC1,-5.8487
CC1C(c2ccc(Cl)cc2)SC(=O)N1C(=O)NC1CCCCC1,-5.85
Cc1ccc2nc(-c3ccc(N=Nc4ccc(-c5nc6ccc(C)c(S(=O)(=O)[O-])c6s5)cc4)cc3)sc2c1S(=O)(=O)[O-].[Na+].[Na+],-1.2223096235
O=C1CN(O)C(c2ccccc2Cl)=c2cc(Cl)ccc2=N1,-4.4653328209
CCN(Cc1c(F)cccc1Cl)c1c([N+](=O)[O-])cc(C(F)(F)F)cc1[N+](=O)[O-],-6.625
CC(C)C1=CC2=CCC3C(C)(C(=O)O)CCCC3(C)C2CC1,-3.8
CC(C)C1=CC2=CC[C@H]3[C@](C)(C(=O)O)CCC[C@]3(C)[C@H]2CC1,-3.7959
[Na+].[O-]n1ccccc1=S,0.6370124426
CC(C)c1cccc(C(C)C)c1N=C=Nc1c(C(C)C)cccc1C(C)C,-6.8604110817
CC(C)(C)c1cc(CCC(=O)OCCCCCCOC(=O)CCc2cc(C(C)(C)C)c(O)c(C(C)(C)C)c2)cc(C(C)(C)C)c1O,-8.1064832759
CC(=O)c1c(O)c(C)c(O)c2c1OC1=CC(=O)C(C(C)=O)C(=O)C12C,-3.537
O=C1CCCCCCCCCCCCCCO1,-5.9037897228
C#CC1(OC(=O)c2ccc(Oc3ccccc3)cc2)CCC2C3CCC4=CC(=O)CCC4C3CCC21C,-6.84
Cc1c2ccccc2c(CN2CCOCC2)c2ccccc12,-4.4
CCOP(=O)(Sc1ccccc1)Sc1ccccc1,-3.3305
CCN1C=CC(=CC=Cc2cc[n+](CC)c3ccccc23)c2ccccc21.[I-],-2.6816
CCCCCC/C=C/C1CC(=O)OC1=O,-4.0217535152
CCCCCCCCC/C=C/CC1CC(=O)OC1=O,-4.4255032449
C/C(=C\C(C)CC(C)CC(C)C)C1CC(=O)OC1=O,-4.4255032449
O=C1CCC(=O)O1,-0.2016662739
CN(C)[C@@H]1C(O)=C(C(N)=O)C(=O)[C@@]2(O)C(=O)C3=C(O)c4c(O)cccc4[C@@](C)(O)[C@H]3[C@H](O)[C@@H]12,-3.09
NS(=O)(=O)c1cc2cc(CNCc3ccccn3)sc2o1,-1.33
c1ccc2c3c(ccc2c1)-c1cccc2cccc-3c12,-8.004
CC1(C2CCC3C4=CC=C5CC6(CCC5(C)C4CCC32C)OCCO6)OCCO1,-6.7001197149000005
CC1CC(C)C(=O)C(C(O)CC2CC(=O)NC(=O)C2)C1,-1.13
C[C@H]1C[C@H](C)C(=O)[C@H]([C@H](O)CC2CC(=O)NC(=O)C2)C1,-1.127
CC(C)C1(C)N=C(c2nc3ccccc3cc2C(=O)O)NC1=O,-3.72
NS(=O)(=O)c1ccc(Nc2ccnc(NS(=O)(=O)c3ccc(Br)cc3)n2)cc1,-2.62
NS(=O)(=O)c1ccc(Nc2ccnc(NS(=O)(=O)c3ccccc3)n2)cc1,-2.55
NS(=O)(=O)c1ccc(Nc2ccnc(NS(=O)(=O)c3cccc(C(F)(F)F)c3)n2)cc1,-1.82
NS(=O)(=O)c1ccc(Nc2ccnc(NS(=O)(=O)c3c(F)c(F)c(F)c(F)c3F)n2)cc1,-1.57
O=C(NCNC(=O)NC1C(=O)NC(=O)N1CO)NC1C(=O)NC(=O)N1CO,0.4108359647999999
Cc1cc(C)cc(N2C(=O)c3ccc4c5ccc6c7c(ccc(c8ccc(c3c48)C2=O)c75)C(=O)N(c2cc(C)cc(C)c2)C6=O)c1,-7.4761487948
CC12CCc3c(ccc4cc(O)ccc34)C1CCC2=O,-4.96
CCC(C)C1NC(=O)C(Cc2c[nH]c3ccccc23)NC(=O)C2CCCN2C(=O)C(Cc2ccccc2)N(C)C(=O)C2CNCCN2C(=O)C2CCCCN2C1=O,-2.75
O=C1CCC(=O)N1Br,-1.0831
O=C1CCC(=O)N1Cl,-0.9702
O=C1CCC(=O)N1,0.39
COc1cc(NC(=O)c2cc3ccccc3cc2O)c(OC)cc1Cl,-5.0622701458
O=C(Nc1cccc([N+](=O)[O-])c1)c1cc2ccccc2cc1O,-6.6438656239
CCOc1ccc(NC(=O)c2cc3ccccc3cc2O)cc1,-5.311540545400001
COc1ccccc1NC(=O)c1cc2ccccc2cc1[O-].[Na+],-5.1765101856
COc1cc(OC)c(NC(=O)c2cc3ccccc3cc2O)cc1Cl,-5.3775405806
O=C(Nc1ccc(Cl)cc1)c1cc2ccccc2cc1O,-5.4738386427
CCOc1ccccc1NC(=O)c1cc2ccccc2cc1O,-5.1866018088
O=C(c1ccc2ccccc2c1)N(O)c1ccc(Cl)cc1,-5.47
CC(=O)Nc1ccc(NC(=O)c2cc3ccccc3cc2O)cc1,-5.2503495118
Cc1ccc(Cl)cc1NC(=O)c1cc2ccccc2cc1O,-5.2385590319
COc1ccc(NC(=O)c2cc3ccccc3cc2O)cc1,-5.2632246549
Cc1ccccc1NC(=O)c1cc2ccccc2cc1O,-4.6234419541000005
COc1cc(OC)nc(NC(=O)NS(=O)(=O)c2c(Cl)nc3ccccn23)n1,-4.7886
CCS(=O)(=O)c1nc2ccccn2c1S(=O)(=O)NC(=O)Nc1nc(OC)cc(OC)n1,-4.4191
c1ccc2sc(SNC3CCCCC3)nc2c1,-5.9171426801
CN(C)c1ccc(C(O)(c2ccc(N(C)C)cc2)c2ccc(Nc3ccccc3)c3ccccc23)cc1,-6.9891355524000005
O=C(NCN1CCCCC1)c1ccccc1,-2.15
CCN(C(=O)n1nnn(-c2ccccc2Cl)c1=O)C1CCCCC1,-5.1821
CC(C)C1(O)CCN2CC3c4ccccc4CCc4cccc(c43)C2C1,-3.81
Cc1cccc(C)c1OCC(=O)NC(Cc1ccccc1)C(O)C(=O)N1CSC(C)(C)C1C(=O)NC(C)(C)C,-5.01
CC(C)(C)NC(=O)C1N(C(=O)C(O)C(Cc2ccccc2)NC(=O)COc2ccccc2)CSC1(C)C,-3.83
CCCCC1OC(C)CC(C)(C)O1,-2.4532973596
CC(=O)OC1CC(C)OC(C)O1,0.759
C=CC(=O)OCC1(CC)COCOC1,-1.3330548746
CCC1(CO)COCOC1,0.8350942171
NS(=O)(=O)c1ccc(CNC(=S)NC(C(=O)O)C(O)c2ccccc2)cc1,-1.29
COc1ccc(CCC(=O)c2c(O)cc(O[C@@H]3O[C@H](CO)[C@@H](O)[C@H](O)[C@H]3O[C@@H]3O[C@@H](C)[C@H](O)[C@@H](O)[C@H]3O)cc2O)cc1O,-3.1851035311
NCC[C@H](O)C(=O)N[C@@H]1C[C@H](N)[C@@H](O[C@H]2O[C@H](CN)[C@@H](O)[C@H](O)[C@H]2O)[C@H](O)[C@H]1O[C@H]1O[C@H](CO)[C@@H](O)[C@H](N)[C@H]1O,-0.5004
NCCC(O)C(=O)NC1CC(N)C(OC2OC(CN)C(O)C(O)C2O)C(O)C1OC1OC(CO)C(O)C(N)C1O,-0.5
O=S(=O)([O-])c1ccc(Nc2nc(Cl)nc(NCCNc3ccc4c(c3S(=O)(=O)[O-])Oc3c(Cl)c5c(c(Cl)c3=N4)Oc3c(ccc(NCCNc4nc(Cl)nc(Nc6ccc(S(=O)(=O)[O-])cc6S(=O)(=O)[O-])n4)c3S(=O)(=O)[O-])N=5)n2)c(S(=O)(=O)[O-])c1.[Na+].[Na+].[Na+].[Na+].[Na+].[Na+],-0.8795540191
COc1ccc([C@@H]2CC(=O)c3c(O)cc(O[C@@H]4O[C@H](CO)[C@@H](O)[C@H](O)[C@H]4O[C@@H]4O[C@@H](C)[C@H](O)[C@@H](O)[C@H]4O)cc3O2)cc1O,-5.1858488331
C[C@@H]1O[C@@H](O[C@H]2[C@H](Oc3cc(O)c4c(c3)O[C@H](c3ccc(O)cc3)CC4=O)O[C@H](CO)[C@@H](O)[C@@H]2O)[C@H](O)[C@H](O)[C@H]1O,-2.7224387153
CC1C(C)(C)C2=C(C(=O)CCC2)C1(C)C,-3.2653422506
CCCCCCCC1N(CCO)C=CN1CCC(=O)[O-].[Na+],0.2127067575
C1=CC2C3C=CC(C3)C2C1,-3.8202211698
OC1C=CC2C1C1(Cl)C(Cl)=C(Cl)C2(Cl)C1(Cl)Cl,-5.46
ClC1=C(Cl)C2(Cl)C3C(Cl)C=CC3C1(Cl)C2(Cl)Cl,-6.3168
ClC1=C(Cl)C2(Cl)C3CC=CC3C1(Cl)C2(Cl)Cl,-5.64
FC1(F)C(F)(F)C(F)(F)C1(F)F,-3.638
CC1(C)C(O)C(C)(C)C1O,-0.3736775878
CC(=O)C1CC(CC(=O)O)C1(C)C,-0.5752
COc1ccc2c(c1)c(CC(=O)O)c(C)n2C(=O)/C=C/c1ccccc1,-5.5433
COc1ccc2c(c1)c(CC(=O)O)c(C)n2C(=O)C=Cc1ccccc1,-5.54
Cc1cc(C2CCCCC2)n(O)c(=O)c1.NCCO,-0.9331685906
CC(=O)C(N=Nc1ccccc1OCCOc1ccccc1N=NC(C(C)=O)C(=O)Nc1ccc2[nH]c(=O)[nH]c2c1)C(=O)Nc1ccc2[nH]c(=O)[nH]c2c1,-7.634485568300001
c1ccc(C(c2ccccc2)(c2ccccc2)N2CCOCC2)cc1,-7.2168
Cc1nnc(-c2ccccc2)c(=O)n1N,-2.0506
Nc1ccc(Nc2ccccc2)c(S(=O)(=O)[O-])c1.Nc1ccc([N+](=O)[O-])cc1.Nc1cccc(S(=O)(=O)[O-])c1.O=C1C=C/C(=N/Nc2cc([N+](=O)[O-])cc([N+](=O)[O-])c2O)C(O)=C1.[Fe].[Na+].[Na+],-2.5268154232
Cc1nnc2n1-c1ccc(Cl)cc1C(c1ccccc1)=NC2,-3.6
Cc1nnc2n1-c1ccc(Cl)cc1C(c1ccccc1Cl)=NC2,-4.08
NS(=O)(=O)c1nnc(NS(=O)(=O)Cc2ccccc2)s1,-2.7
CC1COC2CC3(C)C(CC4C5C=C6CC(O)CCC6(C)CC5CCC43C)OC2C1,-7.32
CCC1(C2=CCCCCC2)C(=O)NC(=O)NC1=O,-3.0
NC(=O)Nc1cc(Nc2nc(Cl)nc(Nc3cccc(S(=O)(=O)CCOS(=O)(=O)[O-])c3)n2)ccc1N=Nc1cc2c(S(=O)(=O)[O-])cc(S(=O)(=O)[O-])cc2cc1S(=O)(=O)[O-].[Na+].[Na+].[Na+].[Na+],-0.4261364852
COc1ccc2c(c1)[nH]c1c(C)nccc12,-4.48
c1ccc2c(c1)[nH]c1cnccc12,-3.73
Cc1nccc2c1[nH]c1ccccc12,-3.79
CC1=CC(=O)CC(C)(C)C1=O,-0.8779041501
c1ccc(N=NNc2ccccc2)cc1,-2.596
c1ccc2nccnc2c1,0.7051
Oc1cccc2nccnc12,-1.3468
Clc1c(Cl)c(Cl)c2nccnc2c1Cl,-5.428
CCOP(=S)(OCC)Oc1cnc2ccccc2n1,-4.1322
COc1cc2nccnc2c(N)c1OC,-1.7102
c1ccc(-c2cnc(-c3ccccc3)o2)cc1,-5.5532102962
CN1/C(=C(/O)Nc2ccccn2)C(=O)c2ccccc2S1(=O)=O,-4.1586
Fc1ccc(Oc2ccnc3cc(Cl)cc(Cl)c23)cc1,-6.4243
CC1=CCC2CC1C2(C)C,-3.7725704235
CC1=CC[C@H]2C[C@@H]1C2(C)C,-4.7725704235
CC1(C)[C@H]2CC=C(CCO)[C@@H]1C2,-2.6959998037
CC1(C)C2CC=C(CCC=O)C1C2,-3.4657606101
CSc1ccc(C(=O)C(C)(C)N2CCOCC2)cc1,-4.1933811426
O=C(OCC1CO1)C1CC=CCC1C(=O)OCC1CO1,-1.3401088604
CCCOc1ccc2c(c1)C(c1ccc(OC)cc1OCC(=O)O)C(C(=O)O)C2c1ccc2c(c1)OCO2,-6.77
CNS(=O)(=O)c1cc(OC)c(N/N=C2\C(=O)C(C(=O)Nc3ccc4[nH]c(=O)[nH]c4c3)=Cc3ccccc32)cc1OC,-7.8916361395
CCCCOC(=O)c1ccccc1N/N=C1\C(=O)C(C(=O)Nc2ccc3[nH]c(=O)[nH]c3c2)=Cc2ccccc21,-8.2138073561
O=C(Nc1ccc2[nH]c(=O)[nH]c2c1)C1=Cc2ccccc2/C(=N/Nc2cc(Cl)ccc2Cl)C1=O,-7.461800321799999
CNS(=O)(=O)c1cc(OC)c(N/N=C2\C(=O)C(C(=O)Nc3ccc4[nH]c(=O)[nH]c4c3)=Cc3ccccc32)cc1C,-8.2171679788
COc1cc(S(=O)(=O)[O-])c(C)cc1NC(=O)C(N=Nc1ccc(-c2nc3ccc(C)c(S(=O)(=O)[O-])c3s2)cc1)C(C)=O.[Na+].[Na+],-0.9163461364
COc1cc(S(=O)(=O)[O-])c(C)cc1NC(=O)C(N=Nc1ccc(-c2nc3ccc(C)c(S(=O)(=O)[O-])c3s2)cc1)C(C)=O.[NH4+].[Na+],-0.6230624777
C1OC1C1CO1,1.065
C1O[C@@H]1[C@H]1CO1,1.065
C1O[C@@H]1[C@@H]1CO1,1.065
C1O[C@H]1[C@H]1CO1,1.065
CC1OC1C1OC1C,-0.0575
Cc1nn(C)c(OCC(=O)c2ccccc2)c1C(=O)c1ccc(Cl)cc1Cl,-2.6514
Cc1ccc(C(=O)COc2c(C(=O)c3ccc(Cl)c(C)c3Cl)c(C)nn2C)cc1,-6.5209
CCCCCCCCSc1nc(Nc2cc(C(C)(C)C)c(O)c(C(C)(C)C)c2)nc(SCCCCCCCC)n1,-7.469064653099999
O=S(=O)([O-])c1ccc(Nc2nc(Cl)nc(Cl)n2)cc1.[Na+],-1.3810309201
Clc1nc(Cl)nc(Nc2ccccc2Cl)n1,-4.5371
O=C(Nc1ccccc1)N(Cc1ccc(Cl)cc1)C1CCCC1,-5.915
C#CCN1C(=O)COc2cc(F)c(N3C(=O)C4=C(CCCC4)C3=O)cc21,-5.2966
CC12CCC(C(=NO)C1=NO)C2(C)C,-2.52
CCOC1=C([N+](=O)[O-])CN(C(C)C)C1=O,-4.33
[Cl-].c1ccc(C[P+](c2ccccc2)(c2ccccc2)c2ccccc2)cc1,-0.7188245606999999
CCC1(C)OOC(C)(CC)OOC(C)(CC)OO1,-4.3048554438
CC(C)(C)c1cc(CCC(=O)NNC(=O)CCc2cc(C(C)(C)C)c(O)c(C(C)(C)C)c2)cc(C(C)(C)C)c1O,-7.04359803
COc1ccc2cc(C(C)C(=O)OC3CCCCC3=O)ccc2c1,-5.59
CCCCC(Cc1cc(C(C)(C)C)c(O)c(C(C)(C)C)c1)(C(=O)OC1CC(C)(C)N(C)C(C)(C)C1)C(=O)OC1CC(C)(C)N(C)C(C)(C)C1,-5.8357203688
CCCCC(=O)OCSc1ncnc2c1ncn2COC(=O)CCCC,-4.33
Nc1nc(N)c2nc[nH]c2n1,-1.8
CC(=O)OCCOCn1cnc2cnc(N)nc21,-0.97
CC(=O)Nc1ncc2ncn(COCCO)c2n1,-0.86
CN(C)c1ncnc2[nH]cnc12,-1.3
CC(=O)OCSc1ncnc2[nH]cnc12,-2.15
CCC(=O)OCSc1ncnc2[nH]cnc12,-2.39
Nc1ncc2ncn(COCCO)c2n1,-1.0775
CCCC(=O)OCSc1ncnc2[nH]cnc12,-2.69
CC(=O)OCSc1ncnc2c1ncn2COC(C)=O,-2.54
CC(=O)Nc1ncc2ncn(COCCOC(C)=O)c2n1,-0.73
CCCCCCC(C(C)O)n1cnc2c(N)ncnc21,-2.25
Nc1nc(N)c2nc(N)[nH]c2n1,-1.52
CCCCC(=O)OCSc1ncnc2[nH]cnc12,-3.1
CCCCCC(=O)OCSc1ncnc2[nH]cnc12,-3.63
CCC(=O)OCSc1ncnc2c1ncn2COC(=O)CC,-2.78
Nc1nc2cncnc2[nH]1,-2.43
CCCC(=O)OCSc1ncnc2c1ncn2COC(=O)CCC,-3.71
CCCCCCCC(=O)OCSc1ncnc2[nH]cnc12,-4.62
Nc1ncc2ncn(CCC(CO)CO)c2n1,-0.3
COc1cc(N=Nc2cc(S(=O)(=O)[O-])cc3cc(S(=O)(=O)[O-])cc(O)c23)c(C)cc1NC(=O)Nc1cc(C)c(N=Nc2cc(S(=O)(=O)[O-])cc3cc(S(=O)(=O)[O-])cc(O)c23)cc1OC.[Na+].[Na+].[Na+].[Na+],-2.6903136873
NS(=O)(=O)c1cc2c(s1)S(=O)(=O)CCC2=O,-3.02
Nc1[nH]c(=O)[nH]c2nc(=O)[nH]c1-2,-3.46
CC(=O)CCC1C(=O)N(c2ccccc2)N(c2ccccc2)C1=O,-3.2676
CCCCC1C(=O)N(c2ccccc2)N(c2ccc(O)cc2)C1=O,-3.7329
CCCCC1C(=O)N(c2ccccc2)N(c2ccccc2)C1=O,-3.8124
O=C(O)C1=CC(=O)C(=O)C(=C(O)O)O1,-1.3769999999999998
CSC(=O)c1cccc2nnsc12,-4.4363
Nc1ccc2snnc2c1,-1.3045
CN1C2CC(OC(=O)C(CO)c3ccccc3)CC1C1OC12,-1.24
CN1[C@H]2CC(OC(=O)[C@H](CO)c3ccccc3)C[C@@H]1C1OC12,-0.504
CC(C)(C)CCCCC1(C(=O)OC(C)(C)CC(C)(C)C)OO1,-6.9712344191
CCN1C(=O)C(C(N)=O)=C(C)/C(=N/Nc2cc(Nc3nc(Cl)nc(Nc4ccc(S(=O)(=O)[O-])c(Nc5nc(N)nc(Cl)n5)c4)n3)c(S(=O)(=O)[O-])cc2S(=O)(=O)[O-])C1=O.[Na+].[Na+].[Na+],-0.7590012125
CC12CCC3c4ccc(O)cc4CCC3C1CCC2=O,-5.11
C[C@]12CC[C@@H]3c4ccc(O)cc4CC[C@H]3[C@@H]1CCC2=O,-5.5511481213
CC12C(=O)OC(=O)C1(C)C1CCC2O1,-3.82
C[C@]12C(=O)OC(=O)[C@@]1(C)[C@@H]1CC[C@H]2O1,-3.8156
CCOP(=O)(C(=O)c1c(C)cc(C)cc1C)c1ccccc1,-3.9560819473
C1NNCN2CNNCN12,-0.0128
CN1CCN=C(c2ccccc2)c2cc(Cl)ccc21,-4.43
N#CC(OC1OC(COC2OC(CO)C(O)C(O)C2O)C(O)C(O)C1O)c1ccccc1,-0.77
CC(C)(C)C(=O)C1C(=O)c2ccccc2C1=O,-4.107
Nc1nc(N)nc(Nc2nc(N)nc(N)n2)n1,-4.2253369782
O=c1c2ccccc2nc2n1CC[C@@H]2O,-2.106
O=c1c2ccccc2nc2n1CCC2O,-2.1
CC1(C)CCC2OC23C(C)(C)C2CCC13C2,-4.6529288002
N#Cc1ccc2c(c1)N(CCCN1CCC(O)CC1)c1ccccc1S2,-3.98
C[C@]12CC[C@H]3[C@@H](CCC4=CC(=O)CC[C@@]43C)[C@@H]1CC[C@@]21CCC(=O)O1,-4.2250037793
CC(=O)S[C@@H]1CC2=CC(=O)CC[C@]2(C)[C@H]2CC[C@@]3(C)[C@@H](CC[C@@]34CCC(=O)O4)[C@@H]21,-4.2773
CC(=O)SC1CC2=CC(=O)CCC2(C)C2CCC3(C)C(CCC34CCC(=O)O4)C12,-4.28
CC(=O)OCC1=C(C(=O)O)N2C(=O)[C@@H](NC(=O)Cc3cccs3)[C@H]2SC1,-2.94
CC(=O)OCC1=C(C(=O)O)N2C(=O)C(NC(=O)Cc3cccs3)C2SC1,-2.94
NC(Cc1ccc(O)c(O)c1)C(=O)OC1CCCCC1,-1.27
CN1CCC(=C2c3ccccc3C=Cc3ccccc32)CC1,-3.09
Nc1ccc(N=Nc2ccc(NS(=O)(=O)c3ccc(N=Nc4c(S(=O)(=O)[O-])cc5cc(S(=O)(=O)[O-])c(N=Nc6ccc([N+](=O)[O-])cc6)c(N)c5c4O)cc3)cc2)c(N)c1.[Na+].[Na+],-0.5256786207
Cn1c(=O)c2nc3c(=O)n(C)c(=O)n(C)c3nc2n(C)c1=O,-3.31
C[NH+]1CC[C@@]23c4c5ccc(O)c4OC2[C@H](O)C=C[C@@H]3[C@@H]1C5.C[NH+]1CC[C@@]23c4c5ccc(O)c4OC2[C@H](O)C=C[C@@H]3[C@@H]1C5.O=S(=O)([O-])[O-],-1.0157
O=C1CC(C(=O)O)Cc2ccccc21,-2.1031
COc1cc(Nc2c(C#N)cnc3cc(OCCCN4CCN(C)CC4)c(OC)cc23)c(Cl)cc1Cl,-4.8795513261000005
Cc1c(C(=O)O)c(O)cc2c1C(=O)c1c(O)c([C@H]3O[C@H](CO)[C@@H](O)[C@H](O)[C@H]3O)c(O)c(O)c1C2=O,-2.5784
Cc1c(C(=O)O)c(O)cc2c1C(=O)c1c(O)c(C3OC(CO)C(O)C(O)C3O)c(O)c(O)c1C2=O,-2.5784
O=C(OCn1ncc2c(=O)[nH]cnc21)c1ccccc1,-4.05
O=C(O)[C@H]1CC[C@H](C(=O)O)[Se][Se]1,-2.1053
CC[n+]1c(-c2ccccc2)c2cc(N)ccc2c2ccc(N)cc21.[Br-],-1.2948
COC1=CC(=O)C2(Oc3c(Cl)c(OC)cc(OC)c3C2=O)C(C)C1,-4.4
CCCCOC1=CC(=O)C2(Oc3c(Cl)c(OC)cc(OC)c3C2=O)C(C)C1,-5.4
CCOC1=CC(=O)C2(Oc3c(Cl)c(OC)cc(OC)c3C2=O)C(C)C1,-4.6
CCCOC1=CC(=O)C2(Oc3c(Cl)c(OC)cc(OC)c3C2=O)C(C)C1,-5.22
O=C1C=CC(=O)C=C1,-0.89
O=C1C(Cl)=C(Cl)C(=O)C(Cl)=C1Cl,-5.0896861436
Cc1ccccc1OP(=S)(S)Oc1ccccc1C,-1.0605299646
C/C=C1\CC2C=CC1C2,-3.1767964148
Nc1ccc2c(c1)C=C(S(=O)(=O)[O-])/C(=N\Nc1ccc3c(c1)C=C(S(=O)(=O)[O-])/C(=N/Nc1ccccc1)C3=O)C2=O.[Na+].[Na+],-2.2101305551
NS(=O)(=O)c1cc2c(cc1Cl)CN(C1CCCCC1)C2=O,-4.3128
Nc1ncnc2c1ccn2C1OC(CO)C(O)C1O,-1.9515
O=C([O-])c1ccc(Cl)o1,-1.7188
CCCCC(O)CN(/N=C\c1ccc([N+](=O)[O-])o1)C(N)=O,-3.5716
O=C(O)c1ccc(C(=O)O)o1,-2.2396237358
O=C(O)c1ccco1,-0.4802
NC(=O)N/N=C/c1ccc([N+](=O)[O-])o1,-2.98
CC(=O)N/N=C/c1ccc([N+](=O)[O-])o1,-2.5958
CN/C(=C/[N+](=O)[O-])NCCSCc1ccc(CN(C)C)o1,-2.5
CCOC(=O)C(=Cc1ccoc1)NC=O,-2.7477
NC(=O)N(CCO)/N=C/c1ccc([N+](=O)[O-])o1,-2.6852
Cc1oc([C@H](O)[C@H](O)[C@H](O)CO)cc1C(=O)[O-],-1.2774
c1ccoc1,-0.82
O=C(O)c1ccc(Cl)o1,-1.69
CCCCCN(N=Cc1ccc([N+](=O)[O-])o1)C(N)=O,-2.8971
O=C(O)c1cc(Br)co1,-1.1841
O=C(O)c1occ(Cl)c1Cl,-1.8263
O=C(O)/C=C/c1ccco1,-1.8392
O=Cc1ccco1,-0.0962
O=[N+]([O-])c1ccc(C=NO)o1,-2.19
O=Cc1ccc(Br)o1,-1.544
CCN(/N=C/c1ccc([N+](=O)[O-])o1)C(N)=O,-2.9395
Cc1ccc(C(=O)O)o1,-0.8243
COCc1ccc(C=O)o1,-0.4992
NCc1ccco1,1.0127047417
O=C(O)c1oc(Cl)c(Cl)c1Cl,-2.2193
OCc1ccco1,1.0083
O=C(O)c1occ(Br)c1Br,-2.0887
O=C(O)c1occc1Br,-1.17
NC(=O)NN=Cc1ccc([N+](=O)[O-])o1,-2.92
O=C(O)CNC(=O)c1ccco1,-0.7272
Cc1oc(C(O)C(O)C(O)CO)cc1C(=O)O,-1.28
Cc1ccco1,-1.4372
COCc1ccc([N+](=O)[O-])o1,-1.1548
O=[N+]([O-])c1ccc(/C=N/O)o1,-2.1934
CN/C(=C\[N+](=O)[O-])NCCSCc1ccc(CN(C)C)o1,-2.5
Nc1c(S(=O)(=O)[O-])cc(NC2CCC(Nc3nc(F)nc(Nc4cc(S(=O)(=O)[O-])ccc4S(=O)(=O)[O-])n3)CC2)c2c1C(=O)c1ccccc1C2=O.[K+].[Na+],-0.7569465698000001
S=P(Oc1ccccc1)(Oc1ccccc1)Oc1ccccc1,-6.9546943469
Nc1ccc(OP(=S)(Oc2ccc(N)cc2)Oc2ccc(N)cc2)cc1,-5.3094071365
O=[N+]([O-])c1ccc(OP(=S)(Oc2ccc([N+](=O)[O-])cc2)Oc2ccc([N+](=O)[O-])cc2)cc1,-5.6788341975
O=C=Nc1ccc(OP(=S)(Oc2ccc(N=C=O)cc2)Oc2ccc(N=C=O)cc2)cc1,-6.4917192558000005
O=C1C(Cl)=C(Cl)C(=O)c2ccccc21,-5.0237764060000005
CSC1=CC(=O)c2ccccc2C1=O,-4.4651
O=C(CC(Cl)Cl)NC1=C(Cl)C(=O)c2ccccc2C1=O,-5.03
CC1=CC(=O)c2ccccc2C1=O,-3.0319
O=C1C(Cl)=C(NC(=O)C(Cl)Cl)C(=O)c2ccccc21,-5.0261
c1ccc(OCCOc2ccccc2)cc1,-3.9885265275
Brc1cc(Br)c(OCCOc2c(Br)cc(Br)cc2Br)c(Br)c1,-6.5363
C=C(C)c1ccc(C(=O)C(C)(C)O)cc1.CC(C)(O)C(=O)c1ccc(C2(C)CC(C)(C)c3cc(C(=O)C(C)(C)O)ccc32)cc1.CC(C)(O)C(=O)c1ccc(C2(C)CC(C)(C)c3ccc(C(=O)C(C)(C)O)cc32)cc1,-5.8273288792
CC(C)(C)c1ccc(CCOc2ncnc3ccccc23)cc1,-6.1439
O=S(=O)([O-])c1ccccc1/C=C\c1ccc(-c2ccc(/C=C\c3ccccc3S(=O)(=O)[O-])cc2)cc1.[Na+].[Na+],-1.504668533
O=[N+]([O-])c1ccc(Nc2ccc(N=Nc3cc(N=Nc4cc(S(=O)(=O)[O-])cc5cc(S(=O)(=O)[O-])c(N=Nc6ccc(Nc7ccc([N+](=O)[O-])cc7S(=O)(=O)[O-])cc6)c(O)c45)c(O)cc3O)cc2)c(S(=O)(=O)[O-])c1.[Na+].[Na+].[Na+].[Na+],-0.7667514499
O=C1CCO1,0.7104893861
CC[C@@H]1C(=O)O[C@H]1C,-0.6665
c1ccc2c(c1)ccc1c3ccc4ccccc4c3[nH]c21,-7.41
c1cc(N(CC2CO2)CC2CO2)ccc1Cc1ccc(N(CC2CO2)CC2CO2)cc1,-4.6620645831
Cc1ccc(S(=O)(=O)NC(=O)NN2CCCCCC2)cc1,-3.6778
CC(C)(C)CC(C)(C)c1ccc([O-])c(Sc2cc(C(C)(C)CC(C)(C)C)ccc2[O-])c1.CCCCN.[Ni+2],-6.4460405944
Oc1c(Cl)cc(Cl)cc1Sc1cc(Cl)cc(Cl)c1O,-4.9495
c1ccc(Sc2ccccc2)cc1,-4.3606078686
Clc1ccc(Sc2cc(Cl)c(Cl)cc2Cl)cc1,-7.0335
Cc1cc(O)c(C(C)(C)C)cc1Sc1cc(C(C)(C)C)c(O)cc1C,-7.112066324
Oc1ccc(Sc2ccccc2)cc1,-2.7745
COP(=S)(OC)Oc1ccc(Sc2ccc(OP(=S)(OC)OC)cc2)cc1,-6.2375
O=C(Oc1ccccc1)n1c(C(F)(F)F)nc2cc(Cl)c(Cl)cc21,-4.4603
COc1ccc(Cc2nccc3cc(OC)c(OC)cc23)cc1OC,-3.87
O=c1[nH]c2nc[nH]c(=O)c2[nH]1,-2.96
CC(C)(c1ccccc1)c1ccc(O[P@]2OCC3(CO[P@@](Oc4ccc(C(C)(C)c5ccccc5)cc4C(C)(C)c4ccccc4)OC3)CO2)c(C(C)(C)c2ccccc2)c1,-7.2319734263
O=C1CCCCCCCCCCC(=O)OCCO1,-3.533758505
C1=CC=CCC=C1,-2.1721
CC1Cc2ccccc2N1NC(=O)c1ccc(Cl)c(S(N)(=O)=O)c1,-3.79
COC1=CC=C2C3Cc4ccc(OC)c5c4C2(CCN3C)C1O5,-2.66
COC1=CC=C2[C@H]3Cc4ccc(OC)c5c4[C@@]2(CCN3C)[C@H]1O5,-2.661
Cc1ccc(S(=O)(=O)Oc2ccc(Nc3cc(S(=O)(=O)[O-])c(N)c4c3C(=O)c3ccccc3C4=O)cc2)cc1.[Na+],-2.6221984752000003
C[C@H]1CN(c2c(F)c(N)c3c(=O)c(C(=O)O)cn(C4CC4)c3c2F)C[C@@H](C)N1,-3.37
CC1CN(c2c(F)c(N)c3c(=O)c(C(=O)O)cn(C4CC4)c3c2F)CC(C)N1,-3.37
CCN1CCN(c2cc3c(cc2F)c(=O)c(C(=O)O)cn3C2CC2)CC1,-3.18
O=C(O)c1cn(C2CC2)c2cc(N3CCNCC3)c(F)cc2c1=O,-3.6
CC1(C)NC(=O)N(Cc2ccccc2)C1=O,-1.8
Cc1ccc(S(=O)(=O)Oc2ccccc2C)cc1,-3.9417
Oc1ccc2ncccc2c1,-2.1618
O=C(O)c1cccc2cccnc12,-1.7447
Nc1ccc(S(=O)(=O)O)c2ncccc12,-2.71
Nc1c(S(=O)(=O)O)ccc2ncccc12,-2.5
c1ccc2ncccc2c1,-1.325093551
Oc1c(Br)cc(Br)c2cccnc12,-4.1938
Cc1ccc2cccc(O)c2n1,-1.7306186153
Oc1cccc2cccnc12,-2.3496052546
Oc1cnc2ccccc2c1,-2.3925
O=[N+]([O-])Cc1ccc2ccccc2n1,-2.0545
Cc1ccc2c([N+](=O)[O-])ccc(O)c2n1,-3.9598
CCN(CC)CCCC(C)Nc1ccnc2cc(Cl)ccc12,-2.83
O=C(O)c1ccc([N+](=O)[O-])c2cccnc12,-3.1656
Oc1ccc(Cl)c2cccnc12,-3.9756
O=C(O)c1ccc2ccccc2n1,-1.0911
Cc1ccc2ccc(C)nc2c1,-1.9424
Oc1c(I)cc(Cl)c2cccnc12,-1.8222562261
O=C(O)c1c(Cl)ccc2cc(Cl)cnc12,-3.57
O=C(O)c1cccc2ncccc12,-2.6774
CCCCCC(C)OC(=O)COc1ccc(Cl)c2cccnc12,-5.7479695323
Cc1cnc2c(C(=O)O)c(Cl)ccc2c1,-2.9973
Clc1ccc2c(Cl)ccnc2c1,-2.8026246384
CCCCOc1cc(C(=O)NCCN(CC)CC)c2ccccc2n1,-3.7
O=S(=O)(O)c1cc(I)c(O)c2ncccc12,-2.2
C=CC(=O)Oc1c(Br)cc(Cl)c2cccnc12,-4.7168
Cc1cc(C)c2ccccc2n1,-1.9424
O=C(O)c1ccc2ncccc2c1,-0.0456
CCc1c(C)c(CN)nc2ccccc12,-1.48
Cc1cc2cccc(O)c2nc1C,-3.32
CCOc1ccc(NC(C)=O)c2cccnc12,-1.5171
CC(=O)C(N=Nc1ccc(-c2ccc(N=NC(C(C)=O)C(=O)Nc3ccc(C)cc3C)c(Cl)c2)cc1Cl)C(=O)Nc1ccc(C)cc1C.COc1cc(NC(=O)C(N=Nc2ccc(-c3ccc(N=NC(C(C)=O)C(=O)Nc4cc(OC)c(Cl)cc4OC)c(Cl)c3)cc2Cl)C(C)=O)c(OC)cc1Cl.COc1cc(NC(=O)C(N=Nc2ccc(-c3ccc(N=NC(C(C)=O)C(=O)Nc4ccc(C)cc4C)c(Cl)c3)cc2Cl)C(C)=O)c(OC)cc1Cl,-9.052340862
CC(=O)C(N=Nc1ccc(-c2ccc(N=NC(C(C)=O)C(=O)Nc3ccccc3)c(Cl)c2)cc1Cl)C(=O)Nc1ccccc1.COc1ccc(NC(=O)C(N=Nc2ccc(-c3ccc(N=NC(C(C)=O)C(=O)Nc4ccc(OC)cc4)c(Cl)c3)cc2Cl)C(C)=O)cc1.COc1ccc(NC(=O)C(N=Nc2ccc(-c3ccc(N=NC(C(C)=O)C(=O)Nc4ccccc4)c(Cl)c3)cc2Cl)C(C)=O)cc1,-8.5404809541
c1ccc2c(c1)CCc1ccccc1-2,-4.6347
COCc1cnc(C2=NC(C)(C(C)C)C(=O)N2)c(C(=O)O)c1,-1.84
CCc1cnc(C2=NC(C)(C(C)C)C(=O)N2)c(C(=O)O)c1,-2.3153
Cc1cnc(C2=NC(C)(C(C)C)C(=O)N2)c(C(=O)O)c1,-2.0911
CC(C)C1(C)N=C(c2ncccc2C(=O)O)NC1=O,-1.3640293861
CN1C(=O)c2cccnc2Oc2ccccc21,-3.672
Cc1ccc2c(c1)Oc1ncc(N)cc1C(=O)N2C,-3.043
COc1cc(OC)nc(NC(=O)NS(=O)(=O)c2c(-c3nnn(C)n3)cnn2C)n1,-2.6066
COC1=CC(=O)CC(C)C12Oc1cc(OC)cc(OC)c1C2=O,-3.699
COC1=CC(=O)CC(C)C12Oc1c(Cl)c(OC)cc(OC)c1C2=O,-3.97
CCOC1=CC(=O)CC(C)C12Oc1c(Cl)c(OC)cc(OC)c1C2=O,-5.0
CCOC1=CC(=O)CC(C)C12Oc1c(Cl)c(OCC)cc(OC)c1C2=O,-4.7
CCCOC1=CC(=O)CC(C)C12Oc1c(Cl)c(OC)cc(OC)c1C2=O,-4.52
CCCCOC1=CC(=O)CC(C)C12Oc1c(Cl)c(OC)cc(OC)c1C2=O,-4.7
CC1(C)C(C=C(Cl)Cl)C1C(=O)OC(C#N)c1cccc(Oc2ccccc2)c1,-6.5587
CC1(C)[C@@H](C=C(Br)Br)[C@H]1C(=O)O[C@H](C#N)c1cccc(Oc2ccccc2)c1,-8.4024
CC1(C)C(C=C(Cl)Cl)C1C(=O)OCc1cccc(Oc2ccccc2)c1,-6.29
CC1(C)[C@@H](C(Br)C(Br)(Br)Br)[C@H]1C(=O)O[C@H](C#N)c1cccc(Oc2ccccc2)c1,-6.9197
CC(C)=CC1C(C(=O)OC(C#N)c2cccc(Oc3ccccc3)c2)C1(C)C,-7.5746
CC1(C)C(C(=O)OC(C#N)c2cccc(Oc3ccccc3)c2)C1(C)C,-6.0248
CC(C)=CC1C(C(=O)OCc2cccc(Oc3ccccc3)c2)C1(C)C,-5.24
CC1(C)[C@@H](C=C(Cl)Cl)[C@H]1C(=O)OC(C#N)c1cccc(Oc2ccccc2)c1,-7.6194
CC1(C)[C@@H](C=C(Cl)Cl)[C@H]1C(=O)OCc1cccc(Oc2ccccc2)c1,-6.99
CC1(C)C(C=C(Cl)Cl)C1C(=O)OC(C#N)c1ccc(F)c(Oc2ccccc2)c1,-7.3370000000000015
CC1(C)C(C=C(Cl)C(F)(F)F)C1C(=O)OC(C#N)c1cccc(Oc2ccccc2)c1,-8.176
CC1(C)C(C=C(Br)Br)C1C(=O)OC(C#N)c1cccc(Oc2ccccc2)c1,-8.402000000000001
CC1(C)C(/C=C(\Cl)C(F)(F)F)C1C(=O)OC(C#N)c1cccc(Oc2ccccc2)c1,-7.9541
CC1(C)[C@@H](/C=C\C(=O)OC(C(F)(F)F)C(F)(F)F)[C@H]1C(=O)O[C@H](C#N)c1cccc(Oc2ccccc2)c1,-7.4325
O=C(c1ccc(F)cc1)C1CCNCC1.[Cl-].[H+],0.5890195686999999
CC(C)c1ccc2c(c1)CC[C@@H]1[C@]2(C)CCC[C@@]1(C)C(=O)O,-4.6582
C=CCOC1=NS(=O)(=O)c2ccccc21,-3.1727
CO/N=C(\C)c1cccc(Oc2nc(OC)cc(OC)n2)c1C(=O)OC,-3.6037
CO/N=C(/C)c1cccc(Oc2nc(OC)cc(OC)n2)c1C(=O)OC,-3.31
O=C1c2cccc(Sc3ccccc3)c2C(=O)c2c(Sc3ccccc3)cccc21,-5.517335043099999
c1ccc2c(c1)c1cccc3ccc4cccc2c4c31,-7.66
Cc1cc2nc3c(C)c(N)ccc3[n+](-c3ccccc3)c2cc1N.[Cl-],-0.8462
CC1(C)N=C(c2ccccc2)NC1=O,-0.85
COC(=O)c1ccc(C)cc1C1=NC(C)(C(C)C)C(=O)N1,-2.4599
COC(=O)c1cc(C)ccc1C1=NC(C)(C(C)C)C(=O)N1,-2.3262
CCC(=O)N(c1ccccc1)C1CC[NH2+]CC1,-0.8352255084
O=C(Oc1ccccc1)c1ccccc1C(=O)Oc1ccccc1,-6.5891
CC1CC(CC2CCC(N)C(C)C2)CCC1N,-1.8210383613
NC1CCC(CC2CCC(N)CC2)CC1,-1.6240034803
CCOC(=O)CC(NC1CCC(CC2CCC(NC(CC(=O)OCC)C(=O)OCC)C(C)C2)CC1C)C(=O)OCC,-5.0665338896
CCOC(=O)CC(NC1CCC(CC2CCC(NC(CC(=O)OCC)C(=O)OCC)CC2)CC1)C(=O)OCC,-3.7440777388
CC(C)(C1CCC(O)CC1)C1CCC(O)CC1,-3.0976097488
CC(C)=C[C@@H]1[C@@H](C(=O)OCN2C(=O)C3=C(CCCC3)C2=O)C1(C)C,-4.8580000000000005
CC(C)=CC1C(C(=O)OCN2C(=O)C3=C(CCCC3)C2=O)C1(C)C,-5.26
c1cc(OCC2CO2)c2ccc(OCC3CO3)cc2c1,-3.9191737976
O=[N+]([O-])NC1=NCCN1Cc1ccc(Cl)nc1,-2.6223
CCC(=O)N(c1ccccc1)C1CCN(CCc2ccccc2)CC1,-3.82
O=C(/C=C/c1ccccc1)OCCc1ccccc1,-5.4019396274
O1[Pb]O[Pb]2O[Pb]1O2,-4.0080532109
CC1=CC(=O)N(Cc2cccc(CN3C(=O)C=C(C)C3=O)c2)C1=O,-3.9003349932
O=C1c2c(O)cccc2[C@@H]([C@@H]2O[C@H](CO)[C@@H](O)[C@H](O)[C@H]2O)c2cc(CO)cc(O)c21,-1.7025
CN(C)c1ccc2nc3ccc(N(C)C)cc3[s+]c2c1.[Cl-],-0.8655
Cc1cc2nc3ccc(N(C)C)cc3[s+]c2cc1N.[Cl-],-0.9034
O=C1CCCCCN1C(=O)NCCCCCCNC(=O)N1CCCCCC1=O,-3.9064006561
O=C1CC/C=C\CCCCCCCCCC1,-4.8831871131
Nc1nc(=O)nc(N)[nH]1,-3.2291
CCNc1nc(=O)nc(NC(C)C)[nH]1,-4.5241
Nc1ncn[nH]1,0.8326929954000001
c1nc[nH]n1,1.0058274476
CCOC(=O)CSc1nc(C(C)(C)C)nn1C(=O)N(C)C,-2.861
CCOP(=S)(OCC)Oc1nc(Cl)n(C(C)C)n1,-3.6577
CC(=O)OCC1=C(C(=O)O)N2C(=O)[C@@H](N)[C@H]2SC1,-2.6489777217
CC1=C(C(=O)O)N2C(=O)C(N)C2SC1,-3.0453554133
CCCC(C)C(CCC)C(C)Cc1ccc(OP(=S)([S-])Oc2ccc(CC(C)C(CCC)C(C)CCC)cc2)cc1.CCCC(C)C(CCC)C(C)Cc1ccc(OP(=S)([S-])Oc2ccc(CC(C)C(CCC)C(C)CCC)cc2)cc1.[Zn+2],-5.4154147676
CCCn1c(=O)c2[nH]c(C3CCCC3)nc2n(CCC)c1=O,-4.96
c1ccc2c3c(ccc2c1)Nc1ccc2ccccc2c1S3,-6.8786
Nc1cnc2cncnc2n1,-2.31
Nc1cnc2ncncc2n1,-2.34
c1cnc2ncncc2n1,0.02
COc1ncc2nccnc2n1,-1.113
Nc1ncnc2nccnc12,-2.31
CCc1nc2ncnc(O)c2nc1CC,-1.9122
CCc1nc2cnc(N)nc2nc1CC,-3.04
CCc1nc2ncnc(N)c2nc1CC,-2.93
CCc1nc2nc(N)nc(N)c2nc1CC,-3.2671
CNc1ncc2nccnc2n1,-1.7124
Clc1ncc2nccnc2n1,-0.71
CN(C)c1ncnc2nccnc12,-1.0216
COc1cnc2ncncc2n1,-1.14
COc1cnc2cncnc2n1,-0.91
Cc1nc2cncnc2nc1C,-0.46
CN(C)c1ncc2nccnc2n1,0.3586
COc1ncnc2nccnc12,-1.113
Cc1ncc2nccnc2n1,-0.1191
Cc1ncnc2nccnc12,-0.4658
Nc1nc(N)c2nccnc2n1,-2.69
CN(C)c1cnc2cncnc2n1,-0.09
CCc1nc2cnc(O)nc2nc1CC,-2.2644
CSc1cnc2cncnc2n1,-1.55
CSc1cnc2ncncc2n1,-1.55
Clc1cnc2cncnc2n1,-0.8749
CSc1ncc2nccnc2n1,-1.7561
Nc1ncc2nccnc2n1,-2.2979
Cc1ncc2nc(C)c(C)nc2n1,-1.1442
Clc1cnc2ncncc2n1,-0.87
Sc1cnc2ncncc2n1,-2.71
CCc1nc2cncnc2nc1CC,-0.18
Cc1cnc2ncncc2n1,0.06
CSc1ncnc2nccnc12,-1.76
Cc1cnc2cncnc2n1,-0.01
C=C1CCOC1=O,0.1844
Cc1ccc2nc(-c3ccc(NC(=O)/C(C#N)=C/c4ccc(N(C)CCS(=O)(=O)[O-])cc4)cc3)sc2c1S(=O)(=O)[O-].[Na+].[Na+],-0.415949942
COc1cc(OC)n2nc(S(=O)(=O)Nc3c(Cl)ccc(C)c3Cl)nc2n1,-3.3204
Cc1ccn2nc(S(=O)(=O)Nc3c(F)cccc3F)nc2n1,-3.8248
C#CC1(O)CCC2C3CCC4=Cc5oncc5CC4(C)C3CCC21C,-5.51
COC1C(O)[C@H](O[C@H]2CC[C@]3(C)C4CC[C@]5(C)[C@@H](C6=CC(=O)OC6)CC[C@]5(O)C4CC[C@]3(O)C2)OC(CO[C@@H]2C(O)C[C@@H](O)OC2C)[C@H]1O,-1.94
N=c1nc(N2CCCCC2)cc(N)n1O,-1.9782
Nc1ccc2c([O-])c(N=Nc3ccc(N=Nc4ccc(S(=O)(=O)[O-])cc4)cc3)c(S(=O)(=O)O)cc2c1.[Na+].[Na+],-0.4603540840999999
CCCCCCCCCCCCCC.CCc1ccccc1.c1ccc2cc3ccccc3cc2c1.c1ccc2ccccc2c1.c1ccccc1,-5.0416978328
Cc1c(OCc2ccccc2)ccc2c(=O)cc(N3CCOCC3)oc12,-5.16
CCNC(=O)Nc1ncc([N+](=O)[O-])s1,-2.8578
CC(CCC(=O)O)=NNC(=O)c1nccs1,-1.73
NC(N)=Nc1nc(CSCC/C(N)=N\S(N)(=O)=O)cs1,-2.65
Nc1nc(CC(=O)O)cs1,-1.9816731181
Nc1nccs1,-0.36
CC(=NNC(=O)c1nccs1)C(=O)O,-1.93
OCc1cncs1,0.5257355357
CCC(=O)Nc1nc(C)c(Cl)s1,-3.06
NNC(=O)c1nccs1,-0.6787
O=C1NC(=O)C2=C1CCCC2,-1.974517726
Clc1ccc(-c2cccc(Cl)c2)cc1,-6.4001
O=[N+]([O-])c1ccc(-c2ccccc2)cc1O,-3.8557
Clc1ccc(-c2ccc(Cl)c(Cl)c2Cl)c(Cl)c1,-7.62
Clc1cccc(-c2ccccc2)c1,-4.88
Clc1cccc(Cl)c1-c1ccccc1,-5.21
Clc1cc(Cl)c(-c2ccccc2)cc1Cl,-6.27
Clc1cc(Cl)c(-c2cc(Cl)c(Cl)cc2Cl)cc1Cl,-8.56
Clc1cc(Cl)c(-c2cc(Cl)cc(Cl)c2Cl)c(Cl)c1,-8.71
Clc1c(Cl)c(Cl)c(-c2c(Cl)c(Cl)c(Cl)c(Cl)c2Cl)c(Cl)c1Cl,-11.6
Clc1cc(Cl)c(-c2cccc(Cl)c2Cl)cc1Cl,-7.21
Clc1ccc(-c2c(Cl)ccc(Cl)c2Cl)c(Cl)c1,-7.43
Clc1ccc(-c2cccc(Cl)c2Cl)cc1,-6.29
Clc1ccc(-c2cc(Cl)ccc2Cl)cc1,-6.27
Brc1ccc(Br)c(-c2cc(Br)c(Br)cc2Br)c1,-9.7256
Clc1ccc(-c2c(Cl)cccc2Cl)c(Cl)c1,-6.65
Clc1ccc(-c2cc(Cl)cc(Cl)c2Cl)c(Cl)c1,-7.82
Clc1cc(Cl)cc(-c2c(Cl)ccc(Cl)c2Cl)c1,-7.95
Clc1ccc(-c2c(Cl)c(Cl)cc(Cl)c2Cl)cc1,-7.88
Clc1cc(Cl)cc(-c2cc(Cl)c(Cl)cc2Cl)c1,-7.47
Clc1ccc(Cl)c(-c2c(Cl)cc(Cl)c(Cl)c2Cl)c1,-8.01
Clc1cc(-c2c(Cl)cccc2Cl)c(Cl)c(Cl)c1Cl,-8.13
Clc1cc(Cl)c(Cl)c(-c2c(Cl)c(Cl)c(Cl)c(Cl)c2Cl)c1,-9.42
Clc1cc(Cl)c(Cl)c(-c2cccc(Cl)c2Cl)c1,-6.96
Oc1ccc(-c2ccc(O)cc2)cc1,-3.7423730992
CC(=O)C(N=Nc1ccc(-c2ccc(N=NC(C(C)=O)C(=O)NN)c(Cl)c2)c(Cl)c1)C(=O)NN,-8.7052973925
Nc1ccc(-c2ccc(Cl)cc2)cc1,-4.6383
Clc1cc(Cl)cc(-c2c(Cl)c(Cl)c(Cl)c(Cl)c2Cl)c1,-9.1
Nc1ccc(-c2ccc(N)cc2)cc1,-2.7
Clc1cc(Cl)c(-c2ccccc2Cl)cc1Cl,-7.2505
Clc1ccccc1-c1cc(Cl)c(Cl)c(Cl)c1,-6.9069
Clc1ccc(Cl)c(-c2cc(Cl)c(Cl)c(Cl)c2)c1,-7.3149
C=CC(=O)OCCOc1ccccc1-c1ccccc1,-3.9515188418
C=C(CC(=O)c1ccc(-c2ccccc2Cl)cc1)C(=O)O,-3.2
O=[N+]([O-])c1cc([N+](=O)[O-])c(-c2ccccc2)cc1O,-4.4611
ClCc1ccc(-c2ccc(CCl)cc2)cc1,-10.098913562
NC(=O)Cc1ccc(-c2ccccc2)cc1,-3.33
Clc1cccc(-c2cc(Cl)c(Cl)cc2Cl)c1,-7.1299
Clc1ccccc1-c1c(Cl)c(Cl)cc(Cl)c1Cl,-7.3999
Clc1ccc(-c2c(Cl)cccc2Cl)c(Cl)c1Cl,-6.7798
Clc1cccc(-c2ccc(Cl)c(Cl)c2Cl)c1,-6.77
Clc1ccc(-c2cc(Cl)cc(Cl)c2Cl)cc1,-6.77
Clc1cccc(-c2c(Cl)c(Cl)cc(Cl)c2Cl)c1,-7.76
Clc1ccc(-c2cc(Cl)c(Cl)c(Cl)c2Cl)cc1,-7.3102
Clc1ccc(-c2c(Cl)cc(Cl)c(Cl)c2Cl)cc1,-7.95
Clc1ccc(-c2c(Cl)cc(Cl)c(Cl)c2Cl)cc1Cl,-7.6505
Clc1ccc(-c2c(Cl)c(Cl)cc(Cl)c2Cl)cc1Cl,-8.48
Clc1cc(-c2c(Cl)ccc(Cl)c2Cl)cc(Cl)c1Cl,-8.27
Clc1cc(Cl)cc(-c2c(Cl)c(Cl)cc(Cl)c2Cl)c1,-8.2696
Clc1ccc(-c2c(Cl)c(Cl)c(Cl)c(Cl)c2Cl)c(Cl)c1,-8.9706
Clc1cc(-c2c(Cl)cc(Cl)c(Cl)c2Cl)cc(Cl)c1Cl,-9.1
Clc1cc(Cl)c(-c2c(Cl)c(Cl)c(Cl)c(Cl)c2Cl)c(Cl)c1,-9.48
Clc1cc(-c2c(Cl)c(Cl)c(Cl)c(Cl)c2Cl)cc(Cl)c1Cl,-9.6997
Clc1cc(Cl)c(-c2c(Cl)c(Cl)cc(Cl)c2Cl)c(Cl)c1,-8.4901
O=[N+]([O-])c1ccc(O)cc1-c1ccccc1,-3.63
O=[N+]([O-])c1c(O)cccc1-c1ccccc1,-3.95
N#Cc1ccccc1-c1ccc(CBr)cc1,-6.6566491092
CC(=O)CC(=O)Nc1ccc(-c2ccc(NC(=O)CC(C)=O)c(C)c2)cc1C,-5.3250182341
Clc1cc(-c2cccc(Cl)c2Cl)cc(Cl)c1Cl,-7.4052
Brc1ccc(Br)c(-c2cc(Br)ccc2Br)c1,-8.06
Clc1ccccc1-c1c(Cl)c(Cl)c(Cl)c(Cl)c1Cl,-8.0133
c1ccc(-c2ccccc2)cc1,-4.32
Clc1ccc(-c2c(Cl)c(Cl)c(Cl)c(Cl)c2Cl)cc1Cl,-8.9
Clc1cc(-c2c(Cl)c(Cl)cc(Cl)c2Cl)cc(Cl)c1Cl,-9.1
Brc1ccc(-c2ccc(Br)cc2)cc1,-7.74
Clc1cc(Cl)c(-c2c(Cl)c(Cl)cc(Cl)c2Cl)cc1Cl,-8.94
Brc1ccc(-c2c(Br)c(Br)c(Br)c(Br)c2Br)c(Br)c1Br,-9.351
Clc1cc(Cl)c(Cl)c(-c2cc(Cl)cc(Cl)c2Cl)c1,-8.56
Clc1ccc(-c2cc(Cl)c(Cl)c(Cl)c2Cl)c(Cl)c1,-8.32
O=[N+]([O-])c1ccc(O)c([N+](=O)[O-])c1-c1ccccc1,-3.7164
Brc1ccc(-c2ccccc2)cc1,-5.5526
Cc1ccc(-c2ccccc2)cc1,-4.6185
Clc1cccc(-c2cccc(Cl)c2)c1,-5.7983
Clc1ccc(-c2ccc(Cl)cc2)cc1,-6.5561
Clc1ccccc1-c1ccccc1,-4.5917
Clc1ccc(-c2ccccc2)cc1Cl,-6.3899
Clc1ccccc1-c1ccccc1Cl,-5.0813
Clc1cccc(Cl)c1-c1c(Cl)cccc1Cl,-7.3898
Clc1cccc(-c2ccccc2)c1Cl,-5.3498
Clc1c(Cl)c(Cl)c(-c2ccccc2)c(Cl)c1Cl,-7.9107
Clc1cccc(-c2ccccc2Cl)c1,-5.5851
Clc1ccc(-c2cc(Cl)c(Cl)cc2Cl)cc1Cl,-7.3867
Clc1ccc(-c2ccc(Cl)c(Cl)c2)c(Cl)c1,-6.8995
Clc1ccc(Cl)c(-c2ccc(Cl)c(Cl)c2)c1,-6.8526
Clc1ccc(-c2cc(Cl)c(Cl)cc2Cl)cc1,-7.7699
Clc1ccc(-c2ccc(Cl)c(Cl)c2Cl)cc1,-6.8754
Clc1ccc(-c2ccccc2)c(Cl)c1,-5.2878
Clc1ccc(Cl)c(-c2ccccc2)c1,-5.2993
Clc1ccc(-c2ccccc2Cl)cc1,-5.2803
Clc1cc(Cl)c(-c2ccc(Cl)c(Cl)c2Cl)cc1Cl,-8.3813
Brc1ccc(-c2ccc(Br)c(Br)c2Br)c(Br)c1Br,-7.7563
Clc1ccc(-c2ccccc2Cl)c(Cl)c1,-6.4902
Clc1ccc(Cl)c(-c2cc(Cl)c(Cl)cc2Cl)c1,-7.3263
Clc1ccc(Cl)c(-c2c(Cl)ccc(Cl)c2Cl)c1,-7.1895
Clc1ccc(-c2cc(Cl)c(Cl)cc2Cl)c(Cl)c1,-7.9503
Clc1ccc(-c2c(Cl)ccc(Cl)c2Cl)cc1Cl,-7.6499
Clc1ccc(Cl)c(-c2c(Cl)ccc(Cl)c2Cl)c1Cl,-7.9032
Clc1ccccc1-c1c(Cl)cccc1Cl,-5.9003
Clc1ccc(-c2c(Cl)cccc2Cl)cc1,-6.2095
Clc1ccccc1-c1cccc(Cl)c1Cl,-5.944
Clc1cccc(-c2cc(Cl)ccc2Cl)c1,-6.0077
Clc1ccc(-c2ccccc2Cl)cc1Cl,-6.287000000000001
Clc1ccc(-c2ccc(Cl)c(Cl)c2)cc1,-6.5541
Clc1cccc(-c2cccc(Cl)c2Cl)c1Cl,-7.2722
Clc1ccc(Cl)c(-c2cccc(Cl)c2Cl)c1,-6.4654
Clc1ccccc1-c1ccc(Cl)c(Cl)c1Cl,-6.8299
Clc1ccc(Cl)c(-c2cc(Cl)cc(Cl)c2Cl)c1,-7.8201
Clc1cc(Cl)c(Cl)c(-c2c(Cl)ccc(Cl)c2Cl)c1,-7.8218
CC(C)c1ccc(-c2ccccc2)cc1,-5.609857774299999
Clc1cccc(-c2cc(Cl)c(Cl)c(Cl)c2Cl)c1Cl,-8.4206
Clc1ccc(-c2ccccc2)cc1,-5.2
Clc1ccc(-c2ccc(Cl)c(Cl)c2)cc1Cl,-8.53
Clc1ccc(-c2ccc(Cl)c(Cl)c2Cl)cc1Cl,-7.9823
Clc1ccc(Cl)c(-c2ccccc2Cl)c1,-6.02
Clc1cc(-c2cc(Cl)c(Cl)c(Cl)c2)cc(Cl)c1Cl,-8.8498
Clc1ccc(-c2c(Cl)cc(Cl)cc2Cl)cc1,-6.94
Clc1cc(Cl)c(-c2c(Cl)cc(Cl)c(Cl)c2Cl)c(Cl)c1Cl,-9.1
Clc1ccc(Cl)c(-c2c(Cl)cccc2Cl)c1,-6.8
Clc1cc(Cl)cc(-c2cc(Cl)cc(Cl)c2)c1,-8.3748
Clc1cc(Cl)c(Cl)c(-c2ccccc2)c1Cl,-7.25
Clc1ccc(-c2ccc(Cl)cc2Cl)cc1,-6.0
Brc1cc(Br)c(-c2ccccc2)c(Br)c1,-7.3
Cc1cc(-c2ccc(N=C=O)c(C)c2)ccc1N=C=O,-2.308127519
Clc1cc(Cl)c(-c2ccccc2)c(Cl)c1,-6.06
Nc1ccccc1-c1ccccc1,-2.8611137345
Clc1ccc(Cl)c(-c2ccccc2)c1Cl,-6.29
CC(C(=O)O)c1ccc(-c2ccccc2)c(F)c1,-4.29
Clc1cc(Cl)c(-c2cc(Cl)c(Cl)c(Cl)c2Cl)cc1Cl,-8.0115
Clc1ccc(-c2cc(Cl)c(Cl)c(Cl)c2Cl)c(Cl)c1Cl,-8.0566
Nc1ccc(-c2ccc(N)cc2S(=O)(=O)O)c(S(=O)(=O)O)c1,-2.6919272706
O=C(O)CCC(=O)c1ccc(-c2ccccc2)cc1,-5.0609
Clc1ccc(-c2cccc(Cl)c2Cl)c(Cl)c1,-6.6813
Clc1ccc(-c2cc(Cl)c(Cl)c(Cl)c2)cc1,-7.96
O=C(O)c1cc(-c2ccc(F)cc2F)ccc1O,-4.61
Clc1ccc(-c2ccc(Cl)cc2Cl)c(Cl)c1,-6.51
Clc1ccc(-c2cc(Cl)ccc2Cl)c(Cl)c1,-7.26
Clc1ccc(Cl)c(-c2cc(Cl)ccc2Cl)c1,-7.04
Clc1cc(-c2ccccc2)c(Cl)c(Cl)c1Cl,-7.16
Clc1cc(Cl)cc(-c2ccccc2Cl)c1,-6.2999
Clc1cc(Cl)c(-c2c(Cl)ccc(Cl)c2Cl)cc1Cl,-7.93
Clc1ccc(-c2c(Cl)ccc(Cl)c2Cl)c(Cl)c1Cl,-7.65
Clc1ccc(-c2cc(Cl)c(Cl)c(Cl)c2Cl)cc1Cl,-7.8306
Clc1cc(-c2c(Cl)ccc(Cl)c2Cl)c(Cl)c(Cl)c1Cl,-8.5901
Clc1cccc(-c2c(Cl)cccc2Cl)c1,-6.8245
Clc1ccc(-c2cc(Cl)c(Cl)c(Cl)c2)cc1Cl,-8.39
Clc1ccc(-c2cc(Cl)c(Cl)c(Cl)c2)c(Cl)c1,-8.55
Oc1ccc(-c2ccccc2)cc1O,-2.0659
Oc1ccccc1-c1ccccc1,-2.5067117536000003
CC(=O)c1ccc(-c2ccccc2)cc1,-3.3104
O=[N+]([O-])c1ccc(-c2ccccc2)cc1,-5.2094
Clc1ccc(-c2c(Cl)cc(Cl)cc2Cl)c(Cl)c1,-7.66
Clc1ccc(Cl)c(-c2ccc(Cl)c(Cl)c2Cl)c1,-7.91
O=[N+]([O-])c1ccccc1-c1ccc(Cl)cc1,-4.9372094561
Clc1cc(-c2cc(Cl)c(Cl)c(Cl)c2Cl)cc(Cl)c1Cl,-8.7202
CC(C)(C)c1cc(-c2cc(C(C)(C)C)cc(C(C)(C)C)c2O)c(O)c(C(C)(C)C)c1,-6.889187496900001
Clc1cc(Cl)c(Cl)c(-c2c(Cl)cc(Cl)c(Cl)c2Cl)c1,-8.68
Clc1cc(Cl)c(-c2c(Cl)c(Cl)cc(Cl)c2Cl)c(Cl)c1Cl,-9.1999
Nc1ccc(-c2ccc(N)c(Cl)c2)cc1Cl,-4.912
COc1cc(-c2ccc(N)c(OC)c2)ccc1N,-3.6098
Clc1ccc(-c2c(Cl)cccc2Cl)cc1Cl,-7.0199
Clc1ccccc1-c1c(Cl)ccc(Cl)c1Cl,-6.3001
Clc1cc(-c2ccc(Cl)c(Cl)c2Cl)cc(Cl)c1Cl,-9.1
Clc1ccc(-c2ccc(Cl)c(Cl)c2Cl)c(Cl)c1Cl,-8.78
Clc1cc(Cl)c(-c2c(Cl)cc(Cl)cc2Cl)c(Cl)c1,-8.71
Clc1cc(-c2c(Cl)cc(Cl)c(Cl)c2Cl)c(Cl)c(Cl)c1Cl,-9.42
Clc1cc(Cl)c(-c2c(Cl)cc(Cl)c(Cl)c2Cl)cc1Cl,-7.92
Clc1ccc(Cl)c(-c2c(Cl)c(Cl)c(Cl)c(Cl)c2Cl)c1,-8.46
Clc1cc(Cl)c(Cl)c(-c2cc(Cl)c(Cl)cc2Cl)c1,-8.5801
Clc1cccc(-c2ccc(Cl)c(Cl)c2Cl)c1Cl,-7.0502
Clc1ccc(Cl)c(-c2c(Cl)c(Cl)cc(Cl)c2Cl)c1,-7.4254
Clc1ccc(Cl)c(-c2c(Cl)c(Cl)cc(Cl)c2Cl)c1Cl,-7.94
Clc1cc(Cl)c(-c2c(Cl)ccc(Cl)c2Cl)c(Cl)c1Cl,-8.1501
Clc1cc(Cl)c(Cl)c(-c2c(Cl)c(Cl)cc(Cl)c2Cl)c1,-8.5901
Clc1ccc(-c2c(Cl)c(Cl)cc(Cl)c2Cl)c(Cl)c1Cl,-8.42
Clc1ccc(-c2c(Cl)cc(Cl)c(Cl)c2Cl)c(Cl)c1Cl,-8.2605
Clc1cc(Cl)c(-c2cc(Cl)c(Cl)c(Cl)c2)cc1Cl,-8.21
Clc1ccc(Cl)c(-c2c(Cl)c(Cl)c(Cl)c(Cl)c2Cl)c1Cl,-9.1
Clc1cc(Cl)c(Cl)c(-c2cc(Cl)c(Cl)c(Cl)c2Cl)c1,-9.1
Clc1cc(-c2c(Cl)c(Cl)cc(Cl)c2Cl)c(Cl)c(Cl)c1Cl,-9.29
Clc1cc(Cl)c(-c2c(Cl)c(Cl)c(Cl)c(Cl)c2Cl)cc1Cl,-9.5
Clc1cc(Cl)c(Cl)c(-c2c(Cl)c(Cl)c(Cl)c(Cl)c2Cl)c1Cl,-10.4115
Clc1ccc(-c2c(Cl)c(Cl)c(Cl)c(Cl)c2Cl)c(Cl)c1Cl,-9.29
Clc1cc(Cl)c(-c2c(Cl)c(Cl)c(Cl)c(Cl)c2Cl)c(Cl)c1Cl,-10.1035
Clc1cccc(-c2c(Cl)c(Cl)cc(Cl)c2Cl)c1Cl,-8.6036
Clc1ccc(Cl)c(-c2cc(Cl)c(Cl)c(Cl)c2Cl)c1,-7.6794
Clc1cc(-c2cc(Cl)c(Cl)c(Cl)c2Cl)c(Cl)c(Cl)c1Cl,-9.16
Clc1cc(Cl)c(Cl)c(-c2c(Cl)c(Cl)cc(Cl)c2Cl)c1Cl,-9.38
O=C(O)c1ccccc1-c1ccccc1C(=O)O,-2.2839
S=C=Nc1ccc(-c2ccccc2)cc1,-4.85
Nc1ccc(-c2ccc(N)c(Cl)c2)cc1Cl.[Cl-].[Cl-].[H+].[H+],-3.2628695302
COc1ccc(-c2ccccc2)cc1NNC(=O)OC(C)C,-4.9025
Clc1cc(-c2c(Cl)c(Cl)c(Cl)c(Cl)c2Cl)c(Cl)c(Cl)c1Cl,-9.62
O=C(O)Cc1ccc(-c2ccccc2)cc1,-3.73
CC(=O)Oc1ccc(-c2ccccc2)cc1,-4.4
Clc1cccc(-c2c(Cl)ccc(Cl)c2Cl)c1Cl,-6.7798
Clc1ccccc1-c1c(Cl)cc(Cl)c(Cl)c1Cl,-7.4346
Clc1ccccc1-c1cc(Cl)c(Cl)c(Cl)c1Cl,-7.5226
Clc1ccc(-c2ccccc2)c(Cl)c1Cl,-6.1799
Clc1ccc(-c2c(Cl)cc(Cl)c(Cl)c2Cl)c(Cl)c1,-7.4721
COCc1ccc(-c2ccc(COC)cc2)cc1,-4.0023686333
Clc1cc(Cl)c(-c2c(Cl)cccc2Cl)c(Cl)c1,-7.316
Clc1cc(Cl)c(-c2ccc(Cl)c(Cl)c2)c(Cl)c1,-7.91
Clc1cc(Cl)cc(-c2c(Cl)cc(Cl)cc2Cl)c1,-7.92
O=C(Cc1ccc(-c2ccccc2)cc1)OCCF,-5.01
COc1cc(-c2cc(OC)cc(C(C)(C)C)c2O)c(O)c(C(C)(C)C)c1,-6.7763112575
Cc1ccc(-c2ccc(C)cc2)cc1,-6.0177
Clc1cc(Cl)c(-c2ccc(Cl)c(Cl)c2Cl)c(Cl)c1,-8.2399
Clc1cc(Cl)c(-c2cc(Cl)ccc2Cl)c(Cl)c1,-7.47
Clc1cc(Cl)c(-c2cc(Cl)c(Cl)cc2Cl)c(Cl)c1,-8.1199
Clc1cc(Cl)c(-c2cc(Cl)c(Cl)c(Cl)c2Cl)c(Cl)c1,-8.68
O=[N+]([O-])c1cc(-c2ccccc2)ccc1O,-4.4101
Clc1cccc(-c2c(Cl)cc(Cl)cc2Cl)c1,-7.1547
Clc1cc(Cl)c(-c2cccc(Cl)c2Cl)c(Cl)c1,-7.3999
Clc1cccc(-c2c(Cl)cc(Cl)c(Cl)c2Cl)c1Cl,-8.48
Oc1ccc(-c2ccccc2)cc1,-3.4812
Clc1cc(Cl)c(-c2ccccc2Cl)c(Cl)c1,-6.65
Clc1cc(Cl)c(Cl)c(-c2ccccc2Cl)c1,-6.23
Cc1cc(-c2ccc(N)c(C)c2)ccc1N,-2.213
Clc1cccc(-c2c(Cl)cccc2Cl)c1Cl,-6.3
O=C(O)c1ccccc1-c1ccccc1,-2.73
Cc1ccc(-c2cc(C(F)(F)F)nn2-c2ccc(S(N)(=O)=O)cc2)cc1,-4.74
CC(C)NCC1CCc2cc(CO)c([N+](=O)[O-])cc2N1,-2.97
O=C1c2c(Cl)c(Cl)c(Cl)c(Cl)c2C2=Nc3cccc4cccc(c34)N12,-7.1336144776
O=C1c2ccccc2C2=Nc3cccc4cccc(c34)N12,-7.2557403260000015
CCN(c1ccccc1)c1nc(Cl)nc(Nc2cc(S(=O)(=O)[O-])cc3c2C(=O)/C(=N/Nc2ccccc2S(=O)(=O)[O-])C(S(=O)(=O)[O-])=C3)n1.[Na+].[Na+].[Na+],-0.2667452841
O=C1/C(=N/Nc2ccc(S(=O)(=O)CCOS(=O)(=O)[O-])cc2)C(S(=O)(=O)[O-])=Cc2cc(S(=O)(=O)[O-])cc(Nc3nc(Cl)nc(Nc4cccc(S(=O)(=O)[O-])c4)n3)c21.[Na+].[Na+].[Na+].[Na+],-0.903187957
Cc1ccccc1Nc1nc(Cl)nc(Nc2cc(S(=O)(=O)[O-])cc3c2C(=O)/C(=N\Nc2ccccc2S(=O)(=O)[O-])C(S(=O)(=O)[O-])=C3)n1.[Na+].[Na+].[Na+],-0.4572403676
CCN(c1ccccc1)c1nc(Cl)nc(Nc2cc(S(=O)(=O)[O-])cc3c2C(=O)/C(=N/Nc2ccc(C)cc2S(=O)(=O)[O-])C(S(=O)(=O)[O-])=C3)n1.[Na+].[Na+].[Na+],-0.8004343948
O=C1CCN(Cc2ccccc2)CC1,-1.0169828584
Cc1c(O)cc2c(c1C)OC(C)(CCCC(C)CCCC(C)CCCC(C)C)CC2,-8.5058697258
Cc1c(C)c2c(c(C)c1O)CC[C@@](C)(CCC[C@H](C)CCC[C@H](C)CCCC(C)C)O2,-8.520248661
CC(=O)Oc1c(C)c(C)c2c(c1C)CC[C@@](C)(CCC[C@H](C)CCC[C@H](C)CCCC(C)C)O2,-5.7715452251
CC(=O)CC(c1ccccc1)c1c(O)oc2ccccc2c1=O,-3.0625087471
CC(=O)CC(c1ccc(Cl)cc1)c1c(O)oc2ccccc2c1=O,-5.836
O=P1([O-])OP(=O)([O-])OP(=O)([O-])O1.[Na+].[Na+].[Na+],-0.062309467
CC(C)n1ccc(NS(=O)(=O)c2ccc(N)cc2)nc1=O,-3.17
Nc1ccc(S(=O)(=O)Nc2cc[nH]c(=O)n2)cc1,-3.55
CCCCn1ccc(NS(=O)(=O)c2ccc(N)cc2)nc1=O,-3.09
CCn1ccc(NS(=O)(=O)c2ccc(N)cc2)nc1=O,-2.23
CC(C)Cn1ccc(NS(=O)(=O)c2ccc(N)cc2)nc1=O,-3.11
CCn1ccc(NS(=O)(=O)c2ccc(NC(C)=O)cc2)nc1=O,-2.71
CCC(C)n1ccc(NS(=O)(=O)c2ccc(N)cc2)nc1=O,-2.76
Cn1ccc(NS(=O)(=O)c2ccc(N)cc2)nc1=O,-2.36
C=CCn1ccc(NS(=O)(=O)c2ccc(N)cc2)nc1=O,-3.11
O=S1(=O)NCc2ccccc21,-1.5208
O=C1C=Cc2ccccc2/C1=N/Nc1ccc(-c2ccc(N/N=C3\C(=O)C=Cc4ccccc43)cc2S(=O)(=O)[O-])c(S(=O)(=O)[O-])c1.[Na+].[Na+],-1.8973139062
CC(=O)OC1C(=O)C2(C)C(O)CC3OCC3(OC(C)=O)C2C(OC(=O)c2ccccc2)C2(O)CC(OC(=O)C(O)C(NC(=O)c3ccccc3)c3ccccc3)C(C)=C1C2(C)C,-6.33
O=C(Nc1ccc(Cc2ccc(NC(=O)NC3CCCCC3)cc2)cc1)NC1CCCCC1,-5.142667396
CCCCCCCCCc1cc2ccccc2c(S(=O)(=O)[O-])c1CCCCCCCCC.CCCCCCCCCc1cc2ccccc2c(S(=O)(=O)[O-])c1CCCCCCCCC.[Mg+2],-4.6744729174
CCCCCCCCCc1cc2ccccc2c(S(=O)(=O)[O-])c1CCCCCCCCC.CCCCCCCCCc1cc2ccccc2c(S(=O)(=O)[O-])c1CCCCCCCCC.[Zn+2],-4.7884242194
O=C1c2ccccc2/C(=N/O)C1[N+](=O)[O-],-2.68
O=C1C=Cc2ccccc2/C1=N/Nc1ccc2ccccc2c1S(=O)(=O)[O-].O=C1C=Cc2ccccc2/C1=N/Nc1ccc2ccccc2c1S(=O)(=O)[O-].[Ca+2],-5.9003015698
O=C1C=Cc2ccccc2/C1=N/Nc1ccc2ccccc2c1S(=O)(=O)[O-].O=C1C=Cc2ccccc2/C1=N/Nc1ccc2ccccc2c1S(=O)(=O)[O-].[Ba+2],-5.9504281438
O=C(O)[C@H]1CC[C@H](C(=O)O)SS1,-1.5241
O=C(O)[C@@H]1CC[C@H](C(=O)O)SS1,-1.1709
O=C(O)C1CCC(C(=O)O)SS1,-1.93
CCOC(=O)N1CCC(=O)CC1,0.7665063868
CC1(C)CC(=O)CC(C)(C)N1[O],0.1034125496
CN1CCN(C2=Nc3ccccc3Oc3ccc(Cl)cc32)CC1,-4.42
c1ccc2cc3cc4ccccc4cc3cc2c1,-8.6
O=C1/C(=N\Nc2ccc(N=Nc3ccc(S(=O)(=O)[O-])cc3)cc2)C(S(=O)(=O)[O-])=Cc2cc(Nc3nc(NCCO)nc(NCCO)n3)ccc21.[Na+].[Na+],-0.2836980196999999
Cc1cc(=O)oc2c3c4c(cc12)CCCN4CCC3,-3.89
CC(C)N1C(=O)N(c2ccccc2)CSC1=NC(C)(C)C,-5.5307
CO/C=C(/C(=O)OC)c1ccccc1Oc1cc(Oc2ccccc2C#N)ncn1,-4.8276
c1ccc2sc(SSc3nc4ccccc4s3)nc2c1,-4.5218
COc1ccc2cc(C(C)C(=O)OCCN3CCN(C)CC3)ccc2c1,-1.49
COc1ccc2cc(C(C)C(=O)OCCN3CCNCC3)ccc2c1,-1.52
C=C1CCO[C@]2(C(O)C(C)(O)CO)NC(=O)[C@@]1(O)NC2=O,-0.1971
CCOc1nc(F)cc2nc(S(=O)(=O)Nc3c(Cl)cccc3C(=O)OC)nn12,-4.4292
C1COCCO1,1.0549945152
COC1(C)COC(C)(OC)CO1,-1.246
CO/N=C(\C(=O)OC)c1ccccc1COc1ccccc1C,-5.19
Nc1ccc(OCc2cccc(F)c2)c(Cl)c1,-4.6932923336000005
CO/N=C(/C(=O)OC)c1ccccc1COc1ccccc1C,-5.195
CNCCC(Oc1ccc(C(F)(F)F)cc1)c1ccccc1,-1.59
CCOC(=O)N1CCN(CN2CCN(C(=O)OCC)CC2)CC1,-0.8443
CC(=O)/C(=N\Nc1cc([N+](=O)[O-])cc(S(=O)(=O)[O-])c1[O-])C(=O)[N-]c1ccccc1.CC(=O)/C(=N\Nc1cc([N+](=O)[O-])cc(S(=O)(=O)[O-])c1[O-])C(=O)[N-]c1ccccc1.[Co+3].[Na+].[Na+].[Na+],-0.4747040271
CC(=O)/C(=N/Nc1cc(S(N)(=O)=O)ccc1[O-])C(=O)[N-]c1ccccc1.CC(=O)/C(=N/Nc1cc(S(N)(=O)=O)ccc1[O-])C(=O)[N-]c1ccccc1.[Co+3].[Na+],-2.2084701124
CC(O)C(=O)O.CCN(CC)CCCNc1nc(NCCCN(CC)CC)nc(Nc2ccc3c(O)c(N=Nc4ccc5[nH]c(=O)[nH]c5c4)c(S(=O)(=O)O)cc3c2)n1,-0.64043406
O=c1nc(-c2ccccc2)[nH]c(-c2ccccc2)n1,-5.4935852535
[S-]c1nc2ccccc2s1.[S-]c1nc2ccccc2s1.[Zn+2],-4.285895804
CCCCOC(=O)C1(O)c2ccccc2-c2ccccc21,-3.8885
CC(C)CC(NC(=O)OCC1c2ccccc2-c2ccccc21)C(=O)O,-3.74
c1ccc2c(c1)Cc1ccccc1-2,-4.91
NC(CCCCNC(=O)OCC1c2ccccc2-c2ccccc21)C(=O)O,-3.0
COC(=O)C1(O)c2ccccc2-c2ccc(Cl)cc21,-4.1836
O=C(O)C1(O)c2ccccc2-c2ccc(Cl)cc21,-4.1610000000000005
CC(=O)Nc1ccc2c(c1)Cc1ccccc1-2,-4.24
Cc1cccc2c1Cc1ccccc1-2,-5.2184
O=C(O)C1(O)c2ccccc2-c2ccccc21,-1.9657
O=[N+]([O-])c1ccc2c(c1)Cc1ccccc1-2,-4.72
Cc1c(Cc2c(C)n(C)n(-c3ccccc3)c2=O)c(=O)n(-c2ccccc2)n1C,-2.9549
C=CC1=C(C)/C(=C/c2[nH]c(Cc3[nH]c(/C=C4\NC(=O)C(C)=C4C=C)c(C)c3CCC(=O)O)c(CCC(=O)O)c2C)NC1=O,-4.8127
Cc1cc(C2(c3ccc(NNC4=C(S(=O)(=O)[O-])C=C5C=CC(=O)C=C5C4=O)c(C)c3)CCCCC2)ccc1NNC1=C(S(=O)(=O)[O-])C=C2C=CC(=O)C=C2C1=O.[Na+].[Na+],-0.8547884607999999
CCOc1no[n+]([O-])c1S(=O)(=O)c1ccccc1,-4.24
O=C1C(O)C2CC3N1CCC31c3ccccc3N3C(=O)C=CC2C31,-2.11
O=C(O)CCCCC1CCSS1,-2.3750473352
CN(C)C1CSSC1,-1.873
O=C(O)CCCCC1SCC2NC(=O)NC21,-3.0460000000000003
Cc1cc(CCC(=O)OCCOCCOCCOC(=O)CCc2cc(C)c(O)c(C(C)(C)C)c2)cc(C(C)(C)C)c1O,-5.7684649408
O=C(O)c1cccnc1Nc1cccc(C(F)(F)F)c1,-4.1718
CC1(C)C2CC3OC3(C)C1C2,-2.5937
CC1(C)[C@H]2C[C@@H]3O[C@]3(C)[C@@H]1C2,-2.5936884915
O=C1/C(=N\Nc2ccccc2S(=O)(=O)[O-])C(S(=O)(=O)[O-])=Cc2cc(S(=O)(=O)[O-])cc(Nc3nc(Cl)nc(Nc4ccc(Nc5nc(Cl)nc(Nc6cc(S(=O)(=O)[O-])cc7c6C(=O)/C(=N\Nc6ccccc6S(=O)(=O)[O-])C(S(=O)(=O)[O-])=C7)n5)cc4)n3)c21.[Na+].[Na+].[Na+].[Na+].[Na+].[Na+],-0.6303809029
c1ccc2c(c1)CC1COCOC21,-1.6560932729
CC1(O)CC(C)(O)OO1,0.5714408419
CC[C@@H]1CCCCN1,-0.3463
CCN1CCCCC1,-1.2757105223
O=C(O)C1CCNCC1C(=O)O,-0.5395
CCCC1CCCNC1,-1.011
OC[C@H]1NC[C@H](O)[C@@H](O)[C@@H]1O,0.4043520428
CCCCCCCCCCN1CCCCC1,-1.53
CCCOP(=S)(OCCC)SCC(=O)N1CCCCC1C,-4.1504
CCC[C@H]1CCCCN1,-0.8493
O=C(O)C1CCNCC1.[Cl-].[H+],0.3840315922999999
CCCCNC1CC(C)(C)NC(C)(C)C1,0.5746150304
C1CCNCC1,1.0698153477
CN1CCCCC1,0.23
CC1(C)CC(O)CC(C)(C)N1,-0.1966099864
CC1(C)CC(O)CC(C)(C)N1CCO,-0.8598205529
CCC1CCCCN1,-1.5
CN(C)CCCNC1CC(C)(C)NC(C)(C)C1,0.316191362
O=NN1CCCCC1,-0.1738
CC1(C)CC(O)CC(C)(C)N1[O],0.5627035438
CC(=O)CC1CCCCN1,-0.4509
NC(=O)C1CCCC(C(N)=O)N1,0.2893
CCN(CC)C1=C[C@@H]2Oc3cc(N(CC)CC)c(C)cc3C(c3ccccc3C(=O)OC)=C2C=C1C,-7.6872220822
Fc1ccc(-n2c[c-]cc2)c(F)c1.Fc1ccc(-n2c[c-]cc2)c(F)c1.[Ti+4].c1cc[cH-]c1.c1cc[cH-]c1,-8.1257893916
CN(C)P(=O)(N(C)C)n1nc(-c2ccccc2)nc1N,-3.0709
O=C1CCc2cccc3c2N1CC3,-1.6365
CCCCCCCCCC(C)(C)SSc1n[nH]c(=S)s1,-3.9885639112
Nc1nc(=O)[nH]n1-c1ccccc1,-1.7
Nc1ccc2cc(S(=O)(=O)[O-])c(N=Nc3ccc(N=Nc4cccc(C(=O)[O-])c4O)c4ccccc34)c(O)c2c1.[Na+].[Na+],-2.7868204517
O=C(NC(=O)c1c(F)cccc1F)Nc1ccc(OC(F)(F)C(F)OC(F)(F)F)c(Cl)c1,-6.9675
O=C(NC(=O)c1c(F)cccc1F)Nc1ccc(Cl)cc1,-6.54
O=C(NC(=O)c1c(F)cccc1F)Nc1cc(Cl)c(OC(F)(F)C(F)F)c(Cl)c1,-5.82
O=C(NC(=O)c1ccccc1Cl)Nc1ccc(OC(F)(F)F)cc1,-7.1568
O=C(NC(=O)c1c(F)cccc1F)Nc1cc(Cl)c(F)c(Cl)c1F,-7.3023
CC1=C(C(=O)O)N2C(=O)C(NC(=O)C(N)c3ccccc3)C2SC1,-1.58
N[C@@H](C(=O)N[C@@H]1C(=O)N2C(C(=O)O)=C(Cl)CS[C@H]12)c1ccccc1,-1.5656
COc1ccsc1CN(C(=O)CCl)c1c(C)cccc1C,-4.4689
CC1=NNC(=O)N(/N=C/c2cccnc2)C1,-2.8745
Cc1ccc2cc3c(ccc4ccccc43)c3c2c1CC3,-7.9663
Cc1ccc2c(ccc3c4c5c(cccc5cc32)CC4)c1,-7.92
c1cc2c3c(c4ccc5ccccc5c4cc3c1)CC2,-7.8613
NS(=O)(=O)c1cc2c(s1)SCCC2O,-2.59
O=S(Cc1ccccc1)Cc1ccccc1,-2.8588087212
C=C(Br)C(=O)Nc1ccc(N=Nc2c(N)ccc3cc(S(=O)(=O)[O-])ccc23)c(S(=O)(=O)c2ccc(C)c(S(=O)(=O)[O-])c2)c1.[Na+].[Na+],-1.8948362305
C1CN(SSN2CCOCC2)CCO1,-3.2596343038
Nc1nc(Cl)nc(Nc2cc(S(=O)(=O)[O-])cc3cc(S(=O)(=O)[O-])c(N=Nc4cc([N+](=O)[O-])ccc4[O-])c([O-])c23)n1.Nc1nc(Cl)nc(Nc2cc(S(=O)(=O)[O-])cc3cc(S(=O)(=O)[O-])c(N=Nc4cc([N+](=O)[O-])ccc4[O-])c([O-])c23)n1.[Cr+3].[Na+].[Na+].[Na+].[Na+].[Na+],-0.4949751746
O=c1[nH]c(CN2CCCC2)c(Cl)c(=O)[nH]1,-1.54
O=c1[nH]c(CN2CCCC2)c(Br)c(=O)[nH]1,-1.78
OCC1=C[C@H](N[C@H]2C[C@H](CO)[C@@H](O[C@@H]3O[C@H](CO)[C@@H](O)[C@H](O)[C@H]3O)[C@H](O)[C@H]2O)[C@H](O)[C@@H](O)[C@@H]1O,0.3032
O=C1CCCCCCCN1,0.6329
O=c1[nH]ccc2cccnc12,-1.1428
O=C1C=CC(=O)O1,0.6181158071
O=C1COc2ccccc2N1,-2.5716
CN1C(=O)COc2ccccc21,-2.1445
CCc1nc2[nH]c(=O)nc(N)c2nc1CC,-3.55
O=c1ncc2nccnc2[nH]1,-2.0
Nc1nc(=O)[nH]c2nccnc12,-3.36
Cn1c(=O)ncc2nccnc21,-1.3713
Nc1nc(=O)c(O[C@@H]2O[C@H](CO)[C@@H](O)[C@H](O)[C@H]2O)c(N)[nH]1,-1.4832
OC1CCN2C1=Nc1ccccc1C2O,-2.07
O=C1C=CC=C/C1=C/NNC(=O)c1ccncc1,-3.6835
O=C(O)CN(C(=S)SCc1ccccc1)c1ccccc1,-3.92
CCC(C)C1(CC)C(=O)[N-]C(=O)NC1=O.[Na+],0.1528
C[C@]12CC[C@@H]3C4=C(CC[C@H]3[C@@H]1CCC2=O)CC(=O)CC4,-4.0549767292
CC1COCc2cc3c(cc21)C(C)(C)C(C)C3(C)C,-5.1693
O=C(O)CCCC1CCCC2NC(=O)NC12,-0.96
O=[p+]1oc2ccccc2c2ccccc21,-1.7796231349
O=C1C=C(O)C(N=Nc2ccc(N=Nc3ccc(Nc4ccc([N+](=O)[O-])cc4S(=O)(=O)[O-])cc3)c3c(S(=O)(=O)[O-])cccc23)=C/C1=N/Nc1ccc(Nc2ccc([N+](=O)[O-])cc2S(=O)(=O)[O-])cc1.[Na+].[Na+].[Na+],-0.3225773366
O=c1[nH]c(=O)c2nc[nH]c2[nH]1,-3.87
CCC(C)C1NC(=O)C(Cc2c[nH]c3ccccc23)NC(=O)C2CCCN2C(=O)C(Cc2c[nH]cn2)NC(=O)C2CCCCN2C(=O)C2CCC=NN2C1=O,-2.6
O=C(C1CC1)N(O)C1CCCCC1,-2.04
CCC1(CC)C(=O)NC(=O)N=C1N,-1.3967
O=C(NC1CCCCC1)c1cccnc1,-2.319
O=C([O-])C(O)C(O)C1OB(O)OC1CO.O=C([O-])C(O)C(O)C1OB(O)OC1CO.[Ca+2],0.3169727848
c1ccc(C2CO2)cc1,-1.9065411213
Clc1cc(Cl)cc(C2(CC(Cl)(Cl)Cl)CO2)c1,-5.25
CCOC(=O)C1OC1(C)c1ccccc1,-2.3143750058
CCOC(=O)C1OC1c1ccccc1,-2.4096512377
OCC1OC2OC3C(CO)OC(OC4C(CO)OC(OC5C(CO)OC(OC6C(CO)OC(OC7C(CO)OC(OC8C(CO)OC(OC1C(O)C2O)C(O)C8O)C(O)C7O)C(O)C6O)C(O)C5O)C(O)C4O)C(O)C3O,-1.84
Nc1c(N=Nc2ccc(S(=O)(=O)CCOS(=O)(=O)[O-])cc2)c(S(=O)(=O)[O-])cc2c1C(=O)/C(=N/Nc1cc(Nc3nc(F)nc(F)c3Cl)ccc1S(=O)(=O)[O-])C(S(=O)(=O)[O-])=C2.[Li+].[Li+].[Na+].[Na+],-0.9138010179
O=C1CCCCCCCCCCC1,-3.8458299965
Cn1nc(S(N)(=O)=O)sc1=NS(=O)(=O)c1cccc(N)c1,-2.45
Cn1nc(S(N)(=O)=O)sc1=NS(=O)(=O)c1ccc([N+](=O)[O-])cc1,-2.7
Cn1nc(S(N)(=O)=O)sc1=NS(=O)(=O)c1cccc([N+](=O)[O-])c1,-2.67
CC(=O)Nc1ccc(S(=O)(=O)N=c2sc(S(N)(=O)=O)nn2C)cc1,-1.69
Cn1nc(S(N)(=O)=O)sc1=NS(=O)(=O)c1ccc(Cl)cc1,-2.44
Cn1nc(S(N)(=O)=O)sc1=NS(=O)(=O)c1ccccc1C(=O)O,-2.51
Cn1nc(S(N)(=O)=O)sc1=NS(=O)(=O)c1ccc([N+](=O)[O-])cc1[N+](=O)[O-],-2.74
Cn1nc(S(N)(=O)=O)sc1=NS(=O)(=O)c1ccccc1[N+](=O)[O-],-2.79
COc1ccc(S(=O)(=O)N=c2sc(S(N)(=O)=O)nn2C)cc1,-2.76
Cn1nc(S(N)(=O)=O)sc1=NS(=O)(=O)c1ccc(I)cc1,-2.77
Cc1cc(C)c(S(=O)(=O)N=c2sc(S(N)(=O)=O)nn2C)c(C)c1,-3.0
Cc1ccc(S(=O)(=O)N=c2sc(S(N)(=O)=O)nn2C)cc1,-2.84
Cn1nc(S(N)(=O)=O)sc1=NS(=O)(=O)c1ccc(Cl)c([N+](=O)[O-])c1,-2.47
Cn1nc(S(N)(=O)=O)sc1=NS(=O)(=O)c1ccc(Br)cc1,-2.51
Cn1nc(S(N)(=O)=O)sc1=NS(=O)(=O)c1ccc(F)cc1,-2.03
Cn1nc(S(N)(=O)=O)sc1=NS(=O)(=O)c1ccc(N)cc1,-2.5
CC1=CCC(C(C)CC2CCCC2=O)CC1,-4.6803670486
CCCC1CCC(C2CCC(c3ccc(-c4cc(F)c(F)c(F)c4)c(F)c3)CC2)CC1,-6.6360312962
ClC1=C(Cl)C2(Cl)C3C(Cl)C(Cl)CC3C1(Cl)C2(Cl)Cl,-6.8644
Nc1c(OCCOC(=O)Oc2ccccc2)cc(O)c2c1C(=O)c1ccccc1C2=O,-8.0544153113
COCCNC(=O)C(NC(=O)C(Cc1cc(OC)c(OC)c(OC)c1)CC(O)C(Cc1ccccc1)NC(=O)OC(C)(C)C)C(C)C,-4.0
O=S(=O)([O-])c1cc(O)c2ccc3c(S(=O)(=O)[O-])cc(S(=O)(=O)[O-])c4ccc1c2c34.[Na+].[Na+].[Na+],-0.242535631
c1cc2ccc3cccc4ccc(c1)c2c34,-6.1787966156
O=[N+]([O-])c1ccc2ccc3cccc4ccc1c2c34,-7.3213
O=C1NC(=O)C2(CCCCCCCCCC2)C(=O)N1,-4.59
COC(=O)C=C1CCCC1,-1.9425722692
COc1ccccc1N=NC(C(C)=O)C(=O)Nc1ccc2[nH]c(=O)[nH]c2c1,-7.6305993261
CC(=O)C(N=Nc1ccc([N+](=O)[O-])cc1)C(=O)Nc1ccc2[nH]c(=O)[nH]c2c1,-7.5255403409
COC(=O)c1ccc(C(=O)OC)c(N=NC(C(C)=O)C(=O)Nc2ccc3[nH]c(=O)[nH]c3c2)c1,-6.3140693713
CC(=O)C(N=Nc1ccccc1C(=O)O)C(=O)Nc1ccc2[nH]c(=O)[nH]c2c1,-7.330901470700001
COC(=O)c1cc(N=NC(C(C)=O)C(=O)Nc2ccc3[nH]c(=O)[nH]c3c2)cc(C(=O)OC)c1,-6.3777384512
CC(=O)C(N=Nc1ccccc1C(F)(F)F)C(=O)Nc1ccc2[nH]c(=O)[nH]c2c1,-7.455526832999999
CC(=O)C(N=Nc1ccc(Cl)cc1[N+](=O)[O-])C(=O)Nc1ccc2[nH]c(=O)[nH]c2c1,-7.473779876699999
Clc1cccc2c1Oc1ccccc1O2,-5.7196
Clc1ccc2c(c1)Oc1ccccc1O2,-5.8359
Clc1ccc2c(c1)Oc1cc(Cl)ccc1O2,-7.1806
Clc1cc2c(cc1Cl)Oc1ccccc1O2,-7.23
Clc1cc2c(c(Cl)c1Cl)Oc1c(Cl)c(Cl)c(Cl)c(Cl)c1O2,-11.4795
Clc1cc2c(cc1Cl)Oc1cc(Cl)c(Cl)cc1O2,-9.2068
Clc1c(Cl)c(Cl)c2c(c1Cl)Oc1c(Cl)c(Cl)c(Cl)c(Cl)c1O2,-12.0605
Clc1cc(Cl)c2c(c1)Oc1c(Cl)cc(Cl)cc1O2,-9.0027
Clc1ccc2c(c1)Oc1ccc(Cl)cc1O2,-7.8292
Clc1cc2c(cc1Cl)Oc1c(Cl)c(Cl)c(Cl)c(Cl)c1O2,-10.9486
Clc1ccc2c(c1)Oc1c(Cl)c(Cl)c(Cl)c(Cl)c1O2,-9.4728
Clc1ccc2c(c1)Oc1cc(Cl)c(Cl)c(Cl)c1O2,-8.8744
Clc1c(Cl)c(Cl)c2c(c1Cl)Oc1ccccc1O2,-8.77
Clc1cc(Cl)c2c(c1Cl)Oc1ccccc1O2,-7.58
c1ccc2c(c1)Oc1ccccc1O2,-5.3106
Cc1ccc(C(=O)OOC(=O)c2ccc(C)cc2)cc1,-6.798351882
O=C(OOC(=O)c1ccccc1)c1ccccc1,-4.4252
O=C(OOC(=O)c1ccc(Cl)cc1Cl)c1ccc(Cl)cc1Cl,-8.2787650296
CC(=O)C(N=Nc1cc(C(=O)Nc2cc(Cl)ccc2C)ccc1Cl)C(=O)Nc1cc(C)c(NC(=O)C(N=Nc2cc(C(=O)Nc3cc(Cl)ccc3C)ccc2Cl)C(C)=O)cc1C,-7.2632335384000015
CC(=O)C(N=Nc1cc(C(=O)Nc2cccc(Cl)c2C)ccc1Cl)C(=O)Nc1cc(Cl)c(NC(=O)C(N=Nc2cc(C(=O)Nc3cccc(Cl)c3C)ccc2Cl)C(C)=O)cc1C,-7.9717711074
C=C[NH+]1C=CN(C)C1.[Cl-],0.6585802853
N#Cc1c[nH]cc1-c1cccc2c1OC(F)(F)O2,-5.1395
COc1cc(N=Nc2ccc(S(=O)(=O)[O-])cc2)c(C)cc1N/N=C1/C(=O)c2ccc(Nc3ccccc3)cc2C=C1S(=O)(=O)[O-].[Na+].[Na+],-2.0454014742
O=C1C(O)=C(C2CCC(c3ccc(Cl)cc3)CC2)C(=O)c2ccccc21,-5.931
CC1=NC(=O)C(C(N)=O)C(=O)N1,-2.41
CCC1(CC)C(=O)N=C([O-])NC1=O,-0.07
CCOC(=O)C(Cl)Cc1cc(-n2nc(C)n(C(F)F)c2=O)c(F)cc1Cl,-4.2727
S=c1[nH]nc(SSc2n[nH]c(=S)s2)s1,-3.2522133148
O=C1CN=C(c2ccccc2)c2cc(Cl)ccc2N1CC1CC1,-4.91
O=c1nc(-c2ccccc2)oc2ccccc12,-4.61
CCN(CC)c1ccc([C+](c2ccc(N(CC)Cc3cccc(S(=O)(=O)[O-])c3)cc2)c2ccc(N(CC)Cc3cccc(S(=O)(=O)[O-])c3)cc2)c(C)c1.[Na+],-0.6229779303
CCN(Cc1cccc(S(=O)(=O)[O-])c1)c1ccc([C+](c2ccc(N(CC)Cc3cccc(S(=O)(=O)[O-])c3)cc2)c2ccccc2S(=O)(=O)[O-])cc1.[Na+].[Na+],-0.1131580367
CCN(CC)c1ccc([C+](c2ccc(N(CC)Cc3cccc(S(=O)(=O)[O-])c3)cc2)c2ccc(N(CC)Cc3cccc(S(=O)(=O)[O-])c3)cc2)cc1.[Na+],-0.7717026898999999
O=C(O)C1OC(c2ccccc2)OC1C1COC(c2ccccc2)O1,-2.45
OCC1OC(n2c(-c3ccco3)nc3ccccc32)C(O)C(O)C1O,-2.33
C#CC1(OC(=O)CCCCCC)CCC2C3CCC4=CC(=O)CCC4C3CCC21C,-6.89
C#CC1(O)CCC2C3CCC4=CC(=O)CCC4C3CCC21CC,-5.19
C[C@]12CC[C@H]3[C@@H](CCC4=CC(=O)CC[C@@]43C)[C@@H]1CCC2(O)C#CCO,-3.526033775
CC12CCC(=O)C=C1CCC1C2CCC2(C)C(O)CCC12,-4.02
CC(=O)OC1CCC2C3CCC4=CC(=O)CCC4(C)C3CCC12C,-5.184
C#C[C@]1(O)CC[C@H]2[C@@H]3CCC4=CC(=O)CC[C@@H]4[C@H]3CC[C@@]21CC,-5.2567
CC(=O)C1CCC2C3CCC4=CC(=O)CCC4(C)C3CCC12C,-4.43
C#C[C@]1(O)CC[C@H]2[C@@H]3CCC4=CC(=O)CC[C@@H]4[C@H]3CC[C@@]21C,-4.6271
CCCC(=O)OC1CCC2C3CCC4=CC(=O)CCC4C3CCC12C,-5.91
C[C@H]1CC(=O)C=C2CC[C@H]3[C@@H]4CC[C@H](O)[C@@]4(C)CC[C@@H]3[C@]21C,-3.5264225666000004
CC(=O)C1CCC2C3CCC4=CC(=O)CC(O)C4(C)C3CCC12C,-3.82
CC12CCC(=O)C=C1CCC1C2CCC2(C)C(OC(=O)C(CO)CO)CCC12,-4.25
CC(=O)OC1(C(C)=O)CCC2C3CCC4=CC(=O)CCC4(C)C3CCC21C,-5.5668107327
CC(=O)C1CCC2C3CCC4=CC(=O)CCC4(C)C3C(O)CC12C,-3.82
CCC(=O)OC1CCC2C3CCC4=CC(=O)CCC4(C)C3CCC12C,-5.37
C#C[C@]1(O)CC[C@H]2[C@@H]3CCC4=CC(=O)CC[C@]4(C)[C@H]3CC[C@@]21C,-5.6576
CC12CCC(=O)C=C1CCC1C2CCC2(C)C1CCC2(C)O,-3.97
C[C@]12CC[C@@H]3[C@H]4CCC(=O)C=C4CC[C@H]3[C@@H]1CC[C@@H]2O,-1.9484
CC12CCC(=O)C=C1CCC1C2C(O)CC2(C=O)C(C(=O)CO)CCC12,-3.85
C[C@]12C[C@H](O)[C@H]3[C@@H](CCC4=CC(=O)CC[C@@]43C)[C@@H]1CC[C@]2(O)C(=O)CO,-3.1121092438
CC(=O)C1(O)CCC2C3CCC4=CC(=O)CCC4(C)C3CCC21C,-4.71
CC12CCC(=O)C=C1CCC1C2C(O)CC2(C)C(C(=O)CO)CCC12,-3.24
CC12CCC(=O)C=C1CCC1C2CCC2(C)C(OC(=O)CCC(=O)O)CCC12,-5.08
C[C@]12C[C@H](O)[C@@]3(F)[C@@H](CCC4=CC(=O)CC[C@@]43C)[C@@H]1CC[C@]2(O)C(=O)CO,-3.4342
CC(=O)OC1(C)CCC2C3CCC4=CC(=O)CCC4(C)C3CCC21C,-5.28
C#CC1(OC(=O)C(C)(C)C)CCC2C3CCC4=CC(=O)CCC4C3CCC21C,-7.16
CC12CCC3C4CCC(=O)C=C4CCC3C1CCC2O,-3.02
CCCC(=O)OC1CCC2C3CCC4=CC(=O)CCC4(C)C3CCC12C,-5.93
CC(O)C1(O)CCC2C3CCC4=CC(=O)CCC4(C)C3CCC21C,-4.16
CC(=O)OCC(=O)C1CCC2C3CCC4=CC(=O)CCC4(C)C3CCC12C,-4.97
CC12CCC(=O)C=C1CCC1C2CCC2(C)C(C(=O)CO)CCC12,-3.75
CC(=O)OCC(=O)[C@H]1CC[C@H]2[C@@H]3CCC4=CC(=O)CC[C@]4(C)[C@H]3CC[C@]12C,-4.6301
CC12CCC(=O)C=C1CCC1C3CCC(O)(C(=O)CO)C3(C)CC(O)C12F,-3.43
CCCCC(=O)OC1CCC2C3CCC4=CC(=O)CCC4(C)C3CCC12C,-6.19
CC12CCC(=O)C=C1CCC1C2C(O)CC2(C)C1CCC2(O)C(=O)CO,-3.09
CC(=O)OCC(=O)C1(O)CCC2C3CCC4=CC(=O)CCC4(C)C3C(O)CC21C,-4.61
C#CC1(OC(C)=O)CCC2C3CCC4=CC(=O)CCC4C3CCC21C,-4.79
C#C[C@]1(OC(C)=O)CC[C@H]2[C@@H]3CCC4=CC(=O)CC[C@@H]4[C@H]3CC[C@@]21C,-4.8041
CC12CCC(=O)C=C1CCC1C2CCC2(C)C(OC=O)CCC12,-4.93
C#CC1(O)CCC2C3CCC4=CC(=O)CCC4(C)C3CCC21C,-5.66
C#CC1(O)CCC2C3CCC4=CC(=O)CCC4(O)C3CCC21C,-4.57
CCCCCCCCC(=O)OC1CCC2C3CCC4=CC(=O)CCC4C3CCC12C,-5.72
CC(=O)C1CC[C@H]2[C@@H]3CCC4=CC(=O)CC[C@]4(C)[C@H]3[C@H](O)C[C@]12C,-3.8202
CC(=O)OCC(=O)[C@@]1(O)CC[C@H]2[C@@H]3CCC4=CC(=O)CC[C@]4(C)[C@H]3[C@@H](O)C[C@@]21C,-4.4577
C[C@]12C[C@H](O)[C@H]3[C@@H](CCC4=CC(=O)CC[C@@]43C)[C@@H]1CC[C@@H]2C(=O)CO,-3.2408
CC(=O)[C@H]1CC[C@H]2[C@@H]3CCC4=CC(=O)CC[C@]4(C)[C@H]3CC[C@]12C,-4.5526
C[C@]1(O)CC[C@H]2[C@@H]3CCC4=CC(=O)CC[C@]4(C)[C@H]3CC[C@@]21C,-3.9505
C[C@]12CC[C@H]3[C@@H](CCC4=CC(=O)CC[C@@]43C)[C@@H]1CC[C@@H]2O,-4.0908
CC(=O)O[C@]1(C(C)=O)CC[C@H]2[C@@H]3CCC4=CC(=O)CC[C@@H]4[C@H]3CC[C@@]21C,-4.9957539374
CCC(=O)O[C@H]1CC[C@H]2[C@@H]3CCC4=CC(=O)CC[C@]4(C)[C@H]3CC[C@]12C,-5.3669
C[C@]12CC[C@H]3[C@@H](CCC4=CC(=O)CC[C@@]43C)[C@@H]1CC[C@@H]2C(=O)CO,-3.7446
CC(=O)[C@@]1(O)CC[C@H]2[C@@H]3CCC4=CC(=O)CC[C@]4(C)[C@H]3CC[C@@]21C,-4.7076
C#CC1(O)CCC2C3CCC4=CC(=O)CCC4C3CCC21C,-4.63
CC(C)(C)CC(=O)OCC(=O)C1(O)CCC2C3CCC4=CC(=O)CCC4(C)C3C(O)CC21C,-5.5111
CC(O)CN(CC(C)O)c1nc(Nc2ccc(S(=O)(=O)[O-])cc2)nc(Nc2ccc(/C=C/c3ccc(Nc4nc(Nc5ccc(S(=O)(=O)[O-])cc5)nc(N(CC(C)O)CC(C)O)n4)cc3S(=O)(=O)[O-])c(S(=O)(=O)[O-])c2)n1.[Na+].[Na+].[Na+].[Na+],-0.0867739927999999
NC(=O)CCN(CCO)c1nc(Nc2ccccc2)nc(Nc2ccc(/C=C/c3ccc(Nc4nc(Nc5ccccc5)nc(N(CCO)CCC(N)=O)n4)cc3S(=O)(=O)[O-])c(S(=O)(=O)[O-])c2)n1.[Na+].[Na+],-1.2475609958
O=S(=O)(O)c1cc(Nc2nc(Nc3ccccc3)nc(N(CCO)CCO)n2)ccc1/C=C/c1ccc(Nc2nc(Nc3ccccc3)nc(N(CCO)CCO)n2)cc1S(=O)(=O)O,-1.0592793487
O=S(=O)(O)c1cccc(Nc2nc(NCCO)nc(Nc3ccc(/C=C/c4ccc(Nc5nc(NCCO)nc(Nc6cccc(S(=O)(=O)O)c6)n5)cc4S(=O)(=O)O)c(S(=O)(=O)O)c3)n2)c1.[Na+].[Na+].[Na+].[Na+],-0.8876904267
O=S(=O)([O-])c1ccc(S(=O)(=O)[O-])c(Nc2nc(Nc3ccc(/C=C/c4ccc(Nc5nc(Nc6cc(S(=O)(=O)[O-])ccc6S(=O)(=O)[O-])nc(N(CCO)CCO)n5)cc4S(=O)(=O)[O-])c(S(=O)(=O)[O-])c3)nc(N(CCO)CCO)n2)c1.[Na+].[Na+].[Na+].[Na+].[Na+].[Na+],-0.6924056004000001
O=S(=O)([O-])c1cc(Nc2nc(NCCO)nc(Nc3ccccc3)n2)ccc1/C=C/c1ccc(Nc2nc(NCCO)nc(Nc3ccccc3)n2)cc1S(=O)(=O)[O-].[Na+].[Na+],-1.4592143997
O=S(=O)([O-])c1ccc(Nc2nc(Nc3ccc(/C=C/c4ccc(Nc5nc(Nc6ccc(S(=O)(=O)[O-])cc6)nc(N(CCO)CCO)n5)c(S(=O)(=O)[O-])c4)cc3S(=O)(=O)[O-])nc(N(CCO)CCO)n2)cc1.[Na+].[Na+].[Na+].[Na+],-0.4642868095
CN(CCO)c1nc(Nc2ccccc2)nc(Nc2ccc(/C=C/c3ccc(Nc4nc(Nc5ccccc5)nc(N(C)CCO)n4)cc3S(=O)(=O)[O-])c(S(=O)(=O)[O-])c2)n1.[Na+].[Na+],-3.0693211517
CCN(CC)c1nc(Nc2ccc(/C=C/c3ccc(Nc4nc(Nc5cc(S(=O)(=O)[O-])ccc5S(=O)(=O)[O-])nc(N(CC)CC)n4)cc3S(=O)(=O)[O-])c(S(=O)(=O)[O-])c2)nc(Nc2cc(S(=O)(=O)[O-])ccc2S(=O)(=O)[O-])n1.[Na+].[Na+].[Na+].[Na+].[Na+].[Na+],-0.8122490226000001
O=S(=O)([O-])c1cc(Nc2nc(Nc3ccccc3)nc(N(CCO)CCO)n2)ccc1/C=C/c1ccc(Nc2nc(Nc3ccccc3)nc(N(CCO)CCO)n2)cc1S(=O)(=O)[O-].[K].[K].[Na+].[Na+],-1.8879601369
O=S(=O)([O-])c1cc(Nc2nc(Nc3ccccc3)nc(N(CCO)CCO)n2)ccc1/C=C/c1ccc(Nc2nc(Nc3ccccc3)nc(N(CCO)CCO)n2)cc1S(=O)(=O)[O-].[Na+].[Na+],-1.29966008
COc1nc(Nc2ccccc2)nc(Nc2ccc(/C=C/c3ccc(Nc4nc(Nc5ccccc5)nc(OC)n4)cc3S(=O)(=O)[O-])c(S(=O)(=O)[O-])c2)n1.[Na+].[Na+],-1.7615101482
CN(C)CCC=C1c2ccccc2CCc2ccccc21,-4.55
CNCCC=C1c2ccccc2CCc2ccccc21,-4.02
O=C(Nc1ccc2c(c1)C=C(S(=O)(=O)[O-])/C(=N/Nc1ccc(N=Nc3ccc(S(=O)(=O)[O-])cc3)cc1)C2=O)c1ccccc1.[Na+].[Na+],-2.1566764476
CC(C)=C1OC(=O)N(c2cc(OC3CCCC3)c(Cl)cc2F)C1=O,-6.21
Nc1nc(N)nc(-c2ccccc2)n1,-2.4941685135
CC(C)C1OC(O)C(Cc2ccccc2)NC1=O,-2.28
CC(C)CC1OC(O)C(Cc2ccccc2)NC1=O,-2.12
C=C(C)[C@H]1[C@@H]2C(=O)O[C@H]1[C@@H](O)[C@]1(C)[C@@]2(O)[C@H]2O[C@H]2[C@]12CO2,-1.19
C=C(C)C1(O)[C@H]2OC(=O)[C@@H]1[C@]1(O)[C@H]3O[C@H]3[C@]3(CO3)[C@]1(C)[C@@H]2O,-1.42
O=C1NC(=O)C2(CCCCCCC2)C(=O)N1,-2.98
O=C1NC(=O)C2(CCCCCC2)C(=O)N1,-2.98
CC(=O)[O-].COc1ccc2cc(C3N(C)c4cc(S(C)(=O)=O)ccc4[NH+]3C)oc2c1,0.2125744685999999
CN1[C@H]2CC[C@@H]1CC(OC(=O)[C@H](CO)c1ccccc1)C2,-1.91
CN1C2CCC1CC(OC(=O)C(COS(=O)(=O)O)c1ccccc1)C2,-1.5675
CN1C2CCC1CC(OC(=O)C(O)c1ccccc1)C2,-1.44
CN1[C@H]2CC[C@@H]1C[C@H](OC(=O)C(CO)c1ccccc1)C2,-2.0
CN1C2CCC1CC(OC(=O)C(CO)c1ccccc1)C2,-1.91
CCNCc1cc2cc(S(N)(=O)=O)oc2s1,-1.04
CC(C)CNCc1cc2cc(S(N)(=O)=O)oc2s1,-1.33
CCOCCNCc1cc2cc(S(N)(=O)=O)oc2s1,-0.92
OC(c1ccccc1)(c1ccccc1)C1CCNCC1,-1.39
O=[Cr](=O)(O)O[Cr](=O)(=O)O.c1ccncc1.c1ccncc1,0.3990871293999999
CN1C(C)(C)CC(OC(=O)CC(C(=O)OC2CC(C)(C)N(C)C(C)(C)C2)C(CC(=O)OC2CC(C)(C)N(C)C(C)(C)C2)C(=O)OC2CC(C)(C)N(C)C(C)(C)C2)CC1(C)C,-4.672731896
O=C1COC2(CCN(CCc3c[nH]c4ccccc34)CC2)CN1,-2.99
O=S1(=O)OC(c2ccc(O)cc2)(c2ccc(O)cc2)c2ccccc21,-3.07
Cc1cc(C2(c3cc(C)c(O)c(Br)c3C(C)C)OS(=O)(=O)c3ccccc32)c(C(C)C)c(Br)c1O,-5.18
CCOC(=O)C1=C(COCCN2C(=O)c3ccccc3C2=O)NC(C)=C(C(=O)OC)C1c1ccccc1Cl,-4.5011269518
CC(C)OC(=O)C1(S(=O)(=O)c2ccc([N+](=O)[O-])cc2)CCC1,-3.7599
COC(=O)C1(S(=O)(=O)c2ccc(Br)cc2)CCC1,-3.55
COC(=O)C1(S(=O)(=O)c2ccc(Cl)cc2)CCC1,-2.9996
CCOC(=O)C1(S(=O)(=O)c2ccc(C)cc2)CCC1,-2.9594
COC(=O)C1(S(=O)(=O)c2ccccc2)CCC1,-3.0005
Cc1ccc(S(=O)(=O)C2(C(=O)OC(C)C)CCC2)cc1,-3.34
CC(C)(C)c1ccc(S(=O)(=O)Nc2ccc3cc(S(=O)(=O)c4cc5c(c(S(=O)(=O)O)c4N)Oc4c(Cl)c6c(c(Cl)c4=N5)Oc4c(ccc(N)c4S(=O)(=O)O)N=6)ccc3c2)cc1.[K].[Li].[Na],-2.1807658976
CC(O)C1C(=O)N2C(C(=O)O)=C(SCC(=N)N(C)C)C(C)C12,-0.28
CCCCCCOc1ccc(C(=NO)c2ccccc2)c(O)c1,-3.47
CCOC(=O)CN=C(c1ccccc1)c1ccccc1,-3.4270444492000003
N=C(c1ccccc1)c1ccccc1,-2.7811280063
C1COC1,1.236
CCOC(=O)CC1(C)OCCO1,-0.1448235929
CC(C)CC1(C)OCC(CO)O1,-0.7059803773000001
CC1OCCO1,0.8789
CC(C)C1OCCO1,-0.0651
CC(C)CC1OCCO1,-0.3695
CCCCC(CC)C1OCCO1,-3.1195968677
CCC1OCCO1,0.2919
C1COCO1,1.1303
CCOC(=O)CC1(C)OCC(C)O1,-2.1798872233
CC(C)=NNC(=O)NC1c2ccccc2Oc2ccccc21,-4.17
CC(=O)O.CC(=O)O.CCCCCCCCCCCCCCCCCC(=O)NCCN1CCN=C1CCCCCCCCCCCCCCCCC.CCCCCCCCCCCCCCCCCC(=O)NCCNCCNC(=O)CCCCCCCCCCCCCCCCC,-7.138082494500001
CCCCCCCCCCCC1=NCCN1CCO,-3.8986556211
CCCCCCCC/C=C\CCCCCCCC1=NCCN1CCO,-3.8458307588
CC(C)(SC(=O)N1CCCCC1)c1ccccc1,-4.1196
Cc1csc(=S)n1CC(=O)O,-1.9632
O=C1CCC(N2C(=O)c3ccccc3C2=O)C(=O)N1,-2.6758
CCCCCN1C(=O)CCC(N2C(=O)c3ccccc3C2=O)C1=O,-4.7
CN1C(=O)CCC(N2C(=O)c3ccccc3C2=O)C1=O,-2.99
CCCN1C(=O)CCC(N2C(=O)c3ccccc3C2=O)C1=O,-3.72
CCNc1cc(C#N)c(N)c2c1C(=O)c1ccccc1C2=O,-7.6382805905
CC(C)=CCCc1ccc2c(c1)C(=O)c1ccccc1C2=O,-7.985818524400001
Nc1c(S(=O)(=O)[O-])cc(Br)c2c1C(=O)c1ccccc1C2=O.[Na+],-1.3055373023
O=C1c2ccccc2C(=O)c2c(O)cccc21,-4.4213
O=C1c2ccccc2C(=O)c2c1ccc(O)c2O,-2.7785
O=C1c2ccccc2C(=O)c2ccccc21,-6.0397604981
O=C1c2ccccc2C(=O)c2c(NCCCOCCOCCO)ccc(NCCCOCCOCCO)c21,0.0571886956
O=C1c2c(O)ccc(O)c2C(=O)c2c(NCCNCCO)ccc(NCCNCCO)c21.[Cl-].[Cl-].[H+].[H+],-1.8388
Nc1ccc(N)c2c1C(=O)c1c(N)ccc(N)c1C2=O,-6.9515
O=C(O)c1ccc2c(c1C(=O)O)C(=O)c1ccccc1C2=O,-2.8141
Nc1cc(S(=O)(=O)O)c(O)c2c1C(=O)c1c(O)c(S(=O)(=O)O)cc(N)c1C2=O.[Na],-1.7991126191
O=C1c2cccc(O)c2C(=O)c2c(O)cccc21,-5.19
O=C(O)CN(CC(=O)O)Cc1cc2c(c(O)c1O)C(=O)c1ccccc1C2=O,-1.8077
CCOC(=O)OCCOc1cc(O)c2c(c1N)C(=O)c1ccccc1C2=O,-9.2195295624
O=C1c2ccccc2C(=O)c2cc(O)ccc21,-5.3093
CCc1ccc2c(c1)C(=O)c1ccccc1C2=O,-5.9842424969
Nc1ccc(O)c2c1C(=O)c1ccccc1C2=O,-3.824
O=C1c2cccc(S(=O)(=O)O)c2C(=O)c2cccc(S(=O)(=O)O)c21,0.2572
Nc1ccc2c(c1)C(=O)c1ccccc1C2=O,-6.1366
CNc1cccc2c1C(=O)c1ccccc1C2=O,-6.3
Nc1ccc(N)c2c1C(=O)c1ccccc1C2=O,-5.859
COc1cc(N)c2c(c1N)C(=O)c1ccccc1C2=O,-5.746
O=C1c2ccccc2C(=O)c2c(O)c(O)cc(O)c21,-4.6024
CCCCNc1ccc(NCCCC)c2c1C(=O)c1ccccc1C2=O,-7.9318570783
Cc1ccc2c(c1N)C(=O)c1ccccc1C2=O,-5.8541
O=C1c2cccc(S(=O)(=O)O)c2C(=O)c2c1cccc2S(=O)(=O)O,1.2572
Cc1ccc2c(c1)C(=O)c1ccccc1C2=O,-6.1171462485
O=C1c2ccccc2C(=O)c2c(O)ccc(O)c21,-6.2534935167
O=C1c2ccc(O)cc2C(=O)c2ccc(O)cc21,-5.8892
CC12CCC(c3cnc(NS(=O)(=O)c4ccc(N)cc4)nc31)C2(C)C,-4.08
O=C1c2cc(CCCCO)ccc2OCc2ccsc21,-3.92
C[Si]1(C)O[Si](C)(C)O[Si](C)(C)O[Si](C)(C)O[Si](C)(C)O[Si](C)(C)O1,-7.9407
CC(C)CC(NC(=O)CC(O)C(CC(C)C)NC(=O)C(Cc1c[nH]cn1)NC(=O)C(Cc1ccccc1)NC(=O)OC(C)(C)C)C(=O)NCC(N)c1ccccn1,-3.4
OC[C@H]1O[C@@H](O)[C@H](O)[C@@H](O)[C@@H]1O[C@@H]1O[C@H](CO)[C@H](O)[C@H](O)[C@H]1O,-0.8167
OCC1OC(OC2C(CO)OC(O)C(O)C2O)C(O)C(O)C1O,0.3577
Cc1cc(=O)n2[nH]cnc2n1,-1.3471955313
CC(=O)OCCN(CCOC(C)=O)c1ccc(N=Nc2sc([N+](=O)[O-])cc2[N+](=O)[O-])cc1,-7.547293505
CC(C)CNC(=O)N1CCNC1=O,-2.1538
NCCN1CCNC1=O,0.6335459397
C=CN1CCN(C=C)C1=O,-1.1558864442
NC(=O)NC1(O)NC(=O)NC1(O)C(=O)O,-0.37
O=C1NCCN1CCO,0.8776773261
O=C1NCCN1,0.8402733738
C=C(C)C(=O)OCCN1CCNC1=O,0.7028481462999999
NC(Cc1ccc(O)c(O)c1)C(=O)OCc1ccccc1,-1.81
C1COC2(C1)CCCO2,-0.1078
CC1(C)CCC2(CCC(C)(C)O2)O1,-1.9644
CC1CCC2(CCC(C)O2)O1,-0.4487
CC(C)c1nn(C(=O)NC(C)(C)C)c(=O)n1N,-1.7188473974
Nc1ccccc1C(=O)OCC=Cc1ccccc1,-6.04
S=c1[nH][nH]c(=S)s1,-0.7552
COc1cc2ncnc(N3CCN(C(=O)Nc4ccc([N+](=O)[O-])cc4)CC3)c2cc1OC,-6.95
O=C(O)Cc1sc(-c2ccccc2)nc1-c1ccc(Cl)cc1,-4.9644
CN1C2CCC1CC(OC(=O)c1ccccc1)C2,-2.369
COC(=O)[C@@H]1C2CCC(C[C@@H]1OC(=O)c1ccccc1)N2C,-2.2267
COC(=O)C1C(OC(=O)c2ccccc2)CC2CCC1N2C,-2.23
NC1CONC1=O,-0.01
[Cu+2].[O-]c1ccccc1N=Cc1c([O-])ccc2ccccc12,-7.432469538099999
CC12CCC(=O)C=C1CCC1C2C2CC3(C(O)O2)C(C(=O)CO)CCC13,-3.85
O=S(=O)([O-])c1cc([O-])c(N=Nc2ccc3cccc(S(=O)(=O)[O-])c3c2[O-])c2ccccc12.[Cr+3].[Na+],-1.171951452
O=C([O-])c1cc2ccccc2c(N=Nc2ccc3ccccc3c2S(=O)(=O)[O-])c1[O-].[H+].[Mn+2],-7.6770043618
CCCC[N+](CCCC)(CCCC)Cc1ccccc1.O=S(=O)([O-])c1ccc(O)c2ccccc12,-2.6418192727000003
CC(=O)OC1C2C(CC(C)C3C=CC(=O)C31C)OC(=O)C2C,-2.19
COc1ccc(C(=O)Nc2ccccc2)cc1N/N=C1\C(=O)C(C(=O)Nc2ccc3[nH]c(=O)[nH]c3c2)=Cc2ccccc21,-8.4790833317
CC(C)OC(=O)C(C(=O)OC(C)C)=C1SCCS1,-3.7306
CC1(C(=O)O)CCCC=C1C(=O)O,-1.9642
CC1CCC(N=O)=C(NO)C1,-1.6622
CC(=O)OC[C@H]1CCC=C(CCC=C(C)C)C1,-4.9756247854
C=CC1CC=CCC1,-3.3351930307
CC1=CCC(O)(C(C)C)CC1,-1.9409970697
C#CCO.CCC(=O)CCC1C(C)=CCCC1(C)C,-4.3219056885
CC1=CCC(C(C)C)CC1,-5.0103439368
C=CCCC(=O)C1=CCCC(C)(C)C1,-3.5342474855000003
CC1=CC(C)C(CO)C(C)C1,-2.3711973931
O=C(O)C1=CC(O)C(O)C(O)C1,0.01
CC1=CCC(C(C)(C)O)CC1,-1.91
O=C(O)C1=CCC(C(=O)O)CC1,-2.93
C=C(C)C1CC=C(C)C(O)C1,-1.72
CC(=O)/C=C/C1=C(C)CCCC1(C)C,-3.0798638184
CC1=C(/C=C/C(C)=C/C=C/C(C)=C/CO)C(C)(C)CCC1,-3.81
CC(=O)OC/C=C(C)/C=C/C=C(C)/C=C/C1=C(C)CCCC1(C)C,-7.5165300857
CCC(=O)OC/C=C(C)/C=C/C=C(C)/C=C/C1=C(C)CCCC1(C)C,-7.534689739199999
COC(C)(C)C1CC=C(C)CC1,-3.2966135776
CC(=O)/C=C/C1C(C)=CCCC1(C)C,-3.2586779358
C=CC(C)(O)/C=C/C1=C(C)CCCC1(C)C,-3.164147933
CC1=CCCCC1,-3.2671
CCCCCCCCCCCCCCCC(=O)OC/C=C(C)/C=C/C=C(C)/C=C/C1=C(C)CCCC1(C)C,-5.7200550602
CC(=O)/C=C/[C@H]1C(C)=CC[C@@H](C)C1(C)C,-3.8026769123
CC(=O)OCC1CCC(C)=CC1C,-3.2503985577
CCOC(=O)C(C)(C(=O)NC(=O)NC)C1=CCCCC1,-3.0
CC(C)(O)CCCC1=CCC(C=O)CC1,-1.5376
CC(=O)CCC1=C(C)CCCC1(C)C,-3.6550445763
C=C(C)[C@H]1CC=C(C)CC1,-4.346837785
CC1=CC(C)C(C=O)C(C)C1,-1.8440637235
O=C(O)C1=CCCCC1,-1.2558
CNC(=O)NC(=O)C(C)(C(=O)OC)C1=CCCCC1,-2.68
CC1=CC[C@H](C(C)(C)O)CC1,-2.337
C/C=C/C(=O)C1C(C)C=CCC1(C)C,-3.3963665007
C/C=C/C(=O)C1C(C)=CCCC1(C)C,-3.1378557654000003
CNC(=O)NC(=O)C(C)(C(=O)OCOC)C1=CCCCC1,-2.42
C=C(C)C1CC=C(C)CC1,-3.8464965295
COC(=O)C1C(C)=CCCC1(C)C,-2.9085159963
CCC(=O)/C=C/C1C(C)=CCCC1(C)C,-3.9923409786
CC(=O)/C(C)=C\C1C(C)=CCCC1(C)C,-3.9923409786
O=CC1CC=CCC1,-0.9775501681
CC1=CCCC(C)(C)C1C(C)CCC=O,-4.6532020914
C1=CCCCC1,-2.7104664382
CC(=O)OC(C)(C)C1CC=C(C)CC1,-3.931170339
CCC(=O)/C=C/C1=C(C)CCCC1(C)C,-4.187455475
O=c1[nH]c2nc[nH]c(=O)c2[nH]c1=O,-3.69
O=C1c2c(Cl)c(Cl)c(Cl)c(Cl)c2C(=O)C1c1ccc2cccc(N3C(=O)c4c(Cl)c(Cl)c(Cl)c(Cl)c4C3=O)c2n1,-7.7273960926
O=C(OCCOc1ccc(Cl)cc1Cl)c1ccccc1,-3.8118
CCCC1CCC(c2ccc(-c3ccc(CC)cc3)cc2)CC1,-7.1853905644000005
O=C1C=Cc2cc(S(=O)(=O)[O-])cc(S(=O)(=O)[O-])c2/C1=N/Nc1ccc(S(=O)(=O)[O-])c2ccccc12.[Na+].[Na+].[Na+],-0.8783
O=C1C=Cc2ccccc2/C1=N\Nc1ccc(S(=O)(=O)[O-])c2ccccc12.[Na+],-2.4263930478
O=C1C(S(=O)(=O)[O-])=Cc2cc(S(=O)(=O)[O-])ccc2/C1=N\Nc1ccc(S(=O)(=O)[O-])c2ccccc12.[Na+].[Na+].[Na+],-1.0824140873
C=CC1CN2CCC1CC2C(=O)c1ccnc2ccc(OC)cc12,-5.0313
C=CC1CN2CCC1CC2C(=O)c1ccnc2ccccc12,-3.19
O=NC1=C(NO)CCCCC1,-1.4249
C1=CCCCCC1,-3.18
CC(=O)OC1C(C2COC(C)(C)O2)OC2OC(C)(C)OC21,-1.52
CC(=O)O[C@H]1[C@@H]([C@H]2COC(C)(C)O2)O[C@@H]2OC(C)(C)O[C@H]12,-1.5229
CN1C(=O)C(O)N=C(c2ccccc2)c2cc(Cl)ccc21,-2.7
O=C1Nc2ccc(Cl)cc2C(c2ccccc2)=NC1O,-3.952
O=C1CN=C(c2ccccc2)c2cc([N+](=O)[O-])ccc2N1,-3.8
CN1C(=O)CN=C(c2ccccc2)c2cc(Cl)ccc21,-3.71
O=C1Nc2ccc(Cl)cc2C(c2ccccc2Cl)=NC1O,-3.6036
O=C1CN=C(c2ccccc2Cl)c2cc([N+](=O)[O-])ccc2N1,-4.41
CC(=O)OC1N=C(c2ccccc2Cl)c2cc(Cl)ccc2NC1=O,-5.028666922799999
CN1C(=O)CN=C(c2ccccc2)c2cc([N+](=O)[O-])ccc21,-3.8
CC12CCC(CC1=O)C2(C)C,-1.9784
CC1(C)C(=O)[C@@]2(C)CC[C@@H]1C2,-1.8507
CC12CCC(C(CO)C1=O)C2(C)C,-0.215
O=C1CC2CCC1C2,-1.7565
CC12CCC(C1)C(C)(C)C2=O,-1.85
CC12CCC(C(O)C1=O)C2(C)C,-0.9249
CC1(C)C2CCC1(CS(=O)(=O)O)C(=O)C2,-0.3
CC12CCC(CC1=O)C2(C)C(=O)O,-1.78
CC1(C)[C@H]2CC[C@@]1(C)C(=O)C2,-3.1825
Cc1cc2nc3c(=O)[nH]c(=O)nc-3n(CC(O)C(O)C(O)CO)c2cc1C,-3.6478
CC(C)(C)NC(=O)C1N(C(=O)C(O)C(Cc2ccccc2)NC(=O)Cc2ccccc2)CSC1(C)C,-3.72
COc1ccc2cc(C(C)C(=O)OC(C)OC(=O)C(N)Cc3ccccc3)ccc2c1,-3.5
O=c1c2ccc3c(=O)n4c5ccccc5nc4c4ccc(c2c34)c2nc3ccccc3n12,-5.633055848200001
Cc1cc(Cl)cc2c1C(=O)/C(=C1/Sc3cc(Cl)cc(C)c3C1=O)S2,-7.9319837821
Nc1ccc(N=Nc2ccc(S(=O)(=O)Nc3ccc(N=Nc4c(S(=O)(=O)[O-])cc5cc(S(=O)(=O)[O-])c(N=Nc6ccccc6)c(O)c5c4N)cc3)cc2)c(N)c1.[Na+].[Na+],-0.6029811942000001
c1ccc2c(c1)[nH]c1ccccc12,-5.2104276195
CCn1c2ccccc2c2ccccc21,-6.813503151
CC(C(=O)O)c1ccc2c(c1)[nH]c1ccc(Cl)cc12,-4.7
Nc1ccccc1C=Nc1ccccc1O,-3.64
O=C1CCCCCN1C(=O)c1cccc(C(=O)N2CCCCCC2=O)c1,-3.9583461947
Cc1ccccc1Oc1cccnn1,-1.969
O=S(=O)(O)c1ccc2nc(-c3ccccc3)[nH]c2c1,-2.9611061362
Cc1ccc(Sc2ccc(C(=O)c3ccccc3)cc2)cc1,-7.6154082599
NS(=O)(=O)c1ccc([O-])c(N=Nc2c([O-])ccc3ccccc23)c1.NS(=O)(=O)c1ccc([O-])c(N=Nc2c([O-])ccc3ccccc23)c1.[Co+3].[Na+],-2.2022038482
O=C1NC(=O)C2CCCC12,0.1553573817
O=C(N=C1C=CC2=C(S(=O)(=O)[O-])C(NNc3ccc4c(S(=O)(=O)[O-])cccc4c3)=CC(=O)C2=C1)Nc1ccc2c(c1)C=C(S(=O)(=O)[O-])/C(=N\Nc1ccc3cccc(S(=O)(=O)[O-])c3c1)C2=O.[Na+].[Na+].[Na+].[Na+],-0.6872171371
C=C1C2CCC(C)(OCC)C1CCC2(C)C,-4.7342962454
c1ccc2cc3c(cc2c1)-c1cccc2cccc-3c12,-8.4989
O=C(Nc1cc(S(=O)(=O)[O-])cc2c1C(=O)/C(=N/Nc1ccc3cc(S(=O)(=O)CCOS(=O)(=O)[O-])ccc3c1S(=O)(=O)[O-])C(S(=O)(=O)[O-])=C2)c1ccccc1.[Na+].[Na+].[Na+].[Na+],-0.3893149412
ON=C1CCCCC1,-0.8495729560999999
NC(=O)NN=C1CCCCC1,-1.4127
CCOP(=O)(N=C1SCCS1)OCC,-2.5941
CCOP(=O)(N=C1SCC(C)S1)OCC,-3.6744
Clc1c(Cl)c(Cl)c2c(oc3c(Cl)c(Cl)c(Cl)c(Cl)c32)c1Cl,-11.5827
Clc1cc2oc3c(Cl)c(Cl)c(Cl)c(Cl)c3c2cc1Cl,-10.66
O=S(=O)(O)c1ccc2oc3ccccc3c2c1,-0.47
Clc1cc2oc3cc(Cl)c(Cl)cc3c2cc1Cl,-8.6456
Clc1ccc2oc3ccc(Cl)cc3c2c1,-7.2135
O=S(=O)([O-])c1ccc2oc3ccccc3c2c1,-0.4655
Clc1cc2oc3c(Cl)c(Cl)c(Cl)cc3c2cc1Cl,-9.1609
Clc1cc2c(oc3c(Cl)c(Cl)c(Cl)c(Cl)c32)c(Cl)c1Cl,-11.4817
Brc1cc2oc3cc(Br)c(Br)cc3c2cc1Br,-6.8395
Clc1cc2c(oc3cc(Cl)c(Cl)c(Cl)c32)c(Cl)c1Cl,-10.3
c1ccc2c(c1)oc1ccccc12,-4.6
Cc1cc(N=Nc2ccc(Nc3nc(N)nc(Cl)n3)c3c(S(=O)(=O)[O-])cccc23)c(C)cc1N=Nc1cc(S(=O)(=O)[O-])ccc1S(=O)(=O)[O-].[Na+].[Na+].[Na+],-0.3869456913
C1=C\CC/C=C\CC/1.C1=C\CC/C=C\CC/1.[Cl].[Cl].[Rh].[Rh],-2.4997980736
Cc1cccc2n[n-]nc12.[Na+],0.6051674279
COc1cc([C@@H]2c3cc4c(c(O)c3C[C@H]3COC(=O)[C@@H]32)OCO4)cc(OC)c1O,-4.1254
COc1cc([C@@H]2c3cc4c(cc3[C@H](O)[C@H]3COC(=O)[C@@H]23)OCO4)cc(OC)c1OC,-3.6174
COc1cc([C@@H]2c3cc4c(c(O)c3C[C@H]3COC(=O)[C@@H]32)OCO4)cc(OC)c1OC,-4.5035
O=C1C=CC(=C(c2ccc(O)cc2)c2ccc(O)cc2)C=C1,-2.3837
Oc1c2ccccc2cc2ccccc12,-4.7329
c1ccc2cc3ccccc3cc2c1,-6.4448105798
O=C(O)c1c2ccccc2cc2ccccc12,-3.4174
Cc1cccc2cc3ccccc3cc12,-5.8541
CCCCCCCCCCCC(CCC)(CCC)CCCCCCCC.CCCCCCCCCCCCCCCCCCCCCCC.CCc1ccc2cc3cc(CC)ccc3cc2c1,-6.3644088649
CCCCCCCC(CC)CCCC(CC)CCCC.CCCCCCCCCCCCCCCCCCCC.c1ccc2cc3ccccc3cc2c1,-6.2691310175
Nc1ccc2cc3ccccc3cc2c1,-5.1722
O=[N+]([O-])c1c2ccccc2cc2ccccc12,-6.2918
Cc1ccc2cc3ccccc3cc2c1,-6.9555
Cc1c2ccccc2c(C)c2ccccc12,-6.5663
CCc1ccc2cc3ccccc3cc2c1,-6.8863
Cc1cc(O)c2c(O)c3c(O)cccc3cc2c1,-3.0585
Cc1c2ccccc2cc2ccccc12,-5.89
C[C@]12CC(=O)[C@H]3[C@@H](CCC4=CC(=O)CC[C@@]43C)[C@@H]1CCC2=O,-3.4843
CC12CC(=O)C3C(CCC4=CC(=O)CCC43C)C1CCC2=O,-3.48
CC1CCc2c(N3CCC(O)CC3)c(F)cc3c(=O)c(C(=O)O)cn1c23,-3.78
c1ccc(NNc2ccccc2)cc1,-2.9210000000000003
CCOc1nsc(N)n1,-0.6514
CCOc1nc(C(Cl)(Cl)Cl)ns1,-3.3254
COc1nsc(N)n1,-1.2427
CC1(C)CON(Cc2ccccc2Cl)C1=O,-2.3383
c1ccc2c(c1)cnc1ccccc12,-2.7763
OC[C@@H]1CO[C@@](Cn2cncn2)(c2ccc(Cl)cc2Cl)O1,-2.9059550684
Clc1ccc(C2(Cn3cncn3)OCCO2)c(Cl)c1,-3.0031
CCCC1COC(Cn2cncn2)(c2ccc(Cl)cc2Cl)O1,-3.4929
CCC1COC(Cn2cncn2)(c2ccc(Cl)cc2Cl)O1,-3.613
CCOC(=O)[C@@H](C)Oc1ccc(Oc2nc3ccc(Cl)cc3o2)cc1,-5.6042
CCOC(=O)C(C)Oc1ccc(Oc2nc3ccc(Cl)cc3o2)cc1,-5.6042
CC(Oc1ccc(Oc2nc3ccc(Cl)cc3o2)cc1)C(=O)O,-3.092
O=c1nc(-c2ccccc2)[nH]cc1Br,-3.4792
Cn1c(=O)on(-c2ccc(Cl)c(Cl)c2)c1=O,-2.82
O=c1cnc2cncnc2[nH]1,-2.12
Cn1c(=O)cnc2cncnc21,-0.92
Cc1nc2cncnc2n(C)c1=O,-1.489
COC(=O)C1CC2(C(C)C)C=CC1(C)CC2,-4.2008661255
Cc1ccc(C(C)C)cc2c(C)ccc1-2,-5.4752
CC12CCC3C(CCC4=CC(=O)CCC43C)C1CCC2=O,-3.7
CCC12CC[C@@H]3[C@H]4CCC(=O)C=C4CC[C@H]3[C@@H]1CCC2=O,-3.7327198893
C[C@]12CC[C@@H]3[C@H]4CCC(=O)C=C4CC[C@H]3[C@@H]1CCC2=O,-3.1565006621
CC12CCC3(O)C(CCC4=CC(=O)CCC43C)C1CCC2=O,-2.68
C[C@]12CC[C@H]3[C@@H](CCC4=CC(=O)CC[C@@]43C)[C@@H]1CCC2=O,-3.6949
C[C@]12CC[C@H]3[C@@H](CCC4=CC(=O)CC[C@@]43C)[C@@H]1C(O)CC2=O,-2.2130969417
Cn1c(=O)c2[nH]c(Cl)nc2n(C)c1=O,-1.5075
Cc1nc2c([nH]1)c(=O)n(C)c(=O)n2C,-0.7276
Cc1nc2c(c(=O)n(C)c(=O)n2C)n1C,-1.4493
Cn1c(=O)c2c(ncn2COC(=O)C(C)(C)C)n(C)c1=O,-2.17
CCN(CC)C(=O)CCC(=O)OCn1cnc2c1c(=O)n(C)c(=O)n2C,-1.14
Cn1c(=O)c2c(ncn2CC(O)CO)n(C)c1=O,-0.17
CC(=O)CCCCn1c(=O)c2c(ncn2C)n(C)c1=O,-0.5579999999999999
CCCOC(=O)n1cnc2c1c(=O)n(C)c(=O)n2C,-1.45
Cn1c(=O)c2c(ncn2CO)n(C)c1=O,-0.41
Cn1c(=O)c2[nH]cnc2n(C)c1=O,-1.3525852601
CCCC(=O)OCn1cnc2c1c(=O)n(C)c(=O)n2C,-1.86
CCCn1cnc2c1c(=O)n(CCCCC(C)=O)c(=O)n2C,-0.9811
CCCn1cnc2c1c(=O)n(C)c(=O)n2C,0.02
CCCCOC(=O)n1cnc2c1c(=O)n(C)c(=O)n2C,-1.93
CCCCC(=O)OCn1cnc2c1c(=O)n(C)c(=O)n2C,-2.37
CCCCCC(=O)OCn1cnc2c1c(=O)n(C)c(=O)n2C,-2.64
CCCCCCOC(=O)n1cnc2c1c(=O)n(C)c(=O)n2C,-3.0
CCn1c(=O)c2c(ncn2C)n(C)c1=O,-0.7190000000000001
Cn1cnc2c1c(=O)[nH]c(=O)n2C,-2.7372
CCc1nc2c(c(=O)n(C)c(=O)n2C)n1C,-1.5687
Cn1c(=O)c2c(ncn2C)n(C)c1=O,-0.91
CCCCn1cnc2c1c(=O)n(C)c(=O)n2C,-1.8069
CC(=O)n1cnc2c1c(=O)n(C)c(=O)n2C,-1.4
CN(CCO)c1nc2c(c(=O)n(C)c(=O)n2C)n1C,-0.6488
CCCCCCCC(=O)OCn1cnc2c1c(=O)n(C)c(=O)n2C,-3.45
Cn1cnc2c1c(=O)n(CC(=O)[O-])c(=O)n2C,-1.3769
CCC(=O)n1cnc2c1c(=O)n(C)c(=O)n2C,-1.1
CCn1cnc2c1c(=O)n(C)c(=O)n2C,-0.7544
CC(O)Cn1cnc2c1c(=O)n(C)c(=O)n2C,0.623
COC(=O)n1cnc2c1c(=O)n(C)c(=O)n2C,-1.24
Cn1c(=O)c2c(ncn2CCCO)n(C)c1=O,-0.1551
CCCCn1c(=O)c2c(ncn2C)n(C)c1=O,-1.6252
CC(=O)OCn1cnc2c1c(=O)n(C)c(=O)n2C,-1.83
CCCC(=O)n1cnc2c1c(=O)n(C)c(=O)n2C,-1.53
CCOC(=O)OCn1cnc2c1c(=O)n(C)c(=O)n2C,-1.86
CCOC(=O)n1cnc2c1c(=O)n(C)c(=O)n2C,-1.65
CCC(=O)OCn1cnc2c1c(=O)n(C)c(=O)n2C,-2.3
CCCn1c(=O)c2c(ncn2C)n(C)c1=O,-1.2082
CCCCC(=O)n1cnc2c1c(=O)n(C)c(=O)n2C,-2.12
CCCN(CC1CC1)c1c([N+](=O)[O-])cc(C(F)(F)F)cc1[N+](=O)[O-],-6.5407
CCC1(c2ccccc2)C(=O)NC(=S)NC1=O,-3.58
O=C1OC2(c3ccc(O)cc3Oc3cc(O)ccc32)c2ccccc21,-3.8226
Cc1cnc(NS(=O)(=O)c2ccc(N)cc2)nc1,-2.82
COc1cnc(NS(=O)(=O)c2ccc(N)cc2)nc1,-2.5843
CC(=O)Nc1ccc(S(=O)(=O)Nc2ncccn2)cc1,-3.59
Cc1ccnc(NS(=O)(=O)c2ccc(N)cc2)n1,-2.63
Cc1cc(C)nc(NS(=O)(=O)c2ccc(N)cc2)n1,-2.73
Cc1cnc(NS(=O)(=O)c2ccc(N)cc2)nc1C,-3.1435
Nc1ccc(S(=O)(=O)Nc2ncccn2)cc1,-2.16
N=NN=NC1=CCc2c(cccc2S(=O)(=O)Oc2ccc(C(=O)c3ccc(O)c(O)c3O)cc2)C1=O,-5.1052907305
O=S(=O)([O-])CCC[NH+]1CCOCC1,0.4557825074
C[N+]1([O-])CCOCC1,0.4563099285
CCCCN(CCN(CCCC)C(=O)N1CCOCC1)C(=O)N1CCOCC1,0.0985
CC(=O)N[C@@H](Cc1c[nH]c2ccccc12)C(=O)[O-],-2.3122
COc1ccc2[nH]cc(CCNC(C)=O)c2c1,-5.09
O=C(O)CCCc1c[nH]c2ccccc12,-2.9101
CCOC(=O)[C@H](Cc1c[nH]c2ccccc12)N(C)C=O,-2.2709
NC(Cc1c[nH]c2ccccc12)C(=O)O,-1.77
NCCc1c[nH]c2ccc(O)cc12,-0.945
CC(C)CC(NC(=O)C(N)Cc1c[nH]c2ccccc12)C(=O)O,-1.76
CN(C)Cc1c[nH]c2ccc(Br)cc12,-4.06
c1ccc2[nH]ccc2c1,-1.21
Cn1c(C(N)=O)c(C(N)=O)c2ccccc21,-1.8184
Cc1c[nH]c2ccccc12,-2.4206
CC(=O)NC(Cc1c[nH]c2ccccc12)C(=O)O,-2.31
NC(Cc1c[nH]c2ccccc12)C(=O)NCC(=O)O,-0.85
CCc1cccc2c(CCO)c[nH]c12,-1.9153264103
NCCc1c[nH]c2ccccc12,-3.3
CC(CC=O)CCCC(C)(C)O.c1ccc2[nH]ccc2c1,-4.9224509398
CC(C)NCC(O)COc1cccc2[nH]ccc12,-3.79
NC(Cc1c[nH]c2ccc(O)cc12)C(=O)O,-1.3430000000000002
CC(C)CC(N)C(=O)NC(Cc1c[nH]c2ccccc12)C(=O)O,-1.12
O=C(O)Cc1c[nH]c2ccccc12,-2.0674
C=C1C(O)CC2CC1C2(C)C,-2.09612479
C=C1CCC2CC1C2(C)C,-4.2923134549
O=C1c2ccccc2C(=O)c2c1ccc1c2[nH]c2ccc3c4ccccc4c(=O)c4ccc1c2c43,-5.506567842999999
CCCCCCCCCCCCCCCCOc1ccccc1C(=O)CC(=O)Nc1nc(-c2ccccc2)cs1,-4.8472795348
COc1cc2c(cc1OC)C13CCN4CC5=CCOC6CC(=O)N2C1C6C5CC43,-2.79
O=C1C[C@@H]2OCC=C3CN4CC[C@]56c7ccccc7N1[C@H]5[C@H]2[C@H]3C[C@H]46,-3.3202
O=C1CC2OCC=C3CN4CCC56c7ccccc7N1C5C2C3CC46,-3.32
COc1cc2c(cc1OC)[C@@]13CCN4CC5=CCOC6CC(=O)N2C1[C@H]6[C@H]5C[C@H]43,-2.0909
Cc1cc2ccccc2c2ccc3ccccc3c12,-6.5920000000000005
Cc1c(C)c2c3ccccc3ccc2c2ccccc12,-7.0109
Cc1cc2c3ccccc3ccc2c2ccccc12,-6.5715
Nc1cc2c3ccccc3ccc2c2ccccc12,-6.1958
c1ccc2c(c1)ccc1c3ccccc3ccc21,-8.0575
Cc1cc2c(cc1NNC1C(=O)NC(=O)NC1=O)=NC(=O)N=2,-6.4891402338
N12[Si]34N5[Si]16N3[Si]25N46,-5.6698930776
CC(C)(C)[C@H](O)[C@H](Oc1ccc(Cl)cc1)n1cncn1,-3.9524
CC(C)(C)[C@@H](O)[C@H](Oc1ccc(Cl)cc1)n1cncn1,-3.6786
CC(C)(C)C(O)C(Oc1ccc(Cl)cc1)n1cncn1,-3.3918
CC(C)(C)C(=O)C(Oc1ccc(Cl)cc1)n1cncn1,-3.6137
C=CCCCOC(=O)C(CC)N(Cc1ccco1)C(=O)n1ccnc1,-2.8919
C=C(C)[C@H]1Cc2c(ccc3c2O[C@@H]2COc4cc(OC)c(OC)cc4[C@@H]2C3=O)O1,-6.2949
C=C(C)C1Cc2c(ccc3c2OC2COc4cc(OC)c(OC)cc4C2C3=O)O1,-4.47
Cc1nc2c(=O)n(C)c(=O)n(C)c2nc1C,-1.3429
CCc1nc2[nH]c(=O)[nH]c(=O)c2nc1CC,-2.39
Cn1c(=O)c2nccnc2n(C)c1=O,-1.4598
Cc1nc2c(=O)[nH]c(=O)n(C)c2nc1C,-2.1129
O=c1[nH]c(=O)c2nccnc2[nH]1,-2.1183
CCCCCC1CCCC(=O)O1,-1.6290322311
C/C=C/CCC1CCCC(=O)O1,-1.4887262913
O=C1OC(CO)C(O)C(O)C1O,0.5201
O=C1CCCCO1,0.9994921725
Cc1c(F)c(F)c(COC(=O)C2C(C=C(Cl)C(F)(F)F)C2(C)C)c(F)c1F,-7.3210000000000015
CC1(C)C(C=C(Cl)Cl)C1C(=O)OCc1c(F)c(F)cc(F)c1F,-6.81
CC1(C)[C@H](C=C(Cl)Cl)[C@H]1C(=O)OCc1c(F)c(F)cc(F)c1F,-6.8137
Cc1c(F)c(F)c(COC(=O)C2C(/C=C(\Cl)C(F)(F)F)C2(C)C)c(F)c1F,-7.3209
CC(C)CC(NC(=O)CC(O)C(CC1CCCCC1)NC(=O)C(Cc1c[nH]cn1)NC(=O)C(Cc1ccccc1)NC(=O)OC(C)(C)C)C(=O)NCc1cccc(CN)c1,-4.7
O=S(=O)(N1CCCC1)N1CCCC1,-0.44
CCCCN1CCCCC1C(=O)Nc1c(C)cccc1C,-3.22
Cc1cccc(C)c1NC(=O)C1CCCCN1C,-1.99
COc1ccc(C(=O)CSc2cccc(OC)c2)cc1,-5.284725265
Cc1noc(NS(=O)(=O)c2ccc(N)cc2)c1C,-2.91
CC(=O)N(c1onc(C)c1C)S(=O)(=O)c1ccc(N)cc1,-3.59
Nc1nc(=O)c2nc(CNc3ccc(C(=O)NC(CCC(=O)O)C(=O)O)cc3)cnc2[nH]1,-5.44
c1cc(OCC2CO2)cc(N(CC2CO2)CC2CO2)c1,-2.1925611892
S=c1cnc2cncnc2[nH]1,-2.71
Cc1c2c(cc3c1ccc1ccccc13)CCCC2,-6.75
O=C1CCCCCN1C(=O)Nc1ccc(Cc2ccc(NC(=O)N3CCCCCC3=O)cc2)cc1,-7.7632612615999985
O=C(c1cc(N2CC2)c([N+](=O)[O-])cc1[N+](=O)[O-])N1CCCCC1,-3.17
CC(C)(C)C(O)(CCc1ccc(Cl)cc1)Cn1cncn1,-3.932
O=C1OCCCN1/N=C/c1ccc([N+](=O)[O-])o1,-3.4757
Nc1nc(Cl)nc(Nc2ccc(S(=O)(=O)[O-])c(N/N=C3/C(=O)c4c(cc(S(=O)(=O)[O-])c(N=Nc5cc(S(=O)(=O)[O-])ccc5S(=O)(=O)[O-])c4N)C=C3S(=O)(=O)[O-])c2)n1.[Na+].[Na+].[Na+].[Na+].[Na+],-0.5908005839
S=c1[nH]c2ccccc2[nH]1,-2.176687281
Cc1cccc2[nH]c(=S)[nH]c12,-3.13627918
COc1ccc2[nH]c(=S)[nH]c2c1,-2.7506819237
COc1ccc(C(=O)CC(=O)c2ccc(C(C)(C)C)cc2)cc1,-7.060548154299999
O=C(CC(=O)c1ccccc1)c1ccccc1,-5.6579029620000005
OCC1OC(OCC2OC(O)C(O)C(O)C2O)C(O)C(O)C1O,0.4656
O=C(O)Cc1ccccc1Nc1c(Cl)cccc1Cl,-4.6202577876
CCOc1ccc(Nc2ccc(S(=O)(=O)N(C)C)cc2[N+](=O)[O-])cc1,-4.2617516212
Cc1cccc(Nc2ccccc2C(=O)O)c1C,-4.0815
O=C([O-])Cc1ccccc1Nc1c(Cl)cccc1Cl.[Na+],-1.1742318477
O=C(O)c1ccccc1Nc1cccc(C(F)(F)F)c1,-4.4
O=C(O)c1ccccc1Nc1cccc([N+](=O)[O-])c1,-6.43
O=NN(c1ccccc1)c1ccccc1,-3.7531
Cc1c(Cl)cccc1Nc1ccccc1C(=O)O,-5.06
Cc1cccc(Nc2ccccc2C(=O)O)c1,-5.06
CC(C)(C)CC(C)(C)c1ccc(Nc2ccc(C(C)(C)CC(C)(C)C)cc2)cc1,-6.5951201849
Nc1cccc(Nc2ccccc2C(=O)O)c1,-4.09
O=C(O)c1ccccc1Nc1cccc(O)c1,-3.54
O=C(OCCOCCO)c1ccccc1Nc1cccc(C(F)(F)F)c1,-5.3633
CC(C)CCC(C)Nc1ccc(Nc2ccccc2)cc1,-5.6248375610000005
C=C(C)CC(C)(C)C.c1ccc(Nc2ccccc2)cc1,-5.0876626154
O=C(O)c1ccccc1Nc1cccc(Cl)c1,-5.3
OCC(O)C(O)C(O)C=NN(c1ccccc1)c1ccccc1,-3.1
Nc1ccc(Nc2ccc([N+](=O)[O-])cc2S(=O)(=O)O)cc1,-1.5982895297
CCOC(=O)N(c1ccccc1)c1ccccc1,-3.9692395593
COc1cccc(Nc2ccccc2C(=O)O)c1,-4.8
O=[N+]([O-])c1ccc(Nc2ccccc2)c([N+](=O)[O-])c1,-3.834
O=C(O)c1ccccc1Nc1ccccc1,-4.96
C=O.CC(C)=O.c1ccc(Nc2ccccc2)cc1,-5.969586401
c1ccc(Nc2ccccc2)cc1,-3.5042
CNC(=O)N(c1ccccc1)c1ccccc1,-2.9839461582
O=[N+]([O-])c1ccc(Nc2ccc(O)cc2)c([N+](=O)[O-])c1,-5.444
CC(=O)c1cccc(Nc2ccccc2C(=O)O)c1,-4.86
Nc1ccc(Nc2ccccc2)cc1,-2.5631304762
CCCCCCCCCc1cccc(Nc2cccc(CCCCCCCCC)c2)c1,-7.9260469847
CCC1(C2=CC3CCC(C2)C3)C(=O)NC(=O)NC1=O,-2.7696
O=C1NC(=O)C(=O)N1,-0.4
c1ccc2c(c1)ccc1nc3c(ccc4ccccc43)cc12,-6.2447
NS(=O)(=O)c1cc2c(s1)S(=O)(=O)CC(O)C2,-1.54
NS(=O)(=O)c1cc2c(s1)S(=O)(=O)CCC2O,-1.65
NS(=O)(=O)c1cc2c(s1)S(=O)(=O)CCC2,-2.68
CCN(C(=O)CNC)C1CC(C)S(=O)(=O)c2sc(S(N)(=O)=O)cc21,-1.21
CCOC(=O)Cc1[nH]nc2ccc(Cl)cc12,-3.0256
NC(Cc1[nH]nc2ccccc12)C(=O)O,-1.4091
O=S(=O)([O-])c1cc(Nc2nc(Nc3ccccc3)nc(Nc3ccccc3)n2)ccc1/C=C/c1ccc(Nc2nc(Nc3ccccc3)nc(Nc3ccccc3)n2)cc1S(=O)(=O)[O-].[Na+].[Na+],-3.8255874528
CC(C)CC(NC(=O)CC(O)C(CC(C)C)NC(=O)C(Cc1c[nH]cn1)NC(=O)C(Cc1ccccc1)NC(=O)OC(C)(C)C)C(=O)NCc1ccccn1,-3.42
NC(=O)C1(N2C(=O)c3cccc(Cl)c3C2=O)CCCCC1,-4.0097
Cc1ccc(C(=O)c2ccc(CC(=O)O)n2C)cc1,-4.09
OC(Cn1cncn1)(Cn1cncn1)c1ccc(F)cc1F,-1.8
COc1cc(N=Nc2cccc(S(=O)(=O)[O-])c2)ccc1Nc1nc(Nc2ccc(N=Nc3cccc(S(=O)(=O)[O-])c3)cc2OC)nc(N(CCO)CCO)n1.[Na+].[Na+],-1.6008155248
O=C(Nc1cc(S(=O)(=O)[O-])cc2c1C(=O)/C(=N/Nc1ccc3c(CNc4nc(F)nc(F)c4Cl)cccc3c1S(=O)(=O)[O-])C(S(=O)(=O)[O-])=C2)c1ccccc1.[Li+].[Na+].[Na+],-0.8900865081
O=C1Nc2cccc3cccc1c23,-3.2547670983
CC12CCC(CC1=O)C(C)(C)O2,-0.9249
Nc1nc(C(F)(F)F)c2[nH]cnc2n1,-3.1346
Cc1ncnc2nc[nH]c12,0.1735
Nc1ncnc2nc[nH]c12,-2.1179
CN(C)c1nc2ncncc2[nH]1,-1.3885
Clc1ncnc2nc[nH]c12,-1.4901
Nc1ncc2[nH]cnc2n1,-1.21
COc1ncc2[nH]cnc2n1,-1.48
COc1ncnc2nc[nH]c12,-1.53
FC(F)(F)c1nc2ncncc2[nH]1,-0.4505
OCc1nc2ncncc2[nH]1,-1.52
Cn1cnc2nc(Cl)nc(Cl)c21,-1.1522
c1ncc2[nH]cnc2n1,0.6194
Cc1nc2ncncc2[nH]1,-0.41
Cn1cnc2nc(Cl)nc(NN)c21,-1.1427
COC1=C/C(=N/N(O)c2ccc(N/N=C3/C(=O)c4c(O)cc(S(=O)(=O)[O-])cc4C=C3S(=O)(=O)[O-])c(OC)c2)C=C/C1=N/N=C1\C(=O)c2c(O)cc(S(=O)(=O)[O-])cc2C=C1S(=O)(=O)[O-].[Li+].[Li+].[Na+].[Na+],-0.9094796777
NC(=O)c1ncn([C@@H]2O[C@H](CO)[C@@H](O)[C@H]2O)n1,-0.2355
O=C(Nc1ccc(F)cc1F)c1cccnc1Oc1cccc(C(F)(F)F)c1,-6.8969
Oc1ccc(C(c2ccc(O)cc2)c2ccccn2)cc1,-4.523907797200001
CC(CN1CC(=O)NC(=O)C1)N1CC(=O)NC(=O)C1,-1.27
O=C(OC[C@H]1O[C@@H](Oc2ccccc2CO)[C@H](O)[C@@H](O)[C@@H]1O)c1ccccc1,-2.8925
Fc1cccc(F)c1C1SCc2nc3ccccc3n21,-3.76
O=CCC/C=C1\CC2CC1C1CCCC21,-4.090187912699999
CC(C)CCCC(C)C1CCC2C3CCC4CC(C)(CCC=C(c5cc(Cl)c(O)c(C(=O)O)c5)c5cc(Cl)c(O)c(C(=O)O)c5)CCC4(C)C3CCC12C,-8.46
CC1=NN(c2cccc(S(=O)(=O)O)c2)C(=N)C1,-1.1387882185
O=C(O)CCc1nc(-c2ccccc2)c(-c2ccccc2)o1,-2.24
C1=C\CCCCCC/1,-3.770339988
CN(C)C1CCC=CCCC1,-1.6004
CC1(C)OC2CC3C4CCC5=CC(=O)C=CC5(C)C4(F)C(O)CC3(C)C2(C(=O)CO)O1,-4.31
CC1(C)O[C@@H]2C[C@H]3[C@@H]4CCC5=CC(=O)C=C[C@]5(C)[C@@]4(F)[C@@H](O)C[C@]3(C)[C@]2(C(=O)CO)O1,-4.3158
CC(C)(C)CC(=O)OCC(=O)[C@@]12OC(C)(C)O[C@@H]1C[C@H]1[C@@H]3CCC4=CC(=O)C=C[C@]4(C)[C@@]3(F)[C@@H](O)C[C@@]12C,-5.1244
CC(C)(C)CC(=O)OCC(=O)C12OC(C)(C)OC1CC1C3CCC4=CC(=O)C=CC4(C)C3(F)C(O)CC12C,-5.12
c1ccc(-c2ncc[nH]2)cc1,-1.8893830404
Cc1ccc(C2(O)CCN(CCCC(=O)c3ccc(F)cc3)CC2)cc1,-4.35
O=C(CCCN1CCC(O)(c2ccc(Cl)cc2)CC1)c1ccc(F)cc1,-4.4289
O=C(CCCN1CCC(O)(c2ccccc2)CC1)c1ccccc1,-2.68
Cc1ccc(C2(O)CCN(CCCC(=O)c3ccccc3)CC2)cc1,-1.62
O=C(CCCN1CCC(O)(c2ccc(F)cc2)CC1)c1ccccc1,-2.97
O=C(CCCN1CCC(O)(c2ccc(Cl)cc2)CC1)c1ccccc1,-3.35
O=C(CCCN1CCC(O)(c2ccccc2)CC1)c1ccc(F)cc1,-4.1183
O=C(CCCN1CCC(O)(c2ccc(Br)cc2)CC1)c1ccc(F)cc1,-3.6693
O=C(CCCN1CCC(O)(c2ccc(F)cc2)CC1)c1ccc(F)cc1,-2.83
Cc1ccc2c(c1)OCC(=O)CO2,-1.1141554489
Nc1ncc2ncn(CCC3COC(=O)OC3)c2n1,-1.43
CC(C)N1C(=O)c2ccccc2NS1(=O)=O,-2.6817
CC1CCCC(OC2CCCC(C)O2)O1,-1.1083
CC(=O)N1CCN(C(=O)/C=C/c2ccc(Sc3ccc4[nH]ccc4c3)c(Cl)c2)CC1,-2.74
CC1(C)COC(=O)C1O,0.6515307225
CC(=O)C1CCOC1=O,0.3975093207
CC1(C(=O)O)CCOC1=O,0.8412
CC1(C)OC(=O)C[C@@H]1C(=O)[O-],-1.2449
CCOC(=O)CC1(C)CCC(=O)O1,-0.7472
CCCCC[C@H]1CCC(=O)O1,-1.8552940397
O=C[C@H](O)[C@H]1OC(=O)[C@@H](O)[C@H]1O,0.1641
CCCCCCC1(C)CCC(=O)O1,-2.6432618239
CCCCCCC[C@H]1CCC(=O)O1,-3.0668187599000003
O=C1CCCO1,1.0650472922
O=C1OC(C(O)C(O)CO)C(O)C1O,0.3348
O=C1OC(CN2CCOCC2)CN1/N=C/c1ccc([N+](=O)[O-])o1,-2.6359
CC(C)(C)N(Sc1nc2ccccc2s1)Sc1nc2ccccc2s1,-8.3629378574
[N-]=[N+]=C1C=Cc2c(cccc2S(=O)(=O)Oc2ccc(C(=O)c3ccccc3)c(OS(=O)(=O)c3cccc4c3C=CC(=[N+]=[N-])C4=O)c2OS(=O)(=O)c2cccc3c2C=CC(=[N+]=[N-])C3=O)C1=O,-6.820895006900001
ClC1=C(Cl)C2(Cl)C3CCC4C(CCC3C1(Cl)C2(Cl)Cl)C1(Cl)C(Cl)=C(Cl)C4(Cl)C1(Cl)Cl,-13.1719
c1ccc2sc(SN(C3CCCCC3)C3CCCCC3)nc2c1,-6.7886
CC1CCCC1,-3.3019
O=C(O)CCC1CCCC1,-1.7691
CCC1CCC(CCC(=O)O)C1,-3.286116314
FC1CC(F)(F)C(F)(F)C1(F)F,-2.436880918
NC1(C(=O)O)CCCC1,-0.4122
CCCC1CCCC1,-4.7404
CCCCCC1CCCC1,-6.0863
C1CCCC1,-2.64
COC1CCCC1,-0.9037886388
CC1(C(=O)O)CCC(C(=O)O)C1(C)C,-1.42
CC1(C)[C@@H](C(=O)[O-])CC[C@@]1(C)C(=O)[O-],-1.4207
CCCCCC(O)/C=C/C1C(O)CC(O)C1C/C=C/CCCC(=O)O,-2.33
CC1CCC(C)(C)C1,-4.4784
O=C(O)COC1CCCC1,-0.8471
Cc1ccc(S(=O)(=O)Oc2c(C(=O)c3ccc(Cl)cc3Cl)c(C)nn2C)cc1,-6.8946
COP(=O)(Oc1cc(Cl)c(Br)cc1Cl)c1ccccc1,-4.99
CCOc1ccc(C)cc1N=Nc1ccc(N=Nc2cccc(S(=O)(=O)[O-])c2)c2ccccc12.[Na+],-1.8471355444
Cc1c(Nc2ccc(Br)cc2F)c(C(=O)NOCCO)cn(C)c1=O,-2.96
Cn1cc(C(N)=O)c(Nc2ccc(Br)cc2F)c(F)c1=O,-4.14
CONC(=O)c1cn(C)c(=O)c(C)c1Nc1ccc(Br)cc1F,-3.28
CCONC(=O)c1cn(C)c(=O)c(C)c1Nc1ccc(Br)cc1F,-3.82
CCONC(=O)c1cn(C)c(=O)c(F)c1Nc1ccc(Br)cc1F,-4.19
OCC1OC2OC3C(CO)OC(OC4C(CO)OC(OC5C(CO)OC(OC6C(CO)OC(OC7C(CO)OC(OC1C(O)C2O)C(O)C7O)C(O)C6O)C(O)C5O)C(O)C4O)C(O)C3O,-0.91
O=[N+]([O-])C12COP(=O)(OC1)OC2,-0.81
Cc1cc(=O)[nH]o1,-0.0666
c1ccc(CCNCc2ccccc2)cc1,-2.7229
N#Cc1c[nH]cc1-c1cccc(Cl)c1Cl,-4.6937
c1ccc2c(c1)-c1ccc3ccc4cccc5cc-2c1c3c45,-9.1627
c1cc2c3c(ccc4c3c1CCC4)CCC2,-5.96
COc1cc(N=Nc2ccc3cc(S(=O)(=O)[O-])cc(S(=O)(=O)[O-])c3c2)ccc1NC(=O)c1ccc(N=Nc2c([O-])nc(NC#N)nc2O)cc1.OCC[NH+](CCO)CCO.OCC[NH+](CCO)CCO.OCC[NH+](CCO)CCO,-0.8216489824
NS(=O)(=O)c1cc2c(cc1C(F)(F)F)NC=NS2(=O)=O,-0.8186
COc1cccc(CC(C)NC(C)Cc2ccccc2OC)c1,-3.0
COc1ccccc1CC(C)NC(C)Cc1ccccc1OC,-2.0
CNC(=O)c1cc(Oc2ccc(NC(=O)Nc3ccc(Cl)c(C(F)(F)F)c3)cc2)ccn1,-6.6672950838
O=C1OC(=O)c2ccccc21,-1.3644249332
O=C1OC(=O)c2ccccc21.OCCOCCO,-1.4052404634
O=C1OC(=O)c2c(Cl)c(Cl)c(Cl)c(Cl)c21,-4.5531196112
O=C(O)c1ccc2c(c1)C(=O)OC2=O,-0.8961963145999999
S=c1[nH]cnc2[nH]cnc12,-2.95
Nc1nc2[nH]cnc2c(=S)[nH]1,-3.31
CC#Cc1cc(C)nc(Nc2ccccc2)n1,-4.6
Cc1cc(C)nc(Nc2ccccc2)n1,-3.2166
NC(=O)c1cnc2n1CCc1ccccc1C21CCNCC1,-2.43
Nc1nc2c(ncn2COCCOC(=O)c2ccc(CN3CCOCC3)cc2)c(=O)[nH]1,-2.75
COc1cc2nc(N3CCN(C(=O)C4CCCO4)CC3)nc(N)c2cc1OC,-1.8
CCCCC(CC)COC(=O)c1ccc(Nc2nc(Nc3ccc(C(=O)OCC(CC)CCCC)cc3)nc(Nc3ccc(C(=O)OCC(CC)CCCC)cc3)n2)cc1,-8.2164783763
CCCCC(CC)COC(=O)c1ccc(Nc2nc(Nc3ccc(C(=O)NC(C)(C)C)cc3)nc(Nc3ccc(C(=O)OCC(CC)CCCC)cc3)n2)cc1,-8.1852587653
CC[C@]12CC[C@@H]3C4=C(CC[C@H]3[C@@H]1CCC2=O)CC(OC)=CC4,-5.363817292
COC1=CCC2=C(CCC3C2CCC2(C)C(=O)CCC32)C1,-4.9798745042000006
CCCn1c(=O)c2[nH]c(C34CC5CC(CC3C5)C4)nc2n(CCC)c1=O,-5.85
O=c1ccc(=O)[nH][nH]1,-1.2714
ClC1=C(Cl)C2(Cl)C3C4CC(C5OC45)C3C1(Cl)C2(Cl)Cl,-6.2908
O=C1C=Cc2ccccc2C1=NO,-2.94
CC(Oc1ccc(Oc2cnc3cc(Cl)ccc3n2)cc1)C(=O)OCC1CCCO1,-5.0303
CC(CCOS(=O)(=O)c1ccccc1)[N-]c1ccc([N-]C(C)CCOS(=O)(=O)c2ccccc2)c2c1C(=O)c1ccccc1C2=O.[Na+].[Na+],-0.4376461112
CC1C=CCC2C(=O)OC(=O)C12,-0.7362684615999999
O=C1OC(=O)C2CC=CCC12,-0.7139217719
CC1=CCC2C(=O)OC(=O)C2C1,-1.0999943697
Cc1c(OCc2ccccn2)ccc2c(=O)cc(N3CCOCC3)oc12,-4.45
Cc1ncc([N+](=O)[O-])n1CCOC(=O)c1ccc(CN2CCOCC2)cc1,-2.89
CCOC(=O)c1nn(-c2ccc(OC)cc2)c2c1CCN(c1ccc(N3CCCCC3=O)cc1)C2=O,-4.6282058436
Nc1ccc(S(=O)(=O)Nc2cnc3ccccc3n2)cc1,-4.6026
COC(=O)c1ccc(-c2cc(C(=O)OC)ccc2C(=O)OC)cc1.COC(=O)c1ccc(-c2cc(C)ccc2C(=O)OC)cc1.COC(=O)c1ccc(-c2ccc(C(=O)OC)cc2)cc1.COC(=O)c1ccc(-c2cccc(C(=O)OC)c2)cc1.COC(=O)c1ccc(-c2ccccc2C(=O)OC)cc1.COC(=O)c1ccc(C(=O)O)cc1.COC(=O)c1ccc(C(=O)OC)c(C(=O)OC)c1.COC(=O)c1ccc(C(=O)OC)cc1.COC(=O)c1ccc(C(=O)OCc2ccc(C)cc2)cc1.COC(=O)c1ccc(C(OC)OC)cc1.COC(=O)c1ccc(C)c2c1oc(=O)c1ccccc12.COC(=O)c1ccc(C)cc1.COC(=O)c1ccc(C)cc1C(=O)OC.COC(=O)c1ccc(C=O)cc1.COC(=O)c1ccc(CO)cc1.COC(=O)c1ccc(COC(=O)c2ccc(C(=O)OC)cc2)cc1.COC(=O)c1ccc(COC(=O)c2ccc(C)cc2)cc1.COC(=O)c1ccc2c(c1)C(=O)c1ccc(C(=O)OC)cc1-2.COC(=O)c1cccc(C(=O)OC)c1.COC(=O)c1ccccc1.COC(=O)c1ccccc1C(=O)OC.Cc1ccc(C(=O)O)cc1.Cc1ccc(C)cc1.O=C(O)c1ccccc1,-6.7316777728
CCC(C)C1NC(=O)C(Cc2ccccc2)NC(=O)C2CCCN2C(=O)C(Cc2ccccc2)N(C)C(=O)C2CCCCN2C(=O)C2CCCCN2C1=O,-5.57
C1=C\CC/C=C/CC/C=C\CC/1,-5.3651562541
Nc1cc([N+](=O)[O-])cc([N+](=O)[O-])c1O.Nc1ccc([N+](=O)[O-])cc1.O=C1C=C/C(=N\Nc2cc(S(=O)(=O)[O-])cc3cc(S(=O)(=O)[O-])cc(O)c23)C(O)=C1.[Fe].[Na+].[Na+],-1.3075465248
CCn1cc(C(=O)O)c(=O)c2cc3c(cc21)OCO3,-4.38
c1ccc(C2=[NH+]CCN2)cc1,-1.1265180752
COc1cc(N=Nc2ccc([N+](=O)[O-])cc2)ccc1NN=C1C=CC(=O)C=C1,-6.9639720065
Cc1cc(N/N=C2\C=CC(=O)C(C(=O)[O-])=C2)c(OCCCS(=O)(=O)[O-])cc1N=Nc1ccc([N+](=O)[O-])cc1S(=O)(=O)[O-].[Na+].[Na+].[Na+],0.1614506128999999
c1ccc2c(c1)CCN2,-1.0427
CC(C)(C)c1cc(CCC(=O)OCC(COC(=O)CCc2cc(C(C)(C)C)c(O)c(C(C)(C)C)c2)(COC(=O)CCc2cc(C(C)(C)C)c(O)c(C(C)(C)C)c2)COC(=O)CCc2cc(C(C)(C)C)c(O)c(C(C)(C)C)c2)cc(C(C)(C)C)c1O,-7.0710180803
O=C([O-])c1ccc[n+](Cc2ccccc2)c1.[Cl-].[Na+],0.5192202667
NC(=O)c1ccc[n+](Cc2ccccc2)c1.[Cl-],0.2936103731
CN1C2CCCC1CC(=O)C2,0.4167
CC1=NN(c2cc(Cl)c(S(=O)(=O)[O-])cc2Cl)C(=O)C1N=Nc1ccc(S(=O)(=O)[O-])cc1.[Na+].[Na+],-0.6605427703
COc1cc(S(=O)(=O)CCOS(=O)(=O)[O-])c(C)cc1N=NC1C(=O)N(c2ccc(S(=O)(=O)[O-])cc2)N=C1C.[Na+].[Na+],-0.2390039262
N=C(N)N.O=C(O)C1=NN(c2ccc(S(=O)(=O)O)cc2)C(=O)C1N=Nc1ccc(S(=O)(=O)O)cc1.[Cl-].[H+],-7.751246761699999
CC1=NN(c2ccc(S(=O)(=O)[O-])cc2)C(=O)C1N=Nc1ccccc1C(=O)[O-].[Na+].[Na+],-1.491314993
CC1=NN(c2ccccc2)C(=O)C1N=Nc1ccccc1,-7.5414466266
CC1=NN(c2cccc(S(=O)(=O)[O-])c2)C(=O)C1N=Nc1cc(Cl)c(Cl)cc1S(=O)(=O)[O-].[Ca+2],-3.8390840609
O=C([O-])C1=NN(c2ccc(S(=O)(=O)[O-])cc2)C(=O)C1N=Nc1ccc(S(=O)(=O)[O-])cc1.[Na+].[Na+].[Na+],-0.5049964012
CC1=NN(c2cccc(S(=O)(=O)[O-])c2)C(=O)C1N=Nc1cc(Cl)c(Cl)cc1S(=O)(=O)[O-].[Na+].[Na+],-3.2642643745
C=C(Br)C(=O)Nc1ccc(S(=O)(=O)[O-])c(N=NC2C(=O)N(c3cc(Cl)c(S(=O)(=O)[O-])cc3Cl)N=C2C)c1.[Na+].[Na+],-0.5501699754
COc1cc(S(=O)(=O)CCOS(=O)(=O)[O-])c(OC)cc1N=NC1C(=O)N(c2ccc(S(=O)(=O)[O-])cc2)N=C1C.[Na+].[Na+],-0.0898430335
C1CO[Sb]2OCCO[Sb](O1)OCCO2,-9.0249738719
Nc1nc(N)c(N=O)c(N)n1,-3.8454729507
CSc1ncccn1,-0.402
CCOc1cc(OP(=S)(OC)OC)nc(CC)n1,-3.8638
Cc1ncc(CN)c(N)n1,0.4903065627000001
Cc1cc(N)nc(C)n1,-1.2843
CCCc1nc(N)c(CC)c(CCC)n1,-2.5132
Cc1cc(N(C)C)nc(Cl)n1,-1.2615
CCOP(=S)(OCC)Oc1cc(C)nc(C(C)C)n1,-3.8813
CCCCc1c(C)nc(NCC)nc1OS(=O)(=O)N(C)C,-4.1579
CCCSc1nc(Cl)c([N+](=O)[O-])c(Cl)n1,-4.3869446244
Cc1nc(Cl)ncc1N(C)C,-1.26
Clc1cc(Cl)ncn1,-1.4172531143
Cc1cc(C)nc(C(N)=O)n1,0.1216
CCN(CC)c1nc(C)cc(OP(=S)(OC)OC)n1,-4.133
CCOP(=S)(Oc1cnc(C(C)(C)C)nc1)OC(C)C,-4.7626
Cc1nc(N(C)C)nc(OC(=O)N(C)C)c1C,-1.9457
CCOP(=S)(OCC)Oc1cc(C)nc(N(CC)CC)n1,-4.9242
c1cncnc1,1.0964
Cc1cc(C)nc(N)n1,-0.4884
OCC(O)C(O)c1nn(-c2ccccc2)c2nc3ccccc3nc12,-3.13
CCOC(=O)c1cnc(=S)[nH]c1,-1.74
O=c1oc(=O)c2cc3c(=O)oc(=O)c3cc12,-1.4062217243
COc1ccc2[nH]c(S(=O)Cc3ncc(C)c(OC)c3C)nc2c1,-4.28
CN1C(=O)CCS(=O)(=O)C1c1ccc(Cl)cc1,-2.0394
CC1=CCCC2(C)C(OC=O)C(C)CCC12C,-5.0311421132
CC(C)(c1ccc(OCC2CO2)cc1)c1ccc(OCC2CO2)cc1,-4.7996200318
CC(C)(c1cc(Br)c(OCC2CO2)c(Br)c1)c1cc(Br)c(OCC2CO2)c(Br)c1,-7.3953018986
CO[C@H]1C[C@H](OC2/C(C)=C/C[C@@H]3C[C@@H](C[C@]4(C=C[C@H](C)[C@@H](C5CCCCC5)O4)O3)OC(=O)[C@@H]3C=C(C)[C@@H](O)[C@H]4OC/C(=C\C=C\[C@@H]2C)[C@@]34O)O[C@@H](C)C1O[C@H]1C[C@H](OC)[C@@H](O)[C@H](C)O1,-7.5558815137
C[C@H](CCC(=O)O)[C@H]1CC[C@H]2[C@H]3[C@H](CC[C@@]21C)[C@@]1(C)CC[C@@H](O)C[C@H]1C[C@H]3O,-3.6402
C[C@H](CCC(=O)O)[C@H]1CC[C@H]2[C@@H]3[C@H](O)[C@H](O)[C@@H]4C[C@H](O)CC[C@]4(C)[C@H]3CC[C@@]21C,-4.3465
C[C@H](CCC(=O)O)[C@H]1CC[C@H]2[C@@H]3[C@@H](O)C[C@@H]4C[C@H](O)CC[C@]4(C)[C@H]3CC[C@@]21C,-4.2929
C[C@H](CCC(=O)NCC(=O)O)[C@H]1CC[C@H]2[C@H]3[C@H](C[C@H](O)[C@@]21C)[C@@]1(C)CC[C@@H](O)C[C@H]1C[C@H]3O,-5.1495
CC(CCC(=O)O)C1CCC2C3CC(O)C4CC(O)CCC4(C)C3CCC12C,-4.82
C[C@H](CCC(=O)O)[C@H]1CC[C@H]2[C@@H]3CC[C@@H]4C[C@H](O)CC[C@]4(C)[C@H]3CC[C@@]21C,-6.0
CC(CCC(=O)O)C1CCC2C3CCC4CC(O)CCC4(C)C3CCC12C,-7.34
CC(CCC(=O)O)C1CCC2C3C(O)CC4CC(O)CCC4(C)C3CC(O)C12C,-3.63
C[C@H](CCC(=O)O)[C@H]1CC[C@H]2[C@H]3[C@H](C[C@H](O)[C@@]21C)[C@@]1(C)CC[C@@H](O)C[C@H]1C[C@H]3O,-3.3682
CC(CCC(=O)O)C1CCC2C3C(O)CC4CCCCC4(C)C3CCC12C,-6.46
CC(CCC(=O)O)C1CCC2C3CCC4CC(O)CCC4(C)C3CC(O)C12C,-3.95
C[C@H](CCC(=O)NCC(=O)O)[C@H]1CC[C@H]2[C@H]3[C@H](CC[C@@]21C)[C@@]1(C)CC[C@@H](O)C[C@H]1C[C@H]3O,-5.1546
CC(CCC(=O)O)C1CCC2C3C(O)CC4CC(O)CCC4(C)C3CCC12C,-4.57
CC(CCC(=O)NCC(=O)O)C1CCC2C3C(O)CC4CC(O)CCC4(C)C3CC(O)C12C,-5.15
C[C@H](CCC(=O)O)[C@H]1CC[C@H]2[C@@H]3CC[C@@H]4C[C@H](O)CC[C@]4(C)[C@H]3C[C@H](O)[C@@]21C,-3.9544
C[C@H](CCC(=O)NCC(=O)O)[C@H]1CCC2C3C(CC[C@@]21C)[C@@]1(C)CC[C@@H](O)C[C@H]1C[C@@H]3O,-5.5225
CC(CCC(=O)O)C1CCC2C3C(O)C(O)C4CC(O)CCC4(C)C3CCC12C,-4.35
Cl.O=C(O)[C@@H]1C[C@@H](C2CCCCC2)CN1,0.631268384
Cc1ccc2oc(/C=C/c3nc4cc(C)ccc4o3)nc2c1,-6.0004819491
CC1CCc2cc(F)cc3c(=O)c(C(=O)O)cn1c23,-3.74
O=C1CCC/C=C\CCCCCCCCCC1,-5.5607322784000015
CC(=NNc1nc(C)cc(C)n1)c1ccccc1C,-3.2
C/C(=N/Nc1nc(C)cc(C)n1)c1ccccc1C,-3.1959
CC1CN(S(=O)(=O)NC(=O)NCC2CC3C=CC2C3)CCO1,-2.26
ClC1C(Cl)C(Cl)C(Cl)C(Cl)C1Cl.ClC1CC(Cl)(Cl)C(Cl)C(Cl)C1Cl.ClC1CCC(Cl)(Cl)C(Cl)C1(Cl)Cl,-4.9408
CCN(CC)c1ccc(/C=C(\C#N)C(=O)OCCC[N+](C)(C)CCOC(=O)/C(C#N)=C/c2ccc(N(CC)CC)cc2)cc1.[Cl-],-0.8036189217
CCCC1C[C@@](C)(OC(C)=O)CCO1.CCCC1C[C@](C)(OC(C)=O)CCO1,-2.2047232328
O=P1(N(CCCl)CCCl)NCCCO1,-0.8147
CCCn1c(=O)c2[nH]c(C3CCC(=O)C3)nc2n(CCC)c1=O,-3.16
Cc1ccc(-n2ccc(=O)c(O)c2C)cc1,-3.22
Cc1c(O)c(=O)ccn1-c1ccccc1,-2.03
Cc1c(Cc2cc(C(C)(C)C)c(O)c(C(C)(C)C)c2)c(C)c(Cc2cc(C(C)(C)C)c(O)c(C(C)(C)C)c2)c(C)c1Cc1cc(C(C)(C)C)c(O)c(C(C)(C)C)c1,-7.9814736459
O=C1C=C(S(=O)(=O)O)c2cc([N+](=O)[O-])ccc2/C1=N\Nc1c(O)ccc2ccccc12.O=C1C=C(S(=O)(=O)[O-])c2cc([N+](=O)[O-])ccc2/C1=N\Nc1c(O)ccc2ccccc12.O=C1C=C(S(=O)(=O)[O-])c2cc([N+](=O)[O-])ccc2/C1=N\Nc1c(O)ccc2ccccc12.[Cr].[Cr].[Na+].[Na+],-5.1661846252
O=C1NC(=O)C2(CCCCCCCCC2)C(=O)N1,-4.59
Clc1c(Cl)c(Br)c2c(c1Cl)C1=Nc3c4c(Cl)c(Br)c(Cl)c(Br)c4c4n3[Cu]n3c(c5c(Cl)c(Br)c(Cl)c(Br)c5c3=NC3=NC(=N4)c4c(Cl)c(Cl)c(Br)c(Cl)c43)=NC2=N1,-9.1442341106
c1ccc2c(c1)C1=NC2=Nc2c3ccccc3c3n2[Cu]n2c(c4ccccc4c2=NC2=NC(=N3)c3ccccc32)=N1,-8.1584243143
C=CC1CN2CCC1CC2C(O)c1ccnc2ccccc12,-3.07
C=CC1CN2CCC1CC2C(O)c1ccnc2ccc(OC)cc12,-2.79
O=C(O)C1CN2CCC1CC2C(O)c1ccnc2ccccc12,-1.94
CC(C)CCOC(=O)C1CN2CCC1CC2C(O)c1ccnc2ccccc12,-1.41
C=CC1CN2CCC1CC2C(O)c1ccnc2ccc(OC)cc12.O=S(=O)(O)O,-1.5924060415
C=C[C@H]1CN2CCC1C[C@H]2[C@H](O)c1ccnc2ccc(OC)cc12,-2.8121429703
C=C[C@H]1CN2CC[C@H]1C[C@@H]2[C@@H](O)c1ccnc2ccc(OC)cc12,-2.8121429703
C#CC1CN2CCC1CC2C(O)c1ccnc2ccc(OC)cc12,-2.12
C=CC1CN2CCC1C[C@H]2[C@H](O)c1ccnc2ccc(OC)cc12,-2.79
COc1ccc2nccc(C(O)C3CC4CCN3CC4C(=O)O)c2c1,-2.03
CCC1CN2CCC1CC2C(O)c1ccnc2ccc(OC)cc12,-3.0514
C=C[C@H]1CN2CC[C@H]1C[C@@H]2[C@@H](O)c1ccnc2ccccc12,-3.0887236136
CCC1CN2CCC1CC2C(O)c1ccnc2ccccc12,-2.63
O=[N+]([O-])c1cc([N+](=O)[O-])c2ccccc2c1Cl,-5.4
Nc1ccc2c(O)cccc2c1S(=O)(=O)O,-2.06
O=C(O)c1cccc2ccccc12,-3.3015
Nc1ccc2cccc(S(=O)(=O)O)c2c1,-2.54
Ic1cccc2ccccc12,-4.55
O=C(O)c1ccc2ccccc2c1,-3.5639
Nc1ccc2cc(S(=O)(=O)O)ccc2c1,-3.2696160575
OCCOc1ccc2ccccc2c1,-2.7142946902
Nc1c(S(=O)(=O)O)ccc2ccccc12,-2.96
CCOc1ccc(C(=O)O)c2ccccc12,-4.1122
O=C(O)c1ccc2cc(O)ccc2c1,-3.2789428853
Oc1cc(O)c2ccccc2c1,-1.9493
Clc1c(Cl)c(Cl)c2ccccc2c1Cl,-7.7954
CNC(=O)Oc1cccc2ccccc12,-3.224
COc1ccc2cc(C(C)C(=O)OCC(N)=O)ccc2c1,-3.93
COc1ccc2cc(C(C)C(=O)OCC(=O)N(C)C)ccc2c1,-4.9
CCN(CC)C(=O)COC(=O)C(C)c1ccc2cc(OC)ccc2c1,-4.46
COc1ccc2cc(C(C)C(=O)OCC(=O)N(C)CCO)ccc2c1,-3.39
COc1ccc2cc(C(C)C(=O)OCCOC(=O)CN)ccc2c1,-1.98
COc1ccc2cc(C(C)C(=O)OC(C)OC(=O)CN)ccc2c1,-2.44
COc1ccc2cc(C(C)C(=O)OCC(=O)N(CCO)CCO)ccc2c1,-2.96
COc1ccc2cc(C(C)C(=O)OCC(=O)N(C)CC(N)=O)ccc2c1,-3.78
CN(C/C=C/C#CC(C)(C)C)Cc1cccc2ccccc12,-4.4645461779
Cc1cccc2ccccc12,-3.7413
Clc1cccc2ccccc12,-3.9706
Cc1ccc2ccccc2c1,-3.762
Clc1ccc2ccccc2c1,-4.143
Nc1cccc2ccccc12,-1.9255
S=C=Nc1cccc2ccccc12,-4.6022
Cc1ccc(C)c2ccccc12,-4.1369
Cc1cc(C)c2ccccc2c1,-4.2907
Cc1ccc2cc(C)ccc2c1,-4.8927
Oc1ccc2ccccc2c1,-2.2809
Cc1ccc2cc(C)c(C)cc2c1,-5.0007
CCc1ccc2ccccc2c1,-4.2901
CCc1cccc2ccccc12,-4.1644
OCc1cccc2ccccc12,-1.7444
CNC(=N)NS(=O)(=O)c1ccc2ccccc2c1,-3.1
O=C(O)CCC(=O)c1cccc2ccccc12,-3.4833
COc1ccc2cc(C(C)C(=O)OCCOC(=O)C(N)CC(C)C)ccc2c1,-3.82
CCC(C)C(N)C(=O)OCCOC(=O)C(C)c1ccc2cc(OC)ccc2c1,-3.82
Fc1cccc2ccccc12,-3.4527
CCC(C)C(N)C(=O)OCCCCOC(=O)C(C)c1ccc2cc(OC)ccc2c1,-4.52
CCCCC(CC)COCCCNC(=O)Nc1cccc2c(NC(=O)NCCCOCC(CC)CCCC)cccc12,-8.0680715196
Cc1ccc(C)c2c(C)cccc12,-4.92
O=Nc1ccc2ccccc2c1O,-2.5395
Oc1cccc2c(O)cccc12,-2.92
CCN(CC)CCC(C)(O)c1ccc(OC)c2ccccc12,-1.68
Clc1cc2ccccc2cc1Cl,-5.36
Clc1ccc2cccc(Cl)c2c1,-5.92
Clc1cccc2c(Cl)cccc12,-5.7
S=C=Nc1ccc2ccccc2c1,-4.44
CC(=O)c1ccc2ccccc2c1,-2.7964187192
NC(N)=NC(N)=Nc1ccc2ccccc2c1,-2.5497
O=C(O)COc1ccc2ccccc2c1,-3.36
CN(C)CC(O)c1ccc(Cl)c2ccccc12,-1.22
O=[N+]([O-])c1cc([N+](=O)[O-])c2ccc(S(=O)(=O)O)cc2c1O,-2.54
Clc1cc(Cl)c2c(Cl)c(Cl)c(Cl)c(Cl)c2c1Cl,-8.775
CCCCCCCOC(=O)C(C)c1ccc2cc(OC)ccc2c1,-7.12
COc1ccc2cc(C(C)C(=O)OCC(C)=O)ccc2c1,-4.65
CCC#CCCOC(=O)C(C)c1ccc2cc(OC)ccc2c1,-7.33
O=C([O-])CNS(=O)(=O)c1ccc2ccccc2c1,-2.8497
COc1ccc2cc(C(C)C(=O)O)ccc2c1,-3.29
O=C(O)CNC(=O)CNS(=O)(=O)c1ccc2ccccc2c1,-2.6954
COC(=O)C(C)c1ccc2cc(OC)ccc2c1,-4.78
Oc1cccc2ccccc12,-2.0619739225
O=C(O)c1cc2ccccc2cc1O,-3.4172455835
COc1ccc2cc([C@H](C)C(=O)O)ccc2c1,-4.5
O=S(=O)(O)c1ccc2ccccc2c1,0.230443278
CN(C/C=C/C#CC(C)(C)C)Cc1cccc2ccccc12.[Cl-].[H+],-1.7198600749
COC(=O)c1ccc2cc(C(=O)OC)ccc2c1,-6.211736201
[NH3+][C@H](CC(=O)[O-])c1cccc2ccccc12,-1.5902
CC(=O)c1cccc2ccccc12,-2.8846346488
CC(C)c1ccc2ccccc2c1C(C)C,-6.2301136188
Nc1ccc2ccccc2c1S(=O)(=O)O,-1.7
O=Cc1c(O)ccc2ccccc12,-3.8935675896
Nc1ccc(S(=O)(=O)O)c2cc(S(=O)(=O)O)ccc12,-0.2592
Nc1ccc(S(=O)(=O)O)c2ccc(S(=O)(=O)O)cc12,-1.643
Nc1cccc2cccc(N)c12,-2.3071228572
O=C(O)CCC(=O)c1ccc2ccccc2c1,-3.8533
O=S(=O)(O)c1ccc2c(S(=O)(=O)O)cccc2c1,0.5402
CC(C)NCC(O)COc1cccc2ccccc12,-3.6202
Brc1cccc2ccccc12,-4.3468
Nc1ccc2ccccc2c1,-2.8795
N=C(N)NN=Cc1c(O)ccc2ccccc12,-2.46
CC(C)(O)CC(C)(O)c1cccc2ccccc12,-3.2419
Oc1cc2ccccc2cc1O,-2.7377
CC(C)c1cccc2ccccc12,-4.7823935551
Nc1cc(S(=O)(=O)O)cc2cc(S(=O)(=O)[O-])cc(O)c12.[Na+],-1.476228892
CNCc1cccc2ccccc12,-1.7150988877000002
Clc1ccc(Cl)c2ccccc12,-5.3576
c1ccc2ccccc2c1,-4.3112256046
Nc1ccc2cc(S(=O)(=O)O)cc(O)c2c1,-2.8833112394
O=C(O)c1c(Cl)ccc2ccccc12,-2.3152
Nc1cccc2c(N)cccc12,-2.7678536958
O=P(O)(O)c1cccc2ccccc12,-1.6194
CC(=O)Oc1ccc2ccccc2c1,-3.44
O=[N+]([O-])c1c(O)ccc2ccccc12,-2.9758
COc1ccc2cc(C(C)C(=O)OC(C)C)ccc2c1,-5.48
Oc1ccc2cc(O)ccc2c1,-2.205
Clc1ccc2ccccc2c1Cl,-6.1611
Clc1cccc2cccc(Cl)c12,-5.7963
O=C(CS)Nc1ccc2ccccc2c1,-3.34
O=[N+]([O-])c1cccc2ccccc12,-3.71
COc1ccc([N+](=O)[O-])c2ccccc12,-4.36
CCOC(=O)C(C)c1ccc2cc(OC)ccc2c1,-5.24
CCCOC(=O)C(C)c1ccc2cc(OC)ccc2c1,-5.82
CCCCOC(=O)C(C)c1ccc2cc(OC)ccc2c1,-7.53
COc1ccc2cc(C(C)C(=O)OCCO)ccc2c1,-3.33
COc1ccc2cc(C(C)C(=O)OC(C)(C)C)ccc2c1,-6.5
CC(C)COc1ccc2ccccc2c1,-5.2117
Clc1ccc2ccc(Cl)cc2c1,-5.9217
CCCCCOC(=O)C(C)c1ccc2cc(OC)ccc2c1,-6.97
COc1ccc2cc(C(C)C(=O)OCC(C)O)ccc2c1,-3.31
COc1ccc2cc(C(C)C(=O)OCCCO)ccc2c1,-3.4
Nc1ccc2c(O)cc(S(=O)(=O)O)cc2c1,-2.6798855726
O=C(O)c1cccc2cccc([N+](=O)[O-])c12,-2.7501
N=C(N)NC(=N)Nc1cccc2ccccc12,-2.3151
COc1cccc2ccccc12,-4.1992
Clc1cc2c(Cl)cccc2c(Cl)c1Cl,-7.8566
Clc1cc(Cl)c2cc(Cl)cc(Cl)c2c1,-7.8228
CCCCCCOC(=O)C(C)c1ccc2cc(OC)ccc2c1,-7.54
NC(=S)Nc1cccc2ccccc12,-2.5278
Cc1ccc2ccccc2c1[N+](=O)[O-],-4.27
Clc1c(Cl)c(Cl)c2c(Cl)c(Cl)c(Cl)c(Cl)c2c1Cl,-9.703
COc1ccc2cc(C(C)C(=O)OCC(O)CO)ccc2c1,-2.62
CCC=CCCOC(=O)C(C)c1ccc2cc(OC)ccc2c1,-7.36
Brc1ccc2ccccc2c1,-4.4001
O=C(O)c1c(O)ccc2ccccc12,-3.1284
O=[N+]([O-])c1ccc2ccccc2c1,-3.82
Clc1cc(Cl)c2cc(Cl)ccc2c1,-6.5557
Clc1ccc2cc(Cl)c(Cl)cc2c1,-7.1419
Clc1cc2c(Cl)ccc(Cl)c2cc1Cl,-7.5163
Nc1cccc2ccc(S(=O)(=O)O)cc12,-1.6822793230000002
Clc1cc(Cl)c2c(Cl)ccc(Cl)c2c1,-7.51
COc1ccc2cc(CCC(C)=O)ccc2c1,-1.46
S=C=Nc1ccc2ccccc2c1Br,-4.32
Nc1ccc2ccc(S(=O)(=O)O)cc2c1,-3.05
CCN(CC)C(=O)C(C)Oc1cccc2ccccc12,-3.5702
Nc1cccc2cc(S(=O)(=O)O)ccc12,-2.24
Nc1cc(S(=O)(=O)O)cc2ccccc12,-2.34
CC(C)c1ccc2ccccc2c1,-5.297999999999999
Nc1ccc2c(S(=O)(=O)O)cccc2c1,-2.75
Nc1cccc2c(S(=O)(=O)O)cccc12,-2.35
Nc1ccc(S(=O)(=O)O)c2ccccc12,-2.91
Nc1cccc2cccc(S(=O)(=O)O)c12,-3.07
O=Nc1c(O)ccc2ccccc12,-2.9374
Nc1c(S(=O)(=O)O)cc(S(=O)(=O)O)c2ccc(S(=O)(=O)O)cc12,-0.3188
CCNc1cccc2ccccc12,-3.1922
O=C(O)Cc1cccc2ccccc12,-2.6468
Cc1cccc2c(C)cccc12,-4.74
Cc1cc2ccccc2cc1C,-4.72
COC(=O)C1CC(=O)C(C(=O)OC)CC1=O,-4.1541956574
O=C(O)c1ccccc1C(=O)Nc1cccc2ccccc12,-3.1633
O=C(c1ccccc1)N(O)c1cccc2ccccc12,-3.3065
CC1(C)COP(=S)(OP2(=S)OCC(C)(C)CO2)OC1,-5.393383394500001
Cc1snnc1C(=O)O,-0.4598
CC(C)(C)C(O)C(Oc1ccc(-c2ccccc2)cc1)n1cncn1,-4.8292
CC(=O)OCC(=O)C1(O)CCC2C3CCC4=CC(=O)C=CC4(C)C3C(=O)CC21C,-4.24
CC12C=CC(=O)C=C1CCC1C2C(=O)CC2(C)C1CCC2(O)C(=O)CO,-3.48
CCN(C(=O)N(CC)c1ccccc1)c1ccccc1,-3.5256277962
O=C(Nc1ccccc1)Nc1ccccc1,-3.1508
N=C(N)c1cccc(NC(=O)Nc2cccc(C(=N)N)c2)c1,-1.77
CCOc1ccc(NC(=O)Nc2ccc(OCC)cc2)cc1,-4.44
CC(=O)Oc1ccc(NC(=O)Nc2ccccc2)cc1,-4.44
CN(C(=O)N(C)c1ccccc1)c1ccccc1,-3.4975575811
O=C(Nc1ccc(Cl)cc1)Nc1ccc(Cl)c(Cl)c1,-6.4577264198
CC1OC(n2ccc(NC(=O)c3ccc(NC(=O)C(C)(N)CO)cc3)nc2=O)CCC1OC1OC(C)C(N(C)C)C(O)C1O,-2.4904
Cc1cc(C2(c3ccc(O)c(C)c3)CCCCC2)ccc1O,-5.3715223063
O=C1NC(=O)C2(CCCCCCCCCCC2)C(=O)N1,-5.8
CC1C/C=C/C=C/C=C/C=C/C(OC2OC(C)C(O)C([NH3+])C2O)CC2OC(O)(CC(O)CC3OC3/C=C/C(=O)O1)CC(O)C2C(=O)[O-],-2.21
CC1CC=CC=CC=CC=CC(OC2OC(C)C(O)C(N)C2O)CC2OC(O)(CC(O)CC3OC3C=CC(=O)O1)CC(O)C2C(=O)O,-3.21
CC12CCC3C(CCC4CC5SC5CC43C)C1CCC2O,-5.407
O=C(Oc1ccccc1)n1cc(F)c(=O)[nH]c1=O,-2.44
S=c1ncc2[nH]cnc2[nH]1,-2.5803
CC1(C)CC(=O)CC(=O)C1,-1.5276
O=C(NC1CC1)c1cc(N2CC2)c([N+](=O)[O-])cc1[N+](=O)[O-],-3.39
S=c1[nH]sc(=S)[nH]1,-1.7618
c1ccc2c(c1)Nc1ccc3ccccc3c1S2,-6.5727
Clc1cc(Cl)c2nsnc2c1Cl,-4.98
O=c1occo1,0.7770765429000001
O=C(OCC(=O)N1CCCCCC1)c1ccccc1,-2.5421
O=C(Cc1ccccc1)OCCc1ccccc1,-4.1887477927
CC(=O)Nc1ccc(N/N=C2\C=C(C)C=CC2=O)cc1,-5.358
CC1=C/C(=N\Nc2ccccc2[N+](=O)[O-])C(=O)C=C1,-5.7475958635
Cc1cc(C)cc(O)c1.Cc1ccc(C)c(O)c1.Cc1ccc(O)c(C)c1.Cc1ccc(O)cc1C.Cc1cccc(C)c1O.Cc1cccc(O)c1C,-1.9803097957
C=C1C2CCC3C2C(C)(C)CCCC13C,-4.412762427200001
NC(=O)Nc1cc(Nc2nc(N)nc(Cl)n2)ccc1N=Nc1cc2c(S(=O)(=O)[O-])cc(S(=O)(=O)[O-])cc2cc1S(=O)(=O)[O-].[Na+].[Na+].[Na+],-1.0000005869
C=CS(=O)(=O)CCOCCNc1nc(F)nc(Nc2ccc(N=Nc3cc4c(S(=O)(=O)[O-])cc(S(=O)(=O)[O-])cc4cc3S(=O)(=O)[O-])c(NC(N)=O)c2)n1.[Na+].[Na+].[Na+],-0.4145597239
COC(=O)/C(=C/c1ccccc1)S(=O)(=O)c1ccc([N+](=O)[O-])cc1,-4.57
O=C1CCCCCCCCCCCCCCCCCN1,-2.8474
c1ccc(-c2cnc(-c3ccc(CN4CCOCC4)cc3)o2)cc1,-4.35
Clc1ccc(Oc2ccc(Cl)c(Cl)c2)c(Cl)c1,-7.0
Clc1ccc(Oc2cc(Cl)c(Cl)cc2Cl)cc1,-7.04
Clc1cc(Cl)cc(Oc2ccc(Cl)cc2Cl)c1,-7.14
Clc1ccc(Cl)c(Oc2ccc(Cl)c(Cl)c2)c1,-7.07
Clc1ccc(Oc2ccc(Cl)c(Cl)c2Cl)cc1,-7.01
Clc1ccc(Oc2cc(Cl)cc(Cl)c2Cl)cc1,-7.14
Clc1ccc(Oc2cccc(Cl)c2Cl)cc1Cl,-6.9
Clc1cccc(Oc2ccc(Cl)c(Cl)c2)c1,-5.437
Clc1cccc(Oc2cc(Cl)c(Cl)cc2Cl)c1,-7.27
Clc1ccc(Oc2c(Cl)cc(Cl)cc2Cl)cc1,-6.83
Clc1cccc(Oc2ccc(Cl)c(Cl)c2Cl)c1,-7.09
Clc1ccc(Oc2cc(Cl)ccc2Cl)c(Cl)c1,-6.77
Clc1ccc(Oc2c(Cl)cccc2Cl)cc1Cl,-6.56
Clc1ccc(Oc2cccc(Cl)c2Cl)c(Cl)c1,-6.65
Clc1cc(Oc2ccccc2)cc(Cl)c1Cl,-6.77
Clc1ccc(Oc2c(Cl)ccc(Cl)c2Cl)cc1,-6.64
Clc1cc(Cl)c(Oc2ccccc2)cc1Cl,-6.58
Clc1cc(Cl)c(Oc2ccccc2Cl)cc1Cl,-7.0
Clc1ccccc1Oc1ccc(Cl)c(Cl)c1Cl,-6.74
Clc1cc(Oc2ccccc2)c(Cl)c(Cl)c1Cl,-7.52
Clc1cc(Cl)c(Oc2ccccc2)c(Cl)c1Cl,-7.06
Clc1cc(Cl)c(Cl)c(Oc2ccccc2)c1Cl,-7.02
c1ccc(Oc2ccccc2)cc1,-3.96
Cc1cccc(Oc2cccc(C)c2)c1,-4.85
Clc1ccc(Oc2ccccc2Cl)c(Cl)c1,-4.9499
Clc1ccc(Oc2ccc(Cl)cc2Cl)c(Cl)c1,-6.82
Clc1ccc(Oc2cc(Cl)c(Cl)c(Cl)c2)cc1Cl,-8.25
Clc1ccc(Oc2cc(Cl)c(Cl)cc2Cl)cc1Cl,-7.83
Clc1ccc(Oc2cc(Cl)c(Cl)c(Cl)c2)c(Cl)c1,-7.89
O=C(C(Cl)Cl)N(CCO)Cc1ccc(Oc2ccc([N+](=O)[O-])cc2)cc1,-5.1241
Clc1cc(Cl)cc(Oc2cc(Cl)c(Cl)cc2Cl)c1,-8.06
Clc1cc(Cl)c(Cl)c(Oc2ccc(Cl)c(Cl)c2)c1,-7.83
Clc1ccc(Oc2cc(Cl)c(Cl)cc2Cl)c(Cl)c1,-7.61
Clc1cc(Cl)cc(Oc2ccc(Cl)c(Cl)c2Cl)c1,-7.86
Clc1ccc(Oc2cc(Cl)c(Cl)c(Cl)c2Cl)cc1,-8.06
Clc1cc(Cl)c(Oc2ccc(Cl)c(Cl)c2)c(Cl)c1,-7.62
Clc1ccc(Oc2ccc(Cl)c(Cl)c2Cl)c(Cl)c1,-7.44
Clc1ccc(Oc2ccc(Cl)c(Cl)c2Cl)cc1Cl,-7.67
Clc1ccc(Cl)c(Oc2cc(Cl)c(Cl)cc2Cl)c1,-7.56
Brc1c(Br)c(Br)c(Oc2c(Br)c(Br)c(Br)c(Br)c2Br)c(Br)c1Br,-9.9818960396
Clc1ccc(Oc2cc(Cl)cc(Cl)c2Cl)c(Cl)c1,-7.64
Clc1ccc(Oc2c(Cl)ccc(Cl)c2Cl)cc1Cl,-7.35
Clc1ccc(Oc2c(Cl)cc(Cl)c(Cl)c2Cl)cc1,-7.77
CCOC(=O)NCCOc1ccc(Oc2ccccc2)cc1,-4.7009
Clc1ccc(Oc2c(Cl)cc(Cl)cc2Cl)c(Cl)c1,-7.33
Clc1cc(Cl)c(Oc2cccc(Cl)c2Cl)cc1Cl,-7.48
Clc1ccc(Cl)c(Oc2ccc(Cl)c(Cl)c2Cl)c1,-7.7
Clc1cccc(Oc2ccc(Cl)c(Cl)c2Cl)c1Cl,-7.38
Clc1ccc(Oc2c(Cl)c(Cl)cc(Cl)c2Cl)cc1,-7.76
Clc1ccc(Oc2c(Cl)ccc(Cl)c2Cl)c(Cl)c1,-7.24
Clc1cc(Cl)c(Oc2c(Cl)cccc2Cl)cc1Cl,-7.12
Clc1ccc(Oc2c(Cl)cccc2Cl)c(Cl)c1Cl,-7.23
Clc1cc(Cl)c(Oc2cc(Cl)c(Cl)c(Cl)c2)cc1Cl,-8.72
Clc1ccc(Oc2cc(Cl)c(Cl)c(Cl)c2Cl)cc1Cl,-8.78
Nc1c([N+](=O)[O-])ccc(Oc2ccccc2)c1Cl,-5.0248
Clc1cc(Cl)c(Oc2cc(Cl)c(Cl)cc2Cl)cc1Cl,-8.36
Clc1cc(Cl)c(Oc2ccc(Cl)c(Cl)c2Cl)cc1Cl,-8.31
Clc1c(Cl)c(Cl)c(Oc2ccccc2)c(Cl)c1Cl,-7.94
Clc1ccc(Oc2ccc(Cl)c(Cl)c2Cl)c(Cl)c1Cl,-8.14
CC(Oc1ccc(Oc2ccc(Cl)cc2Cl)cc1)C(=O)O,-5.04
Clc1ccc(Oc2cc(Cl)c(Cl)c(Cl)c2Cl)c(Cl)c1,-8.44
Clc1cc(Cl)c(Oc2cc(Cl)c(Cl)cc2Cl)c(Cl)c1,-8.04
Clc1cc(Cl)c(Oc2ccc(Cl)c(Cl)c2Cl)c(Cl)c1,-8.1
Clc1ccc(Oc2c(Cl)c(Cl)c(Cl)c(Cl)c2Cl)cc1,-8.94
Clc1cc(Oc2ccc(Cl)c(Cl)c2Cl)cc(Cl)c1Cl,-8.49
Oc1cc(Cl)ccc1Oc1ccc(Cl)cc1Cl,-4.4617160697000005
Clc1cc(Cl)c(Oc2cc(Cl)c(Cl)c(Cl)c2Cl)cc1Cl,-9.5
Clc1ccc(Oc2c(Cl)c(Cl)c(Cl)c(Cl)c2Cl)cc1Cl,-9.46
Clc1cc(Cl)c(Oc2c(Cl)c(Cl)cc(Cl)c2Cl)cc1Cl,-9.05
Clc1ccc(Oc2c(Cl)c(Cl)cc(Cl)c2Cl)c(Cl)c1Cl,-9.09
Clc1cc(Oc2c(Cl)ccc(Cl)c2Cl)c(Cl)c(Cl)c1Cl,-8.89
Clc1cc(Cl)c(Cl)c(Oc2cc(Cl)c(Cl)cc2Cl)c1,-8.41
Clc1cc(Cl)c(Cl)c(Oc2ccc(Cl)c(Cl)c2Cl)c1,-8.55
Clc1cc(Cl)c(Oc2c(Cl)c(Cl)c(Cl)c(Cl)c2Cl)cc1Cl,-10.1
Clc1ccc(Oc2c(Cl)c(Cl)c(Cl)c(Cl)c2Cl)c(Cl)c1Cl,-10.6
Clc1cc(Oc2c(Cl)c(Cl)cc(Cl)c2Cl)c(Cl)c(Cl)c1Cl,-10.1
Clc1ccc(Oc2c(Cl)c(Cl)cc(Cl)c2Cl)cc1Cl,-8.3
Clc1ccc(Cl)c(Oc2ccccc2)c1,-4.9703
Clc1ccc(Oc2cc(Cl)cc(Cl)c2)cc1,-5.5201
Clc1ccc(Oc2c(Cl)cc(Cl)c(Cl)c2Cl)c(Cl)c1,-8.47
Clc1cc(Cl)c(Oc2c(Cl)ccc(Cl)c2Cl)cc1Cl,-7.88
Clc1ccc(Oc2c(Cl)c(Cl)cc(Cl)c2Cl)c(Cl)c1,-8.42
Clc1ccc(Oc2c(Cl)ccc(Cl)c2Cl)c(Cl)c1Cl,-7.96
CCOC(=O)COC(=O)c1cc(Oc2ccc(C(F)(F)F)cc2Cl)ccc1[N+](=O)[O-],-5.8729
CC(C)c1cc(Oc2ccccc2)cc(C(C)C)c1NC(=S)NC(C)(C)C,-6.8068
OCc1cccc(Oc2ccccc2)c1,-2.8258731416
Clc1c(Cl)c(Cl)c(Oc2c(Cl)c(Cl)c(Cl)c(Cl)c2Cl)c(Cl)c1Cl,-12.95
Clc1cc(Oc2cc(Cl)c(Cl)c(Cl)c2Cl)cc(Cl)c1Cl,-9.54
Clc1ccc(Oc2cc(Cl)c(Cl)c(Cl)c2Cl)c(Cl)c1Cl,-9.12
NC(Cc1cc(I)c(Oc2ccc(O)c(I)c2)c(I)c1)C(=O)O,-5.22
Clc1ccc(Oc2c(Cl)c(Cl)c(Cl)c(Cl)c2Cl)c(Cl)c1,-9.64
Clc1cccc(Cl)c1Oc1ccccc1,-5.0605
Clc1cc(Oc2cc(Cl)c(Cl)c(Cl)c2Cl)c(Cl)c(Cl)c1Cl,-10.1
Clc1cc(Oc2c(Cl)c(Cl)c(Cl)c(Cl)c2Cl)c(Cl)c(Cl)c1Cl,-10.55
CCCCNc1cc(C(=O)O)cc(S(N)(=O)=O)c1Oc1ccccc1,-3.56
Cc1cccc(Oc2ccc([N+](=O)[O-])cc2)c1,-4.6613
CC(C(=O)O)c1cccc(Oc2ccccc2)c1,-3.7
Brc1cc(Br)c(Oc2cc(Br)cc(Br)c2Br)c(Br)c1,-8.1979
Clc1cccc(Oc2ccccc2)c1,-4.2107
COC/C(=N/OCC(=O)OC)c1cc(Oc2ccc(C(F)(F)F)cc2Cl)ccc1[N+](=O)[O-],-5.6783
O=C(O)Cc1ccccc1Oc1ccc(Cl)cc1Cl,-4.86
Clc1ccc(Oc2ccccc2Cl)cc1,-5.52
Cc1ccccc1Oc1ccccc1C,-4.8439277143
NNS(=O)(=O)c1ccc(Oc2ccc(S(=O)(=O)NN)cc2)cc1,-3.7584891954
Clc1ccc(Oc2ccccc2)cc1,-4.7925
Nc1cc(Cl)ccc1Oc1ccc(Cl)cc1Cl,-5.0452642864
O=[N+]([O-])c1ccc(Oc2ccc(Cl)cc2Cl)cc1,-5.4535
O=[N+]([O-])c1ccc(Oc2c(Cl)cc(Cl)cc2Cl)cc1,-5.6201
COC(=O)c1cc(Oc2ccc(Cl)cc2Cl)ccc1[N+](=O)[O-],-5.9343
CCOc1cc(Oc2ccc(C(F)(F)F)cc2Cl)ccc1[N+](=O)[O-],-6.4939
COC(=O)C(C)Oc1ccc(Oc2ccc(Cl)cc2Cl)cc1,-3.834
O=C(O)c1cc(Oc2ccc(C(F)(F)F)cc2Cl)ccc1[N+](=O)[O-],-3.4791
CCCCOC(=O)C(C)Oc1ccc(Oc2ccc(C#N)cc2F)cc1,-5.7079999999999975
Clc1ccc(Oc2cccc(Cl)c2)cc1,-5.3873553168
CN(C)C(=O)Nc1ccc(Oc2ccc(Cl)cc2)cc1,-4.8953
Cc1ccc(Oc2ccc(C)cc2)cc1,-4.85
Cc1cc(Oc2cc(C)cc(S(=O)(=O)[O-])c2)cc(S(=O)(=O)[O-])c1.[Na+].[Na+],-0.2207961954
Clc1ccc(Oc2ccccc2)c(Cl)c1,-4.6304
CNC(=O)/C(=N\OC)c1ccccc1Oc1ccccc1,-3.3466
Clc1ccc(Oc2ccccc2)cc1Cl,-4.7206
CCOC(=O)C(C)OC(=O)c1cc(Oc2ccc(C(F)(F)F)cc2Cl)ccc1[N+](=O)[O-],-6.6230386723
COc1ccc(Oc2ccc(NC(=O)N(C)C)cc2)cc1,-4.1558
Oc1ccccc1Oc1ccccc1,-3.2286
COc1cc(Oc2ccc(Cl)cc2Cl)ccc1[N+](=O)[O-],-5.91
Clc1ccc(Oc2ccc(Cl)cc2)cc1,-4.7999
Clc1ccc(Oc2c(Cl)cccc2Cl)cc1,-5.91
Clc1ccc(Oc2ccc(Cl)cc2Cl)cc1,-6.2196
O=[N+]([O-])c1ccc(Oc2ccc(C(F)(F)F)cc2[N+](=O)[O-])cc1,-5.2151
Clc1cc(Cl)c(Oc2ccccc2)c(Cl)c1,-6.11
Clc1ccc(Cl)c(Oc2ccccc2)c1Cl,-5.95
Oc1cc(Cl)ccc1Oc1ccc(Cl)cc1,-4.2393931239
Clc1ccc(Oc2ccccc2Cl)cc1Cl,-5.199
Clc1ccccc1Oc1ccccc1,-4.7796
Clc1ccc(Oc2ccc(Cl)c(Cl)c2)cc1,-5.6603
CS(=O)(=O)Nc1ccc([N+](=O)[O-])cc1Oc1ccccc1,-4.49
Clc1ccc(Oc2ccc(Cl)c(Cl)c2)cc1Cl,-6.98
CCCCCCCCCCCCCCCCc1c(Oc2ccccc2S(=O)(=O)[O-])cccc1S(=O)(=O)[O-].[Na+].[Na+],0.2227653537
Clc1ccc(Oc2cc(Cl)c(Cl)c(Cl)c2)cc1,-7.35
Clc1cc(Cl)cc(Oc2ccc(Cl)c(Cl)c2)c1,-7.32
Cc1cc(Oc2ccccn2)nn1C,-0.98
CN1CC[C@]23c4c5ccc(OCc6ccccc6)c4O[C@H]2[C@@H](O)C=C[C@H]3[C@H]1C5,-2.9730000000000003
CN1CCC23c4c5ccc(OCc6ccccc6)c4OC2C(O)C=CC3C1C5,-2.22
O=C(Cc1ccccc1)NC(CSSCC(NC(=O)Cc1ccccc1)C(=O)O)C(=O)O,-1.833
CC(=O)C(N=Nc1ccc(N=Nc2c(S(=O)(=O)[O-])cc3c(c2N)C(=O)/C(=N/Nc2ccc(S(=O)(=O)[O-])c4ccccc24)C(S(=O)(=O)[O-])=C3)cc1)C(=O)Nc1ccccc1.[Na+].[Na+].[Na+],-2.2180283184
O=C(O)c1ccccc1C1OC(=O)c2ccccc21,-3.1042
O=C1NC(=O)C2(CCC2)C(=O)N1,-1.66
Cc1cc(C(C)(C)C)c(O)c(C)c1Cn1c(=O)n(Cc2c(C)cc(C(C)(C)C)c(O)c2C)c(=O)n(Cc2c(C)cc(C(C)(C)C)c(O)c2C)c1=O,-7.5440264742
CC(C)(C)c1cc(Cn2c(=O)n(Cc3cc(C(C)(C)C)c(O)c(C(C)(C)C)c3)c(=O)n(Cc3cc(C(C)(C)C)c(O)c(C(C)(C)C)c3)c2=O)cc(C(C)(C)C)c1O,-7.2923086931
O=C(Nc1ccc2c(c1)C=C(S(=O)(=O)[O-])/C(=N/Nc1ccc(N=Nc3ccc(S(=O)(=O)[O-])cc3)cc1S(=O)(=O)[O-])C2=O)Nc1ccc2c(c1)C=C(S(=O)(=O)[O-])/C(=N/Nc1ccc(N=Nc3ccc(S(=O)(=O)[O-])cc3)cc1S(=O)(=O)[O-])C2=O.[Na+].[Na+].[Na+].[Na+].[Na+].[Na+],-0.5694985454
CCn1cc(C(=O)O)c(=O)c2cc(F)c(N3CCNCC3)cc21,-2.76
CCCn1cc(C(=O)O)c(=O)c2cc(F)c(N3CCNCC3)cc21,-3.57
CN1CCN(c2c(F)cc3c(=O)c(C(=O)O)cn(CCF)c3c2F)CC1,-2.73
CNn1cc(C(=O)O)c(=O)c2cc(F)c(N3CCN(C)CC3)cc21,-3.73
CC(C)(C)n1cc(C(=O)O)c(=O)c2cc(F)c(N3CCNCC3)cc21,-3.43
CCn1cc(C(=O)O)c(=O)c2cc(F)c(N3CCN(C)CC3)cc21,-1.47
CC(C)(CF)n1cc(C(=O)O)c(=O)c2cc(F)c(N3CCNCC3)cc21,-2.6
CCn1cc(C(=O)O)c(=O)c2cc(F)c(N3CCNC(C)C3)c(F)c21,-2.33
CCN(CC)c1ccc2cc(-c3nc4cc(Cl)ccc4o3)c(=O)oc2c1,-7.4876332175
CCN(CC)c1ccc2cc(-c3nc4cc(S(N)(=O)=O)ccc4o3)c(=O)oc2c1,-7.8310984133
O=C(c1ccc(F)cc1)C1CCN(CCn2c(=O)[nH]c3ccccc3c2=O)CC1,-4.5971
CC1=NN(c2ccc(S(=O)(=O)CCOS(=O)(=O)[O-])cc2)C(O)C1N=Nc1ccc2c(S(=O)(=O)[O-])cccc2c1S(=O)(=O)O.[K+].[Na+],-0.3928398265
CCOC(=O)C1(c2ccccc2)CCN(C)CC1.[Cl-].[H+],-1.6368
OC1(c2ccc(Cl)cc2)CCNCC1.[Cl-].[H+],-1.7207775313
CCOC(=O)C1(c2ccccc2)CCN(C)CC1,-1.8861
CC(C)C(NS(=O)(=O)c1ccc(F)cc1)C(=O)NC1CCOC1O,-2.38
Nc1nc(=O)n(-c2ccccc2)[nH]1,-2.47
CCC1(CC=C2CCCc3cc(OC)ccc32)C(=O)CCC1O,-4.1227687236
CC(=O)OC(C)(C)C1CCC(C)C2=C(C1)C(C)CC2,-5.022602512200001
CC1(C)OCC(COC(=O)c2ccccc2C(=O)O)O1,-1.23
C=CC1CC2C=CC1C2,-3.0798864018
COC(=O)[C@H]1C2C=CC(C2)[C@H]1C(=O)OC,-1.202
C1=CC2CCC1C2,-2.8477212054
CCCCOC(=O)C1C(C(=O)OCCCC)C2(Cl)C(Cl)=C(Cl)C1(Cl)C2(Cl)Cl,-7.5095589026
O=C(O)C1C(C(=O)O)C2(Cl)C(Cl)=C(Cl)C1(Cl)C2(Cl)Cl,-2.0457
COC(=O)C1C2C=CC(C2)C1C(=O)OC,-1.2
OCC1C(CO)C2(Cl)C(Cl)=C(Cl)C1(Cl)C2(Cl)Cl,-3.0802
Cc1cc(C(O)(c2ccc(N)cc2)c2ccc(N)cc2)ccc1N,-3.0272
OC(c1ccccc1)(c1ccccc1)c1ccccc1,-2.2596
CC(c1ccc(O)cc1)(c1ccc(O)cc1)c1ccc(O)cc1,-4.086559757
CN(C)c1ccc(C(c2ccc(N(C)C)cc2)c2ccc(N(C)C)cc2)cc1,-5.458398412699999
O=C(O)c1ccccc1C(c1ccc(O)cc1)c1ccc(O)cc1,-3.2626
O=C=Nc1ccc(C(c2ccc(N=C=O)cc2)c2ccc(N=C=O)cc2)cc1,-6.5650965952
C=C1C[C@]23C[C@@]1(O)CC[C@H]2[C@@]12C=C[C@H](O)C(C)(C(=O)O1)[C@H]2[C@@H]3C(=O)O,-1.8406
C=C1CC23CC1(O)CCC2C12C=CC(O)C(C)(C(=O)O1)C2C3C(=O)O,-1.84
CCN(CC)c1ccc2cc(-c3n(C)c4ccccc4[n+]3C)c(=O)oc2c1.[Cl-],-1.4505613752000002
CCOC(=O)c1nc(C(Cl)(Cl)Cl)n(-c2ccc(Cl)cc2Cl)n1,-5.6516
CCOP(=S)(OCC)Oc1ncn(-c2ccccc2)n1,-3.9049
COP1(=S)OCc2ccccc2O1,-3.5714
C(/C=C/c1ccccc1)=NCCCCCCN=C/C=C/c1ccccc1,-3.8937390711
Nc1nnc(-c2ccc(O)cc2)o1,-0.77
Cc1cc(C)nc(NC(=O)NS(=O)(=O)c2ccccc2C(=O)OC2COC2)n1,-3.893
CCC(C)(C)C(=O)OC1CC(C)C=C2C=CC(C)C(CCC3CC(O)CC(=O)O3)C21,-5.48
CCC(C)C(=O)OC1CCC=C2C=CC(C)C(CCC3CC(O)CC(=O)O3)C21,-5.42
CCC(C)(C)C(=O)O[C@H]1C[C@@H](C)C=C2C=C[C@H](C)[C@H](CC[C@@H]3C[C@@H](O)CC(=O)O3)[C@H]21,-7.1447
CCC(C)C(=O)OC1CC(O)C=C2C=CC(C)C(CCC3CC(O)CC(=O)O3)C21,-3.35
CCC(C)C(=O)OC1CC(C)C=C2C=CC(C)C(CCC3CC(O)CC(=O)O3)C21,-6.01
O=N/C=C1\C=CC=CN1,-1.0004518583
CN1C=CC=C/C1=C\[NH+]=O.[I-],-0.7405
NS(=O)(=O)c1cc2c(s1)SCCC2=O,-3.55
Oc1cccc2ccnnc12,-2.4089
Cc1cnnc2c(O)cccc12,-2.6783
Nc1ccc(S(=O)(=O)Nc2nc(-c3ccc(-c4ccccc4)cc3)cs2)cc1,-5.61
NC(=O)OCC1CSC2(CCCCC2)S1,-3.52
Nc1nc(Cl)nc(Nc2cc(S(=O)(=O)[O-])cc3cc(S(=O)(=O)[O-])c(N=Nc4cc(S(=O)(=O)[O-])c5cccc(S(=O)(=O)[O-])c5c4[O-])c([O-])c23)n1.[Cu+2].[Na+].[Na+].[Na+].[Na+],-0.5907814418999999
CC(C)(C)c1ccc(OP(Oc2ccc(C(C)(C)C)cc2C(C)(C)C)Oc2ccc(C(C)(C)C)cc2C(C)(C)C)c(C(C)(C)C)c1,-8.1118919859
Cc1ccccc1OP(Oc1ccccc1C)Oc1ccccc1C,-7.779843060399999
CCOC(=O)c1ccccc1-c1c2ccc(N(CC)CC)cc2[o+]c2cc(N(CC)CC)ccc12.[Cl-],-1.2801897062
CCNc1cc2[o+]c3cc(NCC)c(C)cc3c(-c3ccccc3C(=O)OC)c2cc1C.[Cl-],-1.3909846109
CCN(CC)c1cc2[o+]c3cc(N(CC)CC)c(C)cc3c(-c3ccc(S(=O)(=O)[O-])cc3S(=O)(=O)[O-])c2cc1C.[Na+],-0.8053203897
O=c1[nH]c2cncnc2[nH]c1=O,-2.69
O=C1CCCCCO1,0.9425469123
O=C1CCCCCCCCCCCC(=O)OCCO1,-4.2616951793
CC1CCC(C(C)C)c2nc(NS(=O)(=O)c3ccc(N)cc3)ncc21,-4.18
Nc1ccc(S(=O)(=O)Nc2ncc3c(n2)CCCC3)cc1,-3.65
c1cc[n+]2c(c1)-c1cccc[n+]1CC2,-3.425
[Br-].[Br-].c1cc[n+]2c(c1)-c1cccc[n+]1CC2,0.3133
CC(=O)C(N=Nc1ccc(-c2ccc(N=NC(C(C)=O)C(=O)Nc3ccc(C)cc3)c(Cl)c2)cc1Cl)C(=O)Nc1ccc(C)cc1,-8.1019307222
CC(=O)C(N=Nc1ccc(-c2ccc(N=NC(C(C)=O)C(=O)Nc3ccccc3)c(Cl)c2)cc1Cl)C(=O)Nc1ccccc1,-9.1969385027
CC(=O)C(N=Nc1ccc(-c2ccc(N=NC(C(C)=O)C(=O)Nc3ccc(C)cc3C)c(Cl)c2)cc1Cl)C(=O)Nc1ccc(C)cc1C,-9.2920103659
COc1cc(NC(=O)C(N=Nc2ccc(-c3ccc(N=NC(C(C)=O)C(=O)Nc4cc(OC)c(Cl)cc4OC)c(Cl)c3)cc2Cl)C(C)=O)c(OC)cc1Cl,-8.0045326037
CCOc1ccc(NC(=O)C(N=Nc2ccc(-c3ccc(N=NC(C(C)=O)C(=O)Nc4ccc(OCC)cc4)c(Cl)c3)cc2Cl)C(C)=O)cc1,-7.830582616799999
CC(=O)C(N=Nc1ccc(-c2ccc(N=NC(C(C)=O)C(=O)Nc3ccccc3C)c(Cl)c2)cc1Cl)C(=O)Nc1ccccc1C,-8.9148440789
COc1cc(-c2ccc(N=NC(C(C)=O)C(=O)Nc3ccccc3)c(OC)c2)ccc1N=NC(C(C)=O)C(=O)Nc1ccccc1,-8.6167666964
CC(=O)C(N=Nc1cc(Cl)c(-c2cc(Cl)c(N=NC(C(C)=O)C(=O)Nc3ccc(C)cc3C)cc2Cl)cc1Cl)C(=O)Nc1ccc(C)cc1C,-8.4626870474
COc1ccccc1NC(=O)C(N=Nc1ccc(-c2ccc(N=NC(C(C)=O)C(=O)Nc3ccccc3OC)c(Cl)c2)cc1Cl)C(C)=O,-8.4235961938
CCOC(=O)c1cn2nc(OP(=S)(OCC)OCC)cc2nc1C,-4.9489
O[Si](O)(c1ccccc1)c1ccccc1,-2.7330206215
COc1ccc(NS(=O)(=O)c2ccc([N+](=O)[O-])cc2)cc1,-4.64
O=S(=O)(Nc1ccc(Cl)cc1)c1ccccc1,-4.03
O=S(=O)(Nc1ccccc1Cl)c1ccccc1,-4.32
CCc1ccc(NS(=O)(=O)c2ccc(N)cc2)cc1,-4.52
Nc1ccc(S(=O)(=O)Nc2ccc(Cl)cc2)cc1,-4.13
COc1ccc(NS(=O)(=O)c2ccc(N)cc2)cc1,-4.23
N#Cc1ccc(NS(=O)(=O)c2ccc(N)cc2)cc1,-3.6
O=[N+]([O-])c1ccc(NS(=O)(=O)c2ccccc2)cc1,-3.93
Nc1ccc(S(=O)(=O)Nc2ccc([N+](=O)[O-])cc2Br)cc1,-4.78
Cc1ccc(NS(=O)(=O)c2ccc(N)cc2)cc1Cl,-4.91
Cc1cc(Cl)ccc1NS(=O)(=O)c1ccc(N)cc1,-4.35
COc1cc(S(=O)(=O)Nc2ccccc2)c(OC)cc1N,-4.0576928644
O=S(=O)(Nc1cccc(Cl)c1Cl)c1ccccc1,-4.73
Cc1cc(N)ccc1S(=O)(=O)Nc1ccc(Cl)cc1,-4.42
Nc1ccc(S(=O)(=O)Nc2ccccc2C(=O)O)cc1,-0.8
Cc1ccc(Cl)cc1NS(=O)(=O)c1ccc(N)cc1,-3.98
Cc1ccc(NS(=O)(=O)c2ccc(N)cc2)c(Cl)c1,-4.32
O=[N+]([O-])c1ccccc1NS(=O)(=O)c1ccccc1,-4.01
Cc1cc(N)ccc1S(=O)(=O)Nc1ccccc1Cl,-5.05
Nc1ccc(S(=O)(=O)Nc2ccc([N+](=O)[O-])cc2)cc1,-3.94
Nc1ccc(S(=O)(=O)Nc2ccc(Cl)cc2)c(Cl)c1,-4.59
Nc1ccc(S(=O)(=O)Nc2cc(Cl)ccc2Cl)cc1,-4.4
Nc1ccc(S(=O)(=O)Nc2cccc(Cl)c2Cl)cc1,-4.73
Nc1ccc(S(=O)(=O)Nc2ccccc2[N+](=O)[O-])cc1,-4.49
Nc1ccc(S(=O)(=O)Nc2ccccc2Cl)c(Cl)c1,-5.11
COc1c(Cl)cccc1NS(=O)(=O)c1ccc(N)cc1,-4.15
Nc1ccc(S(=O)(=O)Nc2ccc(S(N)(=O)=O)cc2)cc1,-2.7592
Nc1ccc(S(=O)(=O)Nc2ccc(I)cc2)cc1,-4.52
CCOc1ccc(NS(=O)(=O)c2ccc([N+](=O)[O-])cc2)cc1,-4.72
Cc1cc(N)ccc1S(=O)(=O)Nc1ccccc1[N+](=O)[O-],-4.51
Nc1ccc(S(=O)(=O)Nc2ccc(Cl)c(Cl)c2)cc1,-4.94
COc1ccc(N)cc1NS(=O)(=O)c1ccc(N)cc1,-5.08
Nc1ccc(S(=O)(=O)Nc2cc(Cl)c(Cl)cc2Cl)cc1,-4.83
O=S(=O)(Nc1ccc(Br)cc1Br)c1ccccc1,-5.01
O=C(NCCc1c[nH]cn1)c1ccccc1,-0.634
O=c1ncc2[nH]c(=O)[nH]c2[nH]1,-3.6
Cn1c(=O)ncc2[nH]c(=O)[nH]c21,-0.794
O=C1C=C(O)C[C@@H](c2ccccc2)C1,-2.5113
c1ccc2sc(SN3CCOCC3)nc2c1,-3.8109627954
CC(=O)[O-].CCN(CC)c1ccc([C+](c2ccc(N(CC)CC)cc2)c2ccc(N(CC)CC)cc2)cc1,-0.1395608978999999
CCN(CC)c1ccc([C+](c2ccccc2)c2ccc(N(CC)CC)cc2)cc1.O=S(=O)([O-])O,-2.0572883439
CC(=O)[O-].CCN(CC)c1ccc([C+](c2ccccc2)c2ccc(N(CC)CC)cc2)cc1,-0.6479880176
CN(C)c1ccc([C+](c2ccc(N(C)C)cc2)c2ccc(N(C)C)cc2)cc1.[Cl-],-2.0085884627
CCN(CC)c1ccc([C+](c2ccc(N(CC)CC)cc2)c2ccc(S(=O)(=O)[O-])cc2S(=O)(=O)[O-])cc1.[Na+],-0.4066892685
O=[N+]([O-])c1ccc(O/N=C/c2cc(Br)c(O)c(Br)c2)c([N+](=O)[O-])c1,-5.19
O=c1[nH]ccc2ccccc12,-2.4842
COc1cc(N=Nc2cccc(S(=O)(=O)[O-])c2)ccc1NC(=O)Nc1ccc(N=Nc2cccc(S(=O)(=O)[O-])c2)cc1OC.[Na+].[Na+],-0.714875651
CC1(C)CCC(Cc2ccc(Cl)cc2)C1(O)Cn1cncn1,-4.3288
CC(C)C1CCC(Cc2ccc(Cl)cc2)C1(O)Cn1cncn1,-4.6828
Cc1cccc(CN2CCN(C(c3ccccc3)c3ccc(Cl)cc3)CC2)c1,-4.63
CCCCCCCCN=c1ccn(CCCCCCCCCCn2ccc(=NCCCCCCCC)cc2)cc1.[Cl-].[Cl-].[H+].[H+],-1.6427862658
Nc1nc(O)c2ncn(C3C=CC(CO)C3)c2n1,-2.3
CCCc1c2c(cc3c(=O)cc(C(=O)O)oc13)CCCC2,-1.9
O=C(O)c1cc(=O)c2cc3c(cc2o1)CCCC3,-1.05
CCCc1c2c(c(O)c3c(=O)cc(C(=O)O)oc13)CCCC2,-2.68
COS(=O)(=O)[O-].Cc1ccc(N(C)N=CC2=[N+](C)c3ccccc3C2(C)C)cc1,-1.6762060534999998
COS(=O)(=O)[O-].COc1ccc(N(C)N=CC2=[N+](C)c3ccccc3C2(C)C)cc1,-1.6925364836
Cc1ccc(N(C)N=CC2=[N+](C)c3ccccc3C2(C)C)cc1.[Cl-],-1.3292188053
CC(C)(c1ccc(OS(=O)(=O)c2cccc(NNC3=C4C(=O)C=C(S(=O)(=O)O)C=C4C=CC3=N)c2)cc1)c1ccc(OS(=O)(=O)c2cccc(NNC3=C4C(=O)C=C(S(=O)(=O)O)C=C4C=CC3=N)c2)cc1.[Na+].[Na+],-2.9562873167
COc1c2occc2c(OC)c2c(=O)cc(C)oc12,-3.0210000000000004
c1cnc2c(c1)ccc1ncccc12,-2.6806
O=P(OCc1ccccc1)(OCc1ccccc1)OP(=O)(OCc1ccccc1)OCc1ccccc1,-7.2540426772
O=C(O)c1cc(C(=O)O)c(C(=O)O)cc1C(=O)O.c1ccc(C2=NCCN2)cc1.c1ccc(C2=NCCN2)cc1,-1.9594675236
C=C1CCOC(C=C(C)C)C1,-2.5104223592
O=C1OCc2ccc3ccccc3c21,-3.3062
NC1=NC(N)C(=O)C(=O)N1,-1.6978
NS(=O)(=O)c1ccccc1-c1nc2ccccc2c(=O)[nH]1,-3.08
CC(C)OC(=O)C1(S(=O)(=O)c2ccc(Cl)cc2)CCCCCC1,-5.52
CC(C)OC(=O)C1(S(=O)(=O)c2ccc([N+](=O)[O-])cc2)CCCCCC1,-5.0706
Nc1c2ccccc2nc2cccc([N+](=O)[O-])c12,-1.84
Nc1c2ccccc2nc2cccc(C(F)(F)F)c12,-2.48
CCN(CC)CCCC(C)Nc1c2ccc(Cl)cc2nc2ccc(OC)cc12,-2.64
Nc1c2ccccc2nc2cc(C(F)(F)F)ccc12,-2.17
Nc1ccc2cc3ccc(N)cc3nc2c1,0.3783
c1ccc2nc3ccccc3cc2c1,-3.6691
Cc1ccc2nc3ccccc3c(N)c2c1,-2.39
Nc1cccc2nc3ccccc3cc12,-4.222
Nc1c2ccccc2nc2ccc(F)cc12,-2.4
Nc1c2ccccc2nc2cc(F)ccc12,-2.12
Nc1c2ccccc2nc2c(F)cccc12,-1.66
Nc1c2ccccc2nc2cccc(F)c12,-0.95
Nc1c2ccccc2nc2cccc(Cl)c12,-1.58
Nc1c2ccccc2nc2ccc(Cl)cc12,-2.42
Nc1c2ccccc2nc2cc(Cl)ccc12,-1.73
O=C(OCCOCCOC(=O)c1ccccc1)c1ccccc1,-3.937488879
CCCCCOC(=O)COc1cc(N2C(=O)C3=C(CCCC3)C2=O)c(F)cc1Cl,-6.3508
O=C(OCC1CO1)c1ccc(C(=O)OCC2CO2)cc1,-3.5579600556
CC(C)C(C(=O)OC(C#N)c1cccc(Oc2ccccc2)c1)c1ccc(OC(F)F)cc1,-6.8765
CC(C)C(C(=O)OC(C#N)c1cccc(Oc2ccccc2)c1)c1ccc(Cl)cc1,-7.2429
CC(C)C(C(=O)OC(C#N)c1cccc(Oc2ccc(Br)cc2)c1)c1ccc(OC(F)F)cc1,-8.1731
CC(C)[C@@H](C(=O)O[C@@H](C#N)c1cccc(Oc2ccccc2)c1)c1ccc(Cl)cc1,-8.3221
CCn1cc(C(=O)O)c(=O)c2cnc(N3CCNCC3)nc21,-2.974
CCN1C(=O)C(C(N)=O)=C(C)/C(=N/Nc2cc(Nc3nc(F)nc(Nc4cc(S(=O)(=O)[O-])ccc4Cl)n3)ccc2S(=O)(=O)[O-])C1=O.[Na+].[Na+],-0.9210343837
CC(CCc1ccccc1)NCC(O)c1ccc(O)c(C(N)=O)c1,-3.4482
Nc1ccc(S(=O)(=O)c2ccc(NCCO)cc2)cc1,-2.597
O=S(=O)(c1ccc(Cl)cc1)c1cc(Cl)c(Cl)cc1Cl,-6.6594
CC(C)Oc1ccc(S(=O)(=O)c2ccc(O)cc2)cc1,-4.1714457851
O=S(=O)(c1ccccc1)c1ccccc1,-4.1928799405
Nc1cccc(S(=O)(=O)c2cccc(N)c2)c1,-3.5118956043000003
O=S(=O)(c1cccc(O)c1)c1ccccc1O,-2.29
O=S(=O)(c1cccc(O)c1)c1cccc(O)c1,-2.33
O=S(=O)(c1ccc(Cl)cc1)c1ccc(Cl)cc1,-5.5236360799
Nc1ccc(S(=O)(=O)c2ccc(Cl)cc2)cc1,-4.1267
Cc1cc(S(=O)(=O)c2ccccc2)ccc1NS(=O)(=O)C(F)(F)F,-3.8009
Nc1ccc(N)c(S(=O)(=O)c2ccccc2C(=O)O)c1,-1.8395
CC(=O)Nc1ccc(S(=O)(=O)c2ccc(N)cc2)cc1,-3.6116
O=S(=O)(c1ccc(O)cc1)c1ccc(O)cc1,-2.3570247849
NCCNc1ccc(S(=O)(=O)c2ccc(N)cc2)cc1,-2.35
O=S(=O)(c1ccccc1O)c1ccccc1O,-3.3192
Nc1ccc(S(=O)(=O)c2ccc(N)cc2)cc1,-3.094
CN1C(=O)[C@]23CC4=CC=C[C@H](O)[C@H]4N2C(=O)[C@@]1(CO)SS3,-3.6687
CN1C(=O)C23CC4=CC=CC(O)C4N2C(=O)C1(CO)SS3,-3.67
C[C@]12CC[C@@H]3C4=C(CC[C@H]3[C@@H]1CC[C@@H]2O)CC(=O)CC4,-4.947028744
O=C1CC=CS1,-0.2225
C[C@]1(Cn2ccnn2)[C@H](C(=O)O)N2C(=O)C[C@H]2S1(=O)=O,-1.8384616763
CCCC(Cn1cncn1)c1ccc(Cl)cc1Cl,-3.5903
CCCCC(O)(Cn1cncn1)c1ccc(Cl)cc1Cl,-4.2668
CC(C)(C)C(O)C(Cc1ccc(Cl)cc1Cl)n1cncn1,-4.5619
CC(C)(C)C(O)C(Cc1ccc(Cl)cc1)n1cncn1,-4.05
CCCCC(C#N)(Cn1cncn1)c1ccc(Cl)cc1,-3.31
CC12C=CC(=O)C=C1CCC1C2CCC2(C)C(=O)CCC12,-2.8204596094
Cc1ccc(N2C(=O)N(c3ccc(C)c(N=C=O)c3)C2=O)cc1N=C=O,-5.0368259397
O=C1NS(=O)(=O)c2ccccc21,-1.6718324141
O=C(c1ccccc1O)N1CCOCC1,-1.7037
NC(=O)N1c2ccccc2C(O)C(O)c2ccccc21,-2.03
CC(CN(C)C)CN1c2ccccc2CCc2ccccc21,-4.79
CNCCCN1c2ccccc2CCc2ccccc21,-3.6576170412
CC(=O)OC1c2ccccc2N(C(N)=O)c2ccccc2C1OC(C)=O,-3.55
CN(C)CCCN1c2ccccc2CCc2ccccc21,-4.187
CC(C)(C)c1cc(C(C)(CC(=O)OCCOC(=O)CC(C)(c2ccc(O)c(C(C)(C)C)c2)c2ccc(O)c(C(C)(C)C)c2)c2ccc(O)c(C(C)(C)C)c2)ccc1O,-6.2014353624
O=C1CCCCCCCCCCCCN1,-2.6260000000000003
Cc1cc2cccc3ccc4c5ccccc5cc1c4c32,-8.5224
Cc1c2ccccc2c2ccc3cccc4ccc1c2c43,-8.5234
c1ccc2c(c1)cc1ccc3cccc4ccc2c1c34,-8.1924
O=c1ccc2nc3ccc(O)cc3oc-2c1,-1.0277
CCCCCCCCSC(=O)Oc1cc(Cl)nnc1-c1ccccc1,-5.4025
CCN(c1cccc(S(=O)(=O)CCOS(=O)(=O)[O-])c1)c1nc(Cl)nc(Nc2ccc3c(c2)C=C(S(=O)(=O)[O-])/C(=N/Nc2ccc(OC)cc2S(=O)(=O)[O-])C3=O)n1.[Na+].[Na+].[Na+],-1.1616711076
CN(c1ccc2c(c1)C=C(S(=O)(=O)[O-])/C(=N/Nc1ccccc1S(=O)(=O)[O-])C2=O)c1nc(Cl)nc(Nc2cccc(S(=O)(=O)[O-])c2)n1.[Na+].[Na+].[Na+],-0.7520299872
CC(C)(C)C(=O)C(Oc1ccc(Cl)cc1)n1ccnc1,-3.7030926455
CC1CCC(C(C)C)C2(C1)OCC(CO)O2,-2.2793855347
CCCN(CC)CC1COC2(CCC(C(C)(C)C)CC2)O1,-2.8014
NC(=O)OCC1COC2(CCCCC2)O1,-1.89
O=c1oc2ccccc2c(O)c1C1CCCc2ccccc21,-4.86
CCN(CC)C(=O)NC1C=C2c3cccc4[nH]c(Br)c(c34)CC2N(C)C1,-4.38
CC1(CCN2CCCCC2)NC(=O)NC1=O,-0.8213
O=C(NC(=O)c1c(F)cccc1F)Nc1ccc(Oc2ccc(C(F)(F)F)cc2Cl)cc1F,-8.09
O=C1CC=NC=N1,0.586
CC(=O)OC1=CCC2C3CCC(C3)C12,-3.0097265709
CCC(=O)OC1C=CC2C3CCC(C3)C12,-3.5585927938
C=CC(=O)OC1C=CC2C3CCC(C3)C12,-3.7081424715
Cc1cc(NC(C)C(=O)c2ccccc2)ccc1N/N=C1\C=C(S(=O)(=O)[O-])c2ccccc2C1=O.[Na+],-1.8129006218
O=C(O)C1=CC(Nc2nc(NC3(S(=O)(=O)[O-])C=C(C(=O)O)C(O)=CC3)nc(NC3(S(=O)(=O)[O-])C=C(C(=O)O)C(O)=CC3)n2)(S(=O)(=O)[O-])CC=C1O.[Na+].[Na+].[Na+],-0.6896460114
B12B3B4B1C234,-4.7424030214
CC12CCC3C(CCC4C(C)(C)CCCC43C)(CO1)O2,-5.6453848366
O=c1oc(-c2ccccc2)nc2ccccc12,-4.6084
NS(=O)(=O)c1cc2c(s1)C(O)CCS2=O,-1.57
c1ccc2c(c1)c1ccccc1c1ccccc21,-6.7447
O=c1nc[nH]c2nc(-c3ccccc3)c(-c3ccccc3)nc12,-3.1766
CCOC(=O)C(C)Oc1ccc(Oc2nc3ccc(Cl)cc3s2)cc1,-5.67
CCOC(=O)C(C)Oc1cccc(Oc2nc3ccc(Cl)cc3s2)c1,-5.674
Nc1nc2c(ncn2C2OC(CO)C(O)C2O)c(=O)[nH]1,-2.74
O=c1[nH]cnc2c1ncn2C1CCC(CO)O1,-0.94
CC(C)CC(NC(=O)CC(O)C(CC(C)C)NC(=O)C(Cc1c[nH]cn1)NC(=O)C(Cc1ccccc1)NC(=O)OC(C)(C)C)C(=O)NCc1ccncc1,-3.36
CC(=O)[c-]1c(=O)cc(C)oc1=O.[Na+],0.0845613317
O=c1cccc2n1CC1CNCC2C1,0.36
O=c1cccc2n1C[C@@H]1CNC[C@@H]2C1,0.363
CN1C[C@@H]2C[C@@H](C1)c1cccc(=O)n1C2,0.6484
CCCCc1c(C)[nH]c(NCC)nc1=O,-3.02
CCCCc1c(C)[nH]c(N(C)C)nc1=O,-2.2416
Nc1cc(=O)nc(N)[nH]1,-1.378146596
CNC(=O)/C(C#N)=c1\[nH]c(=C2C(=O)NC(=O)NC2=O)c2ccccc12,-7.5280099033
CC12C=CC(=O)C=C1CCC1C2C(O)CC2(C)C1CC(O)C2(O)C(=O)CO,-2.6645485391
C[C@H]1C[C@H]2[C@@H]3CCC4=CC(=O)C=C[C@]4(C)[C@@]3(F)[C@@H](O)C[C@]2(C)[C@@]1(O)C(=O)CO,-3.7709815003
CCC(=O)OCC(=O)C1(OC(=O)CC)C(C)CC2C3CCC4=CC(=O)C=CC4(C)C3(F)C(O)CC21C,-3.77
CCCCC(=O)OC1(C(=O)CO)C(C)CC2C3CCC4=CC(=O)C=CC4(C)C3(F)C(O)CC21C,-4.71
CC1CC2C3CCC4=CC(=O)C=CC4(C)C3(F)C(O)CC2(C)C1(O)C(=O)CO,-3.77
CC1CC2C(C(O)CC3(C)C2CCC3(O)C(=O)COC(=O)CCC(=O)O)C2(C)C=CC(=O)C=C12,-4.2
CC(=O)C1(O)CCC2C3CC(C)C4=CC(=O)C=CC4(C)C3(F)C(O)CC21C,-4.1
CC1CC2C(C(O)CC3(C)C2CCC3(O)C(=O)CO)C2(C)C=CC(=O)C=C12,-3.49
CC(=O)OCC(=O)C1(O)C(OC(C)=O)CC2C3CCC4=CC(=O)C=CC4(C)C3(F)C(O)CC21C,-4.13
C[C@]12C[C@H](O)[C@H]3[C@@H](CCC4=CC(=O)C=C[C@@]43C)[C@@H]1CC[C@]2(O)C(=O)CO,-3.1784471289
C[C@]12C[C@H](O)[C@@]3(F)[C@@H](CCC4=CC(=O)C=C[C@@]43C)[C@@H]1C[C@@H](O)[C@]2(O)C(=O)CO,-3.6929
CCCCC(=O)O[C@]1(C(=O)CO)[C@@H](C)C[C@H]2[C@@H]3CCC4=CC(=O)C=C[C@]4(C)[C@@]3(F)[C@@H](O)C[C@@]21C,-4.7101
CC1CC2C3CC(F)C4=CC(=O)C=CC4(C)C3(F)C(O)CC2(C)C1(O)C(=O)CO,-5.613
CC(C)(C)C(=O)OCC(=O)C1(O)CCC2C3CCC4=CC(=O)C=CC4(C)C3C(O)CC21C,-4.5835
CC12C=CC(=O)C=C1CCC1C3CC(O)C(O)(C(=O)CO)C3(C)CC(O)C12F,-3.68
CSC(=O)C1(OC(C)=O)C(C)CC2C3CCC4=CC(=O)C=CC4(C)C3(F)C(O)CC21C,-6.22
C[C@]12C=CC(=O)C=C1CC[C@@H]1[C@@H]2CC[C@]2(C)[C@@H](O)CC[C@@H]12,-3.7003596507
CC(=O)OCC(=O)C1(O)CCC2C3CCC4=CC(=O)C=CC4(C)C3C(O)CC21C,-4.38
C[C@@H]1C[C@H]2[C@@H]3C[C@H](F)C4=CC(=O)C=C[C@]4(C)[C@H]3[C@@H](O)C[C@]2(C)[C@H]1C(=O)CO,-3.2037371554000003
CC12C=CC(=O)C=C1CCC1C2C(O)CC2(C)C1CCC2(O)C(=O)CO,-3.18
C[C@@H]1C[C@H]2[C@@H]3CCC4=CC(=O)C=C[C@]4(C)[C@@]3(F)[C@@H](O)C[C@]2(C)[C@@]1(O)C(=O)CO,-3.6444
CC(=O)OCC(=O)[C@@]1(O)CC[C@H]2[C@@H]3CCC4=CC(=O)C=C[C@]4(C)[C@H]3[C@@H](O)C[C@@]21C,-4.3692
C[C@H]1C[C@H]2[C@@H]3CC[C@](O)(C(=O)CO)[C@@]3(C)C[C@H](O)[C@@H]2[C@@]2(C)C=CC(=O)C=C12,-3.4942
CC(=O)OCC(=O)[C@@]1(O)[C@H](OC(C)=O)C[C@H]2[C@@H]3CCC4=CC(=O)C=C[C@]4(C)[C@@]3(F)[C@@H](O)C[C@@]21C,-4.1297
CC(=O)[C@@]1(O)CC[C@H]2[C@@H]3C[C@H](C)C4=CC(=O)C=C[C@]4(C)[C@@]3(F)[C@@H](O)C[C@@]21C,-4.0986
CC(=O)OCC(=O)[C@@]1(O)[C@H](C)C[C@H]2[C@@H]3CCC4=CC(=O)C=C[C@]4(C)[C@@]3(F)[C@@H](O)C[C@@]21C,-4.9
C[C@@H]1C[C@H]2[C@@H]3C[C@H](F)C4=CC(=O)C=C[C@]4(C)[C@@]3(F)[C@@H](O)C[C@]2(C)[C@@]1(O)C(=O)CO,-5.6133
CC(=O)OCC(=O)C1(O)C(C)CC2C3CCC4=CC(=O)C=CC4(C)C3(F)C(O)CC21C,-4.9
COc1ccc(NC(=O)C2=Cc3ccccc3/C(=N/Nc3cc(C(=O)Nc4cccc(S(=O)(=O)[O-])c4)ccc3C)C2=O)cc1.COc1ccc(NC(=O)C2=Cc3ccccc3/C(=N/Nc3cc(C(=O)Nc4cccc(S(=O)(=O)[O-])c4)ccc3C)C2=O)cc1.[Ca+2],-7.050931182699999
C=C1CC/C=C(\C)CC[C@@H]2[C@@H]1CC2(C)C,-6.3372616649
CN1C(C(=O)Nc2ccccn2)=C(O)c2sccc2S1(=O)=O,-3.88
Cc1ccccc1NC(=O)C(=O)C(=O)Nc1ccccc1C,-2.2
CCCCCCOc1ccc(-c2nc(-c3ccccc3)nc(-c3ccccc3)n2)c(O)c1,-9.1518109699
CC(=O)OC1CCC2(C)C(=CCC3C4CCC(=O)C4(C)CCC32)C1,-4.53
CC(=O)O[C@H]1CC[C@@]2(C)C(=CC[C@H]3[C@@H]4CCC(=O)[C@@]4(C)CC[C@@H]32)C1,-4.4584
CC12CCC3C(CC=C4CC(OC=O)CCC43C)C1CCC2=O,-4.41
C[C@]12CC[C@H]3[C@@H](CC=C4C[C@@H](O)CC[C@@]43C)[C@@H]1CCC2=O,-4.122
CN(C)CC1CC2C3CC=C4CC(O)CCC4(C)C3CCC2(C)C1=O,-1.49
CCCCC(=O)OC1CCC2(C)C(=CCC3C4CCC(=O)C4(C)CCC32)C1,-4.76
CC12CCC3C(CC=C4CC(O)CCC43C)C1CCC2=O,-4.01
CCC(=O)OC1CCC2(C)C(=CCC3C4CCC(=O)C4(C)CCC32)C1,-4.69
COC(=O)C1=CO[C@@H](O[C@@H]2O[C@H](CO)[C@@H](O)[C@H](O)[C@H]2O)[C@@H]2[C@@H](C)CC(=O)[C@H]12,-0.265
NS(=O)(=O)c1cc2c(cc1C(F)(F)F)NC(Cc1ccccc1)NS2(=O)=O,-3.5913
C1=CC(c2ccc(C3CC=CCC3)cc2)CCC1,-6.5919290491
C/C=C(\C)C(=O)OC1C(OC(C)=O)C2(CO)C(O)CC3(C)C(=CCC4C5(C)CCC(OC6OC(C(=O)O)C(OC7OC(CO)C(O)C(O)C7O)C(O)C6OC6OC(CO)C(O)C(O)C6O)C(C)(CO)C5CCC43C)C2CC1(C)C,-1.1031036675
CC12C=CCC1C1CCC3CC(=O)CCC3(C)C1CC2,-6.07
CCN1c2ncccc2C(=O)N(C)c2cccnc21,-2.62
CCN1c2ncccc2C(=O)N(C)c2ccc(Cl)nc21,-4.114
CCN1c2ncccc2C(=O)Nc2c(C(F)(F)F)cc(C)nc21,-4.207
CCN1c2ncccc2C(=O)Nc2c(C)cc(C)nc21,-4.553999999999999
CCN1C(=O)c2cccnc2N(CC)c2ncccc21,-2.86
CCN1c2nc(N(C)CCO)ccc2NC(=O)c2cccnc21,-3.36
Oc1cccnc1,-0.4557
Brc1ccccn1,-0.8806
O=C(O)c1ccnc(C(=O)O)c1,-1.8268
Cc1ncc(CO)c(CO)c1O.[Cl-].[H+],-0.1117125828
O=C(O)c1ccc(C(=O)O)nc1,-2.1296
O=C(O)c1cccc(C(=O)O)n1,-1.5241
O=C(O)c1ccncc1C(=O)O,-1.8538
O=C(O)c1cncc(C(=O)O)c1,-2.2230000000000003
O=C(O)c1cccnc1,-0.835
Cc1c(OCC(F)(F)F)ccnc1CO,-1.7920737105000002
CCCCCCC(C)OC(=O)COc1nc(F)c(Cl)c(N)c1Cl,-6.43
Nc1c(Cl)c(F)nc(OCC(=O)O)c1Cl,-3.4475
CNc1nc(OC)ccc1N.[Cl-].[Cl-].[H+].[H+],0.3819230911
c1ccncc1,0.76
CCCCCCCCOC(=O)c1cccnc1,-3.0929
CCOC(=O)c1ccnc(C(=O)OCC)c1,-1.2184148997
Cc1cc(C)c(C)c(C)n1,-1.3069
CCc1ccc(C)nc1,-1.0042604536
NNC(=O)c1ccncc1,-0.04
NCc1ccccn1,0.966
NCc1ccncc1,0.966
O=C(O)c1ccncc1,-1.3759670992
COC(=O)COc1nc(F)c(Cl)c(N)c1Cl,-3.9512810281
CCCCCCOC(=O)c1cccnc1,-2.6538
Nc1ncccc1O,-0.3461061519
CCN(CC)C(=O)c1cccnc1,0.7490000000000001
CCCCCCNC(=O)c1cccnc1,-2.5221
Cc1ccccn1,1.0309150604
CCCCCCCCNC(=O)c1cccnc1,-3.0081
CCCCCCCCCNC(=O)c1cccnc1,-3.1398
CCCCCCCCCCNC(=O)c1cccnc1,-3.0765
CCCCCCCCCCCNC(=O)c1cccnc1,-3.0266
CCCCCCCCCCCCNC(=O)c1cccnc1,-3.2078
Cc1ncc(CO)c(C=O)c1O.[Cl-].[H+],0.3901
Cc1ncc(CO)c(C=O)c1O,0.4758
Clc1cc(Cl)c(Cl)nc1Cl,-3.8614246907
Nc1cccc(N)n1,-0.08
Nc1cccnc1N,-1.75
CCCCCCCCCCOC(=O)c1cccnc1,-3.1901
Nc1cccnc1,1.0263
OCc1cccnc1,0.9620638041
Nc1cc(Cl)nc(C(=O)O)c1Cl,-0.0042500518
COP(=S)(OC)Oc1nc(Cl)c(Cl)cc1Cl,-4.831
Cc1cc(C)c(C)cn1,-0.7824
CCc1cccc(C)n1,-0.8234
O=C(O)c1cccnc1C(=O)O,-1.48
CSC(=O)c1c(C(F)F)nc(C(F)(F)F)c(C(=O)SC)c1CC(C)C,-5.4575
Clc1cccc(C(Cl)(Cl)Cl)n1,-3.506108364
Cc1ncc(CO)c(C=NC(C(=O)O)C(C)C)c1O,-1.6
CCCCCCCCCOC(=O)c1cccnc1,-3.0958
Nc1ccncc1,-0.0529
Nc1ccccn1,0.9757
CCCCCCCOC(=O)c1cccnc1,-2.7429
NC(=O)c1ccccn1,0.1685
Cc1ccc(C)c(C)n1,-0.5893
CCCC(=O)NNC(=O)c1ccncc1,-0.32
CCCCCCCNC(=O)c1cccnc1,-3.2
CCCCC(=O)NNC(=O)c1ccncc1,-1.01
Clc1ccccn1,-0.7541456686
O=C(O)c1nc(Cl)ccc1Cl,-1.3884
Cc1cccnc1C,0.0938
Cc1ccnc(C)c1,0.4471
Cc1ccc(C)nc1,-0.03
CCCCOC(=O)c1cccnc1,-1.8367
Cc1ccncc1C,-0.314
Cc1cncc(C)c1,-0.5115
C=Cc1ccccn1,-0.5824
C=Cc1ccncc1,-0.5579
CCCCCC(=O)NNC(=O)c1ccncc1,-1.24
COc1cc(C(Cl)(Cl)Cl)cc(Cl)n1,-4.3635
CCc1ccncc1,-0.0006
CCCCCCC(=O)NNC(=O)c1ccncc1,-2.1
Nc1c(Cl)c(Cl)nc(C(=O)O)c1Cl,-2.7494
CCCCCCCC(=O)NNC(=O)c1ccncc1,-2.91
CCCCCOC(=O)c1cccnc1,-2.3776
O=C(O)c1ccccn1,0.892
CCCOC(=O)c1cccnc1,-1.2403
CCN(Cc1ccc(Cl)nc1)/C(=C/[N+](=O)[O-])NC,0.4918
CCCCCCCCC(=O)NNC(=O)c1ccncc1,-3.52
N#Cc1ccncc1,-0.4154
N#Cc1cccnc1,0.1128
CCc1ccccn1,0.501
Cc1cccc(C)n1,0.447
CCCCCCCCCC(=O)NNC(=O)c1ccncc1,-4.17
NNC(=O)c1cccnc1,-0.1372
CC(=NC#N)N(C)Cc1ccc(Cl)nc1,-1.7244
CC(=NNC(=O)c1ccncc1)C(=O)O,-3.31
OC(=S)c1cccnc1,-1.3801
NC(=O)c1cccnc1,0.6121583154
CC(=O)c1c(C)ncc(C(=O)O)c1C(=O)O,-1.35
O=C(O)COc1nc(Cl)c(Cl)cc1Cl,-2.7656
Cc1cc(C)nc(C)c1,-0.5394
Cc1ccncc1,1.0309
Cc1cccnc1,1.0309
COC(=O)c1cccnc1,-0.4595508588
OCc1ccncc1,0.9621
CC(CCC(=O)O)=NNC(=O)c1ccncc1,-1.59
CCc1cccnc1,0.5379999999999999
O=C(O)c1ccnc(C(=O)O)c1C(=O)O,-1.245
Cc1nc(C)c(C(=O)O)cc1C(=O)O,-2.809
CCOC(=O)c1cccnc1,-0.4313
CCOP(=S)(OCC)Oc1nc(Cl)c(Cl)cc1Cl,-5.4956
Cn1c(=O)[nH]n(-c2ccccc2)c1=O,-2.9804
COc1cc(OC)nc(NC(=O)NS(=O)(=O)Nc2ccccc2C(=O)C2CC2)n1,-6.3943
CCn1c(O)c(N=Nc2ccc(S(=O)(=O)c3ccc(N=Nc4c(C)c(CS(=O)(=O)[O-])c(=O)n(CC)c4O)cc3)cc2)c(C)c(CS(=O)(=O)[O-])c1=O.[Na+].[Na+],-2.1021873796
CC(=O)Oc1ccc(C(C)(C)CC(C)(C)C)cc1C1C(=O)Oc2ccc(C(C)(C)CC(C)(C)C)cc21,-6.6925825623
C=C1C(=O)O[C@@H]2/C=C(\CO)CC/C=C(\C)C[C@H](OC(=O)C(C)CO)[C@@H]12,-2.2436
c1ncc2n[nH]nc2n1,-0.2319
C=C1C2CCC(C2)C1(C)C,-4.4715404278
O=C1OC(C(O)CO)C(O)=C1O,0.28
CCOC1=C(O)C(=O)O[C@@H]1[C@@H](O)CO,0.5809706515999999
CCC1(N2CCCCC2)C(=O)NC(=O)NC1=O,-2.1562
COc1cc2ncnc(N3CCN(C(=O)Nc4ccsc4)CC3)c2cc1OC,-5.3
c1ccc(P(c2ccccc2)c2ccccc2)cc1,-6.201301100399999
CC(=O)[CH-]C(C)=O.[C-]#[O+].[Rh].c1ccc(P(c2ccccc2)c2ccccc2)cc1,-7.3120335908
O=C1NC(=S)SC1=Cc1ccc(O)c(O)c1,-3.34
CC1(C)SC2C(NC(=O)Cc3ccccc3)C(=O)N2C1C(=O)O,-1.63
CC1(C)SC2C(NC(=O)C(N)c3ccc(O)cc3)C(=O)N2C1C(=O)O,-2.17
CC1(C)SC2C(NC(=O)C(N)c3ccccc3)C(=O)N2C1C(=O)O,-1.99
CC1(C)S[C@@H]2[C@H](NC(=O)[C@H](N)c3ccccc3)C(=O)N2[C@H]1C(=O)O,-1.5390164423
Nc1ccc(S(=O)(=O)c2cnc(N)s2)cc1,-2.805
CS(=O)(=O)c1ccc(C2=C(c3ccccc3)C(=O)OC2)cc1,-4.52
NS(=O)(=O)c1nnc(NC(=O)c2c(F)c(F)c(F)c(F)c2F)s1,-1.37
CC(C)(C)c1ccc2oc(-c3ccc(-c4nc5cc(C(C)(C)C)ccc5o4)s3)nc2c1,-5.634046793
CC1CCC2C(=O)OC(=O)C2C1,-1.3015260488
O=C1OC(=O)C2CCCCC12,-1.5647364969
O=P(O)(O)OC1OC(CO)C(O)C(O)C1O,0.5848
CC(C)=CC1CC(C)CCO1,-2.2244457918
CCCCCC1COCCC1OC(C)=O,-2.9987958883
COC1CCCC(C)O1,-0.5921
C1CCOCC1,-0.031
CCCCCCCC(=O)OC1C(O)C(O)OC(CO)C1O,-2.63
CCCCCCOC1O[C@H](CO)[C@@H](O)[C@H](O)[C@H]1O,-0.6586987459
OCC1OC(O)C(O)C(O)C1O,0.74
CCCCCCCCSC1C(O)C(O)OC(CO)C1O,-2.91
OCC(O)C(O)C(OC1OC(CO)C(O)C(O)C1O)C(O)CO,0.2872
OC1COC(O)C(O)C1O,0.5778808511
OCC1(O)OCC(O)C(O)C1O,0.64
C=CC1(C)CCCC(C)(C)O1,-2.5359872782
COC1OC(CNC(=O)N(CCCl)N=O)C(O)C(O)C1O,-1.5613
CC(=O)OCC1OC(OC(C)=O)C(OC(C)=O)C(OC(C)=O)C1OC(C)=O,-2.4153529113
OC[C@H]1O[C@H](O)[C@H](O)[C@@H](O)[C@@H]1O,0.4433
OCC1CCCCO1,0.9349
CCCCCCCCNC(=O)OCC1OC(O)C(O)C(O)C1O,-2.35
COC1OC(CO)C(O)C(O)C1O,0.7452125491
CCCCCCCCCNC(=O)OCC1OC(O)C(O)C(O)C1O,-2.96
CCCCCCCCCCNC(=O)OCC1OC(O)C(O)C(O)C1O,-3.56
CC(C)CC1CC(C)(O)CCO1,2.1376816201
CC(C)CC1CC(C)CCO1,-3.0799294807
CC(C)(C)CC(C)(C)c1ccc(OCCOCC[N+](C)(C)Cc2ccccc2)cc1.[Cl-],0.0729096485
c1cc2cccc3c4cccc5cccc(c(c1)c23)c54,-8.7
COc1cc2c(c(OC)c1OC)-c1ccc(OC)c(=O)cc1C(NC(C)=O)CC2,-0.94
COc1cc2c(c(OC)c1OC)-c1ccc(OC)c(=O)cc1[C@@H](NC(C)=O)CC2,-0.9482
O=C(CC(CP1(=O)Oc2ccccc2-c2ccccc21)C(=O)OCCO)OCCO,-4.4617795617
O=C(O)CC(CP1(=O)Oc2ccccc2-c2ccccc21)C(=O)O,-2.8135095056
O=c1[n-]c(=O)n(Cl)c(=O)n1Cl.[Na+],-0.8951600114
CCOc1ccccc1OS(=O)(=O)NC(=O)Nc1nc(OC)cc(OC)n1,-4.1853
CC(C)N(C(=O)COc1nnc(C(F)(F)F)s1)c1ccc(F)cc1,-3.8121
Cc1cc(=S)n(C)n1-c1ccccc1,-1.6668
C1CCC2CC3CCCCC3CC2C1.CCC1CCC(CC)CC1.CCCCCCCCCCCC(CC)CCCCCCC(CC)CCCCCCC.CCCCCCCCCCCCCCCCCCCCCCCCCCCCCC.Cc1cccc(C)c1.c1ccc2cc3ccccc3cc2c1.c1ccc2ccccc2c1,-5.4050532611
Cc1cc(=O)oc2c1cc(C)c1oc3c(c12)CCCC3,-5.09
O=C1C(Br)=CC(=NCl)C=C1Br,-3.7068
NCC(=O)Nc1ccc(S(=O)(=O)Nc2nnc(S(N)(=O)=O)s2)cc1,-1.19
CCc1nnc(NS(=O)(=O)c2ccc(N)cc2)s1,-3.12
NS(=O)(=O)c1nnc(NS(=O)(=O)c2ccc(Cl)c([N+](=O)[O-])c2)s1,-1.99
NS(=O)(=O)c1nnc(NS(=O)(=O)c2c(F)c(F)c(F)c(F)c2F)s1,-1.21
NS(=O)(=O)c1nnc(NS(=O)(=O)c2ccc([N+](=O)[O-])cc2[N+](=O)[O-])s1,-2.91
NCC(=O)NCC(=O)Nc1ccc(S(=O)(=O)Nc2nnc(S(N)(=O)=O)s2)cc1,-1.29
CCc1nnc(NS(=O)(=O)c2ccc(NC(C)=O)cc2)s1,-3.4
CC(C)(C)c1nnc(NS(=O)(=O)c2ccc(N)cc2)s1,-3.74
CC(C)Cc1nnc(NS(=O)(=O)c2ccc(N)cc2)s1,-3.8226
Cc1nnc(NS(=O)(=O)c2ccc(N)cc2)s1,-2.4107
NS(=O)(=O)c1nnc(NS(=O)(=O)c2ccccc2)s1,-2.9
CCCc1nnc(NS(=O)(=O)c2ccc(N)cc2)s1,-3.3075
Cc1ccc(S(=O)(=O)Nc2nnc(S(N)(=O)=O)s2)cc1,-1.22
Nc1ccc(S(=O)(=O)Nc2nnc(S(N)(=O)=O)s2)cc1,-1.5
Nc1cccc(S(=O)(=O)Nc2nnc(S(N)(=O)=O)s2)c1,-1.54
NS(=O)(=O)c1nnc(NS(=O)(=O)c2ccc(Cl)cc2)s1,-2.01
COc1ccc(S(=O)(=O)Nc2nnc(S(N)(=O)=O)s2)cc1,-2.25
Cc1cc(C)c(S(=O)(=O)Nc2nnc(S(N)(=O)=O)s2)c(C)c1,-2.7
Nc1ccc(S(=O)(=O)Nc2nncs2)cc1,-2.8684
NS(=O)(=O)c1nnc(NS(=O)(=O)c2ccc(Br)cc2)s1,-2.13
CC(C)c1nnc(NS(=O)(=O)c2ccc(N)cc2)s1,-3.4141
NS(=O)(=O)c1nnc(NS(=O)(=O)c2ccc([N+](=O)[O-])cc2)s1,-1.33
NS(=O)(=O)c1nnc(NS(=O)(=O)c2cccc([N+](=O)[O-])c2)s1,-1.46
NS(=O)(=O)c1nnc(NS(=O)(=O)c2ccccc2C(=O)O)s1,-2.32
CC(=O)Nc1ccc(S(=O)(=O)Nc2nnc(S(N)(=O)=O)s2)cc1,-1.62
NS(=O)(=O)c1nnc(NS(=O)(=O)c2ccccc2[N+](=O)[O-])s1,-1.82
NS(=O)(=O)c1nnc(NS(=O)(=O)c2ccc(I)cc2)s1,-2.2
CC1OC(C)OC(C)OC(C)O1,-2.8997
Cc1nn(-c2cccc(S(=O)(=O)[O-])c2)c([O-])c1N=Nc1cc(Cl)cc(S(=O)(=O)[O-])c1[O-].[Cr+3].[Na+],-1.1331674849
CC(=O)c1ccc(OC2OC(CO)C(O)C(O)C2O)cc1,-1.17
O=Cc1ccccc1O[C@@H]1O[C@H](CO)[C@@H](O)[C@H](O)[C@H]1O,-1.1985
O=[N+]([O-])c1cccc(OC2OC(CO)C(O)C(O)C2O)c1,-1.28
OCC(O)C1OC(Oc2ccccc2)C(O)C(O)C1O,-1.5537
COc1cc(/C=C/CO)ccc1OC1OC(CO)C(O)C(O)C1O,-1.87
OCc1ccccc1OC1OC(CO)C(O)C(O)C1O,-0.85
OC1COC(Oc2ccccc2)C(O)C1O,-1.66
CC(=O)c1ccc(O[C@@H]2O[C@H](CO)[C@@H](O)[C@H](O)[C@H]2O)cc1,-1.1740000000000002
OCC1OC(Oc2ccccc2)C(O)C(O)C1O,-1.46
OCc1ccccc1O[C@@H]1O[C@H](CO)[C@@H](O)[C@H](O)[C@H]1O,-0.8547
c1ccc2c(c1)ccc1cc3c(ccc4ccccc43)cc12,-8.6679
O=C1Nc2ccccc2C(=O)N2CCCC12,-3.75
O=C1Nc2ccc(Cl)cc2C(=O)N2CCCC12,-4.7
O=C1Nc2ccccc2C(=O)N2CC(O)CC12,-2.37
Oc1ccc2c(c1)CCC2,-1.3285
c1ccc2c(c1)CCC2,-3.0351
CC(=O)c1cc(C(C)(C)C)cc2c1CCC2(C)C,-4.8708662082
CCC(C)CCCOC(=O)CCc1cc(-n2nc3ccccc3n2)c(O)c(C(C)(C)C)c1,-6.1639401792
CCC(C)c1cc(S(=O)(=O)[O-])cc(-n2nc3ccccc3n2)c1O.[Na+],-1.5762449498
CC(C)(C)CC(C)(C)c1ccc(O)c(-n2nc3ccccc3n2)c1,-5.5097937283
Cc1ccc(O)c(-n2nc3ccccc3n2)c1,-5.3526667277
CCC(C)(C)c1cc(-n2nc3ccccc3n2)c(O)c(C(C)(C)CC)c1,-8.545917916
CC(C)(C)c1cc(CCC(=O)O)cc(-n2nc3ccccc3n2)c1O,-5.53070544
Cc1cc(-n2nc3ccc(Cl)cc3n2)c(O)c(C(C)(C)C)c1,-5.4994176265
COC(=O)CCc1cc(-n2nc3ccccc3n2)c(O)c(C(C)(C)C)c1,-6.8493235759000015
CCC1NC(=O)c2cc(S(N)(=O)=O)c(Cl)cc2N1,-3.2859
COc1ccc2cc(C(C)C(=O)OCCOC(=O)C(N)Cc3ccccc3)ccc2c1,-3.75
Cn1c(=O)c2c(nc(-c3ccccc3)n2C)n(C)c1=O,-3.31
Cn1c(=O)c2[nH]c(-c3ccccc3)nc2n(C)c1=O,-5.0
COC(=O)C1CC(=O)N(C)C1,0.804
CCCCCCN1CC(C(=O)OC)CC1=O,-1.246
CCCCCCCCCCCCCCCC(=O)N1C(=O)CC[C@H]1C(=O)[O-].[Na+],-4.0223191178
O=C1CCC(C(=O)[O-])N1.[Ca+2],0.1651478476
O=C1CCC(C(=O)O)N1,-0.4042589172
CCN1CCCC1=O,0.9463070612
CCCCCCCCN1CCCC1=O,-2.2577490108
O=NN1CCCC1=O,0.0523
O=C1CC[C@@H](C(=O)[O-])N1.[Na+],0.6082046329
CN1CCCC1=O,1.0037817508
CCCCCCCCCCCCN1CCCC1=O,-4.67
O=C1CCCN1,1.07
CCCCCCCCCCCCN1CC(C(=O)O)CC1=O,-3.2230000000000003
CN1CC(C(=O)O)CC1=O,-0.954
S=c1[nH]c2cncnc2[nH]1,-2.5243
CC(C)(C)c1ccc(C(O)CCCN2CCC(C(O)(c3ccccc3)c3ccccc3)CC2)cc1,-6.69
O=c1nc[nH]c2cccnc12,-2.0656
NS(=O)(=O)c1cc2c(s1)C(=O)CCS2(=O)=O,-3.67
Cc1ccc(-c2nc3ccccc3s2)cc1,-4.35
CCOP(=O)(Cc1ccc(-c2nc3ccccc3s2)cc1)OCC,-4.0017
CCOC(=O)Cc1ccc(-c2nc3ccccc3s2)cc1,-4.36
Cc1ccc2nc(-c3ccc(N)cc3)sc2c1S(=O)(=O)O,-4.3324994616
Cc1ccc2nc(-c3ccc(N)cc3)sc2c1,-3.68
CSCC(NC(=O)COc1cccc2cnccc12)C(=O)NC(Cc1ccccc1)C(O)C(=O)N1CSCC1C(=O)NC(C)(C)C,-3.95
CC1COc2ccccc2N1C(=O)C(Cl)Cl,-3.8353901487
c1cc(-c2ccncc2)ccn1,-1.5376
CC1=C(O)C(=O)C(C)O1,0.3906698962
O=C1C(O)=C(O)O[C@@H]1[C@H](O)C[O-].[Na+],-0.1325447734
O=C1C(O)=C(O)OC1C(O)CO,0.277
CC(C)(C)N(CC(=O)c1ccc(O)c(CO)c1)Cc1ccccc1.[Cl-].[H+],-1.3487765491
O=C(O)Cn1c(=O)sc2cccc(Cl)c21,-2.6087
CCOC(=O)Cn1c(=O)sc2cccc(Cl)c21,-3.762
O=C(O)c1cc(N=Nc2ccc(S(=O)(=O)Nc3ccccn3)cc2)ccc1O,-6.14
O=C(O)c1cc(/N=N/c2ccc(S(=O)(=O)Nc3ccccn3)cc2)ccc1O,-6.14
CC[C@]12CCC3=C(CCc4cc(OC)ccc43)[C@@H]1CCC2=O,-4.772922847
CC1=Nc2ccccc2/C1=N/Nc1cc(Cl)c(S(=O)(=O)NCCS(=O)(=O)[O-])cc1Cl.[Na+],-3.7561795168
CSc1nc(N(C)C)nc(N(C)C)n1,-2.676
CCN(CC)c1nc(NC(C)C)nc(OC)n1,-4.888999999999999
CNc1nc(Cl)nc(NC(C)C)n1,-2.8896
CCNc1nc(NC(C)(C)C)nc(SC)n1,-3.9847
CCNc1nc(Cl)nc(N(CC)CC)n1,-4.0601
CNc1nc(NC(C)C)nc(OC)n1,-1.7509
CC(C)Nc1nc(N)nc(Cl)n1,-2.7063
CSc1nc(NC(C)C)nc(NC(C)C)n1,-3.8642
COCCCNc1nc(NC(C)C)nc(SC)n1,-2.9284
O=C(O)CCCCCNc1nc(NCCCCCC(=O)O)nc(NCCCCCC(=O)O)n1,-2.5423613079
COCCCNc1nc(NCCCOC)nc(SC)n1,-3.4792
CN(C)c1nc(N(C)C)nc(N(C)C)n1,-3.3638
CCNc1nc(Cl)nc(NC(C)(C)C#N)n1,-3.151
CCNc1nc(NC(C)(C)C)nc(OC)n1,-3.2388
CCNc1nc(NC(C)C)nc(OC)n1,-2.0696
CCNc1nc(OC)nc(N(CC)CC)n1,-2.9987
CCNc1nc(Cl)nc(NCC)n1,-4.55
CCNc1nc(Cl)nc(NCC(=O)OCC)n1,-2.9374
CCOc1nc(OCC)nc(OCC)n1,-1.4838
CCNc1nc(NC(C)C)nc(SC)n1,-3.0470399572000004
CC(C)Nc1nc(Cl)nc(NC(C)C)n1,-4.46
Nc1nc(N)nc(N)n1.O=P(O)(O)O,-1.7594101934
CCN(CC)c1nc(Cl)nc(N(CC)CC)n1,-4.4112
CCOC(=O)CNc1nc(Cl)nc(NC(C)C)n1,-2.5622
C=CCOc1nc(OCC=C)nc(OCC=C)n1,-2.8742257802
Nc1nc(N)nc(N)n1,-1.5592150485
Nc1nc(N)nc(Cl)n1,-2.3849
CCNc1nc(N)nc(Cl)n1,-2.4135
CNc1nc(NC(C)C)nc(SC)n1,-2.5656
Clc1nc(Cl)nc(Cl)n1,-2.6223388564
CCCNc1nc(Cl)nc(NC(C)C)n1,-3.74
CCN(CC)c1nc(Cl)nc(NC(C)C)n1,-3.7849
Nc1nc(N)nc(N)n1.O=P(O)(O)OP(=O)(O)O,-2.9089794399
CCCCN(CC)c1nc(N)nc(N=[N+]=[N-])n1,-3.52
CSc1nc(N=[N+]=[N-])nc(NC(C)C)n1,-3.48
CCNc1nc(Cl)nc(NC(C)(C)C)n1,-4.43
CCNc1nc(NCC)nc(SC)n1,-2.73
CCNc1nc(NCC)nc(OC)n1,-1.7898
COP(=S)(OC)SCc1nc(N)nc(N)n1,-3.069
CCNc1nc(NC(C)C(C)C)nc(SC)n1,-3.7082
COc1nc(NC(C)C)nc(NC(C)C)n1,-2.56
CCNc1nc(Cl)nc(NC(C)C)n1,-3.76
CCNc1nc(NC(C)CC)nc(OC)n1,-2.575
CCSc1nc(NC(C)C)nc(NC(C)C)n1,-4.2031
O=C(O)CCCCCNc1nc(NCCCCCC(=O)O)nc(NCCCCCC(=O)O)n1.OCCN(CCO)CCO.OCCN(CCO)CCO.OCCN(CCO)CCO,-6.6832011337
O=S(=O)([O-])c1cccc2c(N=Nc3ccc(N=Nc4ccc(Nc5ccccc5)c5c(S(=O)(=O)[O-])cccc45)c4ccccc34)cccc12.[Na+].[Na+],-1.4631185388
C=CCOC(=O)C(C)(C)OC(=O)c1cc(-n2c(=O)cc(C(F)(F)F)n(C)c2=O)ccc1Cl,-4.676528089
CCOc1ccc([Si](C)(C)CCCc2ccc(F)c(Oc3ccccc3)c2)cc1,-8.6113
NS(=O)(=O)c1cc2c(s1)S(=O)CCC2O,-1.35
C=Cc1ccccc1.CCC(C)(c1ccccc1)c1ccccc1.CCc1cc(CC)c(CC)cc1CC.CCc1ccccc1.Cc1cccc2ccccc12.Cc1ccccc1.Cc1ccccc1-c1ccccc1.c1ccc(-c2ccccc2)cc1.c1ccc(C2CCCCC2)cc1.c1ccc(CCc2ccccc2)cc1.c1ccccc1,-4.5881768419
CC(C)C1CCC(O)CC1,-2.0680942751
O=C(O)CC1(CC(=O)O)CCCCC1,-1.4722340504
CC1CCCC(C)(C)C1,-4.8532
CCOC1CC(C)CC(C)(C)C1,-4.1342944341
C#CC1(OC(N)=O)CCCCC1,-1.8253
CC1CCCCC1O,-0.864495868
OC1CCCCC1,-0.3774
NC1C(O)C(O)C(O)C(O)C1O,-1.41
CN(C)CCNC(=O)NC1CCCCC1,-0.66
CC1CCC(O)CC1,-0.8815
O=C(O)C1CCCCC1,-1.445031941
C/C=C/OC1CCC(O/C=C/C)CC1,-3.9037320907
CCC(CC)CC1(C(=O)O)CCCCC1,-4.281694517
[NH3+][C@H]1CCCC[C@H]1[NH3+],0.8890064826
CC1CCCCC1C,-4.3
BrC1CCCCC1,-2.2943
CCCCCCCCCCNC(=O)NC1CCCCC1,-2.81
CNC1CCCCC1,-0.3214680129
CC(=O)O[C@H]1C[C@@H](C)CC[C@@H]1C(C)C,-4.0668869332
CC(=O)C=C(C)NC1CCCCC1NC(C)=CC(C)=O,-2.11
CC(C)[C@@H]1CC[C@@H](C)C[C@H]1OC(=O)[C@H](C)O,-2.9799872046
CO[SiH](CC1CCCCC1)OC,-3.0959725365
ClC1C(Cl)C(Cl)C(Cl)C(Cl)C1Cl,-4.64
CCC(=O)OC1C(C)CCCC1(C)C,-3.8031812605
CCCCCOC(=O)CCCNC(=O)NC1CCCCC1,-2.3
NC(=O)NN=CCOC1CCCCC1,-1.74
CC1(C)CC(N=C=O)CC(C)(CN=C=O)C1,-4.1708247593
CCOC(=O)OC1CCCCC1C(C)(C)C,-4.3211402828
CC(=O)O[C@@H]1CCCC[C@@H]1C(C)(C)C,-4.2973358545
CS(=O)(=O)NS(=O)(=O)C1CCCCC1,-0.33
CC(=O)OC1CCCCC1,-1.67
CCC(CC)CC1(C#N)CCCCC1,-6.5873382321000005
OC1CC(O)C(O)C(O)C1O,-0.17
CP(=O)(F)OC1CCCCC1,-1.6875
NC1CCCCC1,1.0035890328
O=C(O)/C(S)=C/C1CCCCC1,-2.67
CC(C)C1(C)CCCC(O)C1,-0.6
CC(C)C1C(C)CCCC1O,-0.29
O=C(O)CC1CCCCC1,-1.6935
CC1CCCC(O)(C(C)C)C1,-0.24
CC(C)(C)C1CCC(O)CC1,-3.1032621252
CC1(C)CC(O)CC(C)(CN)C1,0.488999371
CC1CCC(C(C)C)CC1,-5.3545731075
CC(C)(OC1CCCCC1)C(=O)O,-1.0798
CN(C)[P+](CC1CCCCC1)(N(C)C)N(C)C.F[B-](F)(F)F,-1.5071434524
OC1[C@@H](O)[C@H](O)C[C@@H](O)[C@@H]1O,-0.1739
O=C(O)C1(O)CCCCC1,-0.3328
CCSC(=O)N(CC)C1CCCCC1,-3.4037
C#CC1(OC(C)=O)CCCCC1,-2.352215179
CCOC(=O)C1CCC(C(=O)OCC)CC1,-2.2512731137
CN(C)C(=O)NC[C@@]1(C)C[C@H](NC(=O)N(C)C)CC(C)(C)C1,-1.8938187529
O=C(O)C1CCC(C(=O)O)CC1,-0.8723707236
NCC1CCC(C(=O)O)CC1,0.0255
CCCC(=O)OC(C)C1CCCCC1,-3.9207588975
O=P(O)(O)O[C@H]1[C@H](OP(=O)(O)O)[C@@H](OP(=O)(O)O)[C@H](OP(=O)(O)O)[C@@H](OP(=O)(O)O)[C@H]1OP(=O)(O)O,0.1804
CCC(C)(C)C1CCCCC1OC(C)=O,-4.4462039036
CC1CC(C)(C)CC(OOC(C)(C)C)(OOC(C)(C)C)C1,-6.4806607684
O=S(=O)([O-])CCNC1CCCCC1.[Na+],-0.0784185571
C=CCCC(=O)C1CCCC(C)(C)C1,-4.7793105096
CN(C)C1CCCCC1,-0.9774881423
CCC1CCCCC1,-4.2507
C[C@H]1CCCC[C@@H]1C,-4.3341
COC1CC(C)CCC1C(C)C,-3.9301744515
FC(F)(F)C1(F)C(F)(F)C(F)(F)C(F)(F)C(F)(C(F)(F)F)C1(F)F,-7.602120788300001
C=C(C)C1CCC(C)CC1O,-1.7111123645
CC(=O)OC1CCCCC1C,-2.5502978569
C=CC(=O)OC1CCC(C(C)(C)C)CC1,-3.539328096
C=COC1CCCCC1,-2.5825419737
ClC1CCCCC1,-2.3752
CC(C)C1CCCCC1,-5.3116265943
C=C(C)C1CCC(C)(O)C(O)C1,-0.2311
C=C[C@]1(C)CC[C@@H](C(C)(C)O)C[C@H]1C(=C)C,-3.0592783722
CC(O)CCC1CCCCC1,-2.7673615716000004
CC(C)[C@H]1CC[C@@H](C)CC1O,-2.8302608531
CCCCNC1(P(=O)(OCCCC)OCCCC)CCCCC1,-3.3105
CC(=O)O[C@@H]1C[C@H](C)CC[C@H]1C(C)C,-3.9751165598
CCOC(=O)C(C)C1CCCCC1,-3.3274567494
CCCCC(CC)COC(=O)C1CCC(C(=O)OCC(CC)CCCC)CC1,-6.9262679923000015
C#CC1(O)CCCCC1,-0.7048960629000001
O=C(O)CSC1CCCCC1,-1.3381
O=S(=O)(O)CCCNC1CCCCC1,-3.0802067631
CC(=O)CC(C)(C)C1CCCCC1,-3.5481536429
CC1CCC(C(C)C)C(O)C1,-2.4880091207
O=C(O)C1(O)CC(O)C(O)C(O)C1,0.179
CC1(O)CCC(C(C)(C)O)CC1,-1.634
NCC1(CC(=O)O)CCCCC1.[Cl-].[H+],0.0190211463
CC(C)COC(=O)C1CCCCC1C(=O)OCC(C)C,-4.1912351395
C=CC(=O)OC1CC(C)CC(C)(C)C1,-4.0304470853
C[C@H]1CCCC[C@H]1C,-4.2719
OC1C(O)C(O)C(O)C(O)C1O,-0.1
O=P(O)(O)OC1C(O)C(O)C(O)C(O)C1O,0.1076
COC(=O)C1CCC(C(=O)OC)CC1,-1.3871946661
CC(=O)OC1CCC(C(C)(C)C)CC1,-3.6996406686
C=C(C)C(=O)OC1CC(C)CC(C)(C)C1,-4.5985985087
SC1CCCCC1,-3.3672139557
O=C(O)C1CCCCC1C(=O)O,-1.935
CC1CCC(C)CC1,-4.4657
O=NN(CCCl)C(=O)NC1CCCCC1,-3.37
CCC(O)COC1CCCCC1C(C)(C)C,-3.698734262
CC1CCC(C(C)C)C(OO)C1,-2.5888216416
C=CCOC(=O)CCC1CCCCC1,-4.0624492536000005
O=[N+]([O-])OC1CCCC(O[N+](=O)[O-])C1,-2.33
O=[N+](O)OC1CCCCC1O[N+](=O)O,-2.35
CC(C)(C)OOC1(OOC(C)(C)C)CCCCC1,-5.3862138373000015
CC(C)[C@@H]1CC[C@@H](C)C[C@@H]1O,-2.5604043774000003
CC1CCC(C(C)C)C(OCC(O)CO)C1,-2.0063585886
CCC(C)(C)OOC1(OOC(C)(C)CC)CCCCC1,-5.4600374185
CC1(O)CCC(C(C)(C)O)CC1.O,-1.6774
CC(=O)OC(C)C1CCCCC1,-3.5976237668
CC1CC(O)CC(C)(C)C1,-1.9916598479
CC(C)[C@@H]1CC[C@@H](C)C[C@H]1O,-2.5706235426
CCCOC(=O)C1CCCCC1C(=O)OCCC,-3.2626917327
CC1CCCCC1,-3.8459348013
C=C(C)C(=O)OC1CCCCC1,-3.0885648226
C1CCCCC1,-3.1
CCC(=O)OC1CCC(C(C)C)CC1,-4.1734842136
ICC1CCC(CI)CC1,-5.7481975718
CC(=O)CC(c1ccc(Cl)cc1)c1c(O)c2ccccc2oc1=O,-5.839
CC(=O)CC(c1ccccc1)c1c(O)c2ccccc2oc1=O,-4.78
Cn1cc(-c2ccccc2)c(=O)c(-c2cccc(C(F)(F)F)c2)c1,-4.4384
Nc1ccc(N=Nc2ccc(N=Nc3c(S(=O)(=O)[O-])cc4c(c3N)C(=O)/C(=N\Nc3ccc(N=Nc5ccc(N)cc5N)cc3)C(S(=O)(=O)[O-])=C4)cc2)c(N)c1.[Na+].[Na+],-1.5687181444
COP(=O)(OC)OC1=C(Cl)CC2C=CC12,-2.0566
COP(=O)(OC)OC1=C(Cl)C2C=CCC12,-2.0011
Cc1cccc(C)c1N(C(=O)CCl)C1CCOC1=O,-3.2855
C=C(C)C(=O)OC1CC2CCC1(C)C2(C)C,-4.5442204359
CC1(C)[C@@H]2CC[C@]1(C)[C@H](O)C2,-2.4205583952
CC(=O)O[C@@H]1C[C@@H]2CC[C@@]1(C)C2(C)C,-3.4963238418
CC1(C)[C@@H](O)[C@@]2(C)CC[C@@H]1C2,-2.2702
CC1(C)C2CCC1(C)C(N)(C(=O)O)C2,-1.5961
C=CC(=O)OC1C[C@@H]2CC[C@@]1(C)C2(C)C,-4.5830924552
CC1(C)C2CCC1(C)[C@@H](O)C2,-2.319
CC(=O)OC1C2(C)CCC(C2)C1(C)C,-3.8745968837
CC(=O)O[C@H]1C[C@H]2CC[C@@]1(C)C2(C)C,-3.0887781924
CC(=O)OC1CC2CCC1(C)C2(C)C,-3.93
CC1(C)C2CCC1(C)C(O)C2,-2.3202
CC1=NN(c2ccc(S(=O)(=O)[O-])cc2)C(=O)C1N/N=C1\C=C([N+](=O)[O-])C=C(Cl)C1=O.[Na+],-0.8385771725
O=C1c2ccccc2C(=O)C1c1nc2ccccc2c(Br)c1O,-4.8670972664
O=C1c2ccccc2C(=O)C1c1ccc2ccccc2n1,-4.7011861265
O=C1c2ccccc2C(=O)C1c1ccc2cc(S(=O)(=O)[O-])cc(S(=O)(=O)[O-])c2n1.[Na+].[Na+],-0.3778369537
N=C1C=CC2=CC(S(=O)(=O)[O-])=CC(=O)C2=C1NNc1ccccc1S(=O)(=O)c1ccccc1.[Na+],-2.0888316761000003
O=C1CCCCCN1,0.8601209136
C=CN1CCCCCC1=O,-0.4507860761
CC1CCCO1,0.2069
C=CC1(C)CCC(C(C)(C)O)O1,-1.7997284582
C=C(C)C(=O)OCC1CCCO1,-0.9524550039
CCCCCCCCCCCC(=O)OCCOCC(OCCO)C1OCC(OCCO)C1OCCO,-6.417202563200001
OC1CCOC1,1.055
CC1CCOC1,0.0901312493
OCC1CCCO1,0.3887739198
C1CCOC1,0.56
OCC1OC(O)(CO)C(O)C1O,0.64
OCC1CCC(CO)O1,0.8789
CN=C(NCC1CCOC1)N[N+](=O)[O-],-0.5694147178
CC1CCC(C)O1,0.0723
CCC1CCC(O)O1,-0.0651
CCCCCCCCCCCC(=O)OCC(O)[C@H]1OC[C@@H](O)[C@@H]1O,-5.0625368604
C=CC(=O)OCC1CCCO1,-0.2954517157
CCCCCCCCCCCCCCCCCC(=O)OCC(OC(=O)CCCCCCCCCCCCCCCCC)[C@H]1OC[C@@H](O)[C@@H]1OC(=O)CCCCCCCCCCCCCCCCC,-7.2849105614999985
CCCCCCCCCCCCCCCC(=O)OCC(O)[C@H]1OC[C@@H](O)[C@@H]1O,-6.9058735609
OCC1=C[C@@H](O)[C@@H]2C=CO[C@@H](O[C@@H]3O[C@H](CO)[C@@H](O)[C@H](O)[C@H]3O)[C@H]12,0.0119
O=P(N1CCOCC1)(N1CCOCC1)N1CCOCC1,0.2984
c1cc2c3c(c1)ccc1cccc(c13)C2,-5.2379
CC1=NN(c2ccccc2)C(=O)/C1=N/Nc1ccc(-c2ccc(N/N=C3/C(=O)N(c4ccccc4)N=C3C)c(Cl)c2)cc1Cl,-8.1416267302
COC1=CC2OC3C=CC(O)=CC3C(=O)C2C(O)=C1,-2.943
NNc1nncc2ccccc12,-2.6
c1ccc2cnncc2c1,-0.4155
NC1=CC(=O)C(=O)c2ccccc21,-3.84
CP(=O)(Oc1ccccc1)Oc1ccccc1,-2.2017086736
CC(C)CCCCCCCOP(=O)(Oc1ccccc1)Oc1ccccc1,-5.7165
CCCCC(CC)COP(=O)(Oc1ccccc1)Oc1ccccc1,-5.2804
CCOP(=O)(Oc1ccc(Cl)cc1Cl)Oc1ccc(Cl)cc1Cl,-5.774
CCCCCCCCOP(=O)(Oc1ccccc1)Oc1ccccc1,-6.4131
COP(=O)(Oc1ccccc1)Oc1ccccc1,-2.1209
NNP(=O)(Oc1ccccc1)Oc1ccccc1,-2.2373
CC(C)(C)C1CCC(CC2=C(O)C(=O)c3ccccc3C2=O)CC1,-7.04
[Zn+2].c1ccc2c(c1)-c1nc3nc(nc4[n-]c(nc5[n-]c(nc-2n1)c1ccccc51)c1ccccc41)-c1ccccc1-3,-6.9837209828
O=C(O)CCCNC(=O)NC12CC3CC(CC(C3)C1)C2,-1.6
NC12CC3CC(CC(C3)C1)C2,-1.85
CCCCCOC(=O)CCCNC(=O)NC12CC3CC(CC(C3)C1)C2,-2.32
COC(=O)CCCNC(=O)NC12CC3CC(CC(C3)C1)C2,-2.25
CCCCCCCCCCNC(=O)NC12CC3CC(CC(C3)C1)C2,-5.83
NS(=O)(=O)c1cc(C(=O)O)c(NCc2ccco2)cc1Cl,-3.83
CC(C)Nc1nc(NC(C)C)[nH]c(=O)n1,-2.81
CCNc1nc(N(CC)CC)nc(=O)[nH]1,-3.64
O=C1NC(=O)C(=O)C(=O)N1,-1.25
Cc1cc(CCC(=O)OCC(C)(C)C2OCC3(CO2)COC(C(C)(C)COC(=O)CCc2cc(C)c(O)c(C(C)(C)C)c2)OC3)cc(C(C)(C)C)c1O,-8.2677435641
C=C1C=CC(=O)O1,-0.9827
FC(F)(F)/C(=N/OCC1OCCO1)c1ccc(Cl)cc1,-4.0138
N#C/C(=N\OCC1OCCO1)c1ccccc1,-4.0649
CN1c2ccccc2C(O)(c2ccccc2)c2ccccc21,-3.9031
Cc1c(NC(=O)Nc2ccccc2)c(=O)n(-c2ccccc2)n1C,-2.3
c1ccc(COc2ccc3ccccc3c2)cc1,-6.4776739787
O=S(=O)(Nc1ncccc1Cl)c1ccccc1,-3.17
Cc1ccc(NS(=O)(=O)c2ccc([N+](=O)[O-])cc2)nc1,-4.29
Nc1ccc(S(=O)(=O)Nc2ccccn2)cc1,-2.7
CCOC(=O)c1ccc(NS(=O)(=O)c2ccccc2)nc1,-4.24
CC(=O)Nc1ccc(S(=O)(=O)Nc2ccccn2)cc1,-3.7162
O=c1cc[nH]c(O)c1,-1.2498
O=c1cc[nH]cc1,1.0218
N#Cc1c(O)[nH]c(Cl)cc1=O,-1.2319
CCN(CC)C(=O)Cn1cc(I)c(=O)c(I)c1,-3.18
CCN(CC)C(=O)Cn1cc(Br)c(=O)c(Br)c1,-2.31
CCCOC(=O)Cn1cc(I)c(=O)c(I)c1,-3.504
Cc1[nH]c(C)c(Cl)c(=O)c1Cl,-4.2834
c1ccc2c(c1)sc1ccccc12,-5.0981
CC(C)(c1ccc(O)cc1)c1ccc(O)cc1.CC1CO1.ClCC1CO1,-4.3744000378
CC1(C)C2CCC3(C2)C1C(=O)CCC3(C)C,-4.0976122125
CC(C)(C)NC(=O)C1CCC2C3CC=C4C=C(C(=O)O)CCC4(C)C3CCC12C,-8.76
COc1ccc(Cl)cc1C(=O)NCCc1ccc(S(=O)(=O)NC(=O)NC2CCCCC2)cc1,-5.0917
O=c1cnc2nc[nH]c(=O)c2[nH]1,-2.96
CC[P+](c1ccccc1)(c1ccccc1)c1ccccc1.[Br-],-0.9372185286
CC[P+](c1ccccc1)(c1ccccc1)c1ccccc1.[I-],-1.7271281938
C[P+](c1ccccc1)(c1ccccc1)c1ccccc1.[Br-],-0.0189230333
COC[P+](c1ccccc1)(c1ccccc1)c1ccccc1.[Cl-],0.5063442706
Cn1nnnc1SCC1=C(C(=O)O)N2C(=O)C(NC(=O)C(O)c3ccccc3)C2SC1,-0.14
O=C1CCCCCCCCCN1,-1.8862
CC(Oc1ccc(Oc2cnc3cc(Cl)ccc3n2)cc1)C(=O)OC1CCCO1,-5.02
Nc1ccc(/C=C/c2ccc(N)cc2S(=O)(=O)O)c(S(=O)(=O)O)c1,-4.0635303796
Nc1ccc(/C=C/c2ccc(N)cc2S(=O)(=O)[O-])c(S(=O)(=O)[O-])c1.[Na+].[Na+],-0.6173904015
C(=C/c1ccccc1)\c1ccccc1,-5.7905
CCC(=C(CC)c1ccc(O)cc1)c1ccc(O)cc1,-4.35
CC/C(=C(/CC)c1ccc(O)cc1)c1ccc(O)cc1,-4.3495
CN1CCN(Cc2ccc(Cl)nc2)C1=NC#N,-2.13
N#CN=C1NCCN1Cc1ccc(Cl)nc1,-2.63
OCC1OC(n2c(-c3ccco3)nc3ccccc32)C(O)C1O,-2.92
O=C(CCc1ccc(O)cc1)c1c(O)cc(O)cc1O[C@@H]1O[C@H](CO)[C@@H](O)[C@H](O)[C@H]1O,-2.639897679
O=C1C=Cc2cc(S(=O)(=O)[O-])ccc2/C1=N\Nc1ccc(S(=O)(=O)[O-])cc1.[Na+].[Na+],-1.3767469152
C[N+](C)(C)c1ccc2c(c1)/C(=N/Nc1ccc(N)c([N+](=O)[O-])c1)C(=O)C=C2.[Cl-],-1.3972424196000002
Cc1cc(S(=O)(=O)[O-])c(N/N=C2/C(=O)C(C(=O)[O-])=Cc3ccccc32)cc1Cl.[Ba+2],-5.745185694400001
O=C1C=Cc2ccccc2/C1=N/Nc1ccc([N+](=O)[O-])cc1Cl,-7.9969982826
Cc1ccc(N/N=C2\C(=O)C=Cc3ccccc32)c([N+](=O)[O-])c1,-7.9690613395
Cc1ccc(N/N=C2\C(=O)C(C(=O)[O-])=Cc3ccccc32)c(S(=O)(=O)[O-])c1.[Sr+2],-4.1057301532
Cc1cc(S(=O)(=O)[O-])ccc1N/N=C1/C(=O)C=Cc2ccccc21.[Na+],-0.4366004304
Cc1ccc(N/N=C2\C(=O)C=Cc3ccccc32)c(C)c1,-6.7054442976
Cc1ccc(N/N=C2\C(=O)C(C(=O)[O-])=Cc3ccccc32)c(S(=O)(=O)[O-])c1.[Ba+2],-5.7351471063
COc1ccc(N/N=C2\C(=O)C=Cc3ccccc32)c([N+](=O)[O-])c1,-7.9911025111
Cc1cc(S(=O)(=O)[O-])c(N/N=C2\C(=O)C(C(=O)[O-])=Cc3ccccc32)cc1Cl.[Ca+2],-6.2637704779
Cc1ccc(N/N=C2\C(=O)C(C(=O)[O-])=Cc3ccccc32)c(S(=O)(=O)[O-])c1.[Ca+2],-5.5486422223
COc1cc(S(=O)(=O)[O-])c(C)cc1N/N=C1/C(=O)C=Cc2cc(S(=O)(=O)[O-])ccc21.[Na+].[Na+],-0.4405855136
COc1ccccc1N/N=C1\C(=O)C=Cc2ccccc21,-8.9260164319
Cc1cc(N/N=C2/C(=O)C(C(=O)[O-])=Cc3ccccc32)c(S(=O)(=O)[O-])cc1Cl.[Sr+2],-3.9441003714
Nc1c(N=Nc2cc(Nc3nc(Cl)nc(Nc4cccc(S(=O)(=O)[O-])c4)n3)ccc2S(=O)(=O)[O-])c(S(=O)(=O)[O-])cc2c1C(=O)/C(=N\Nc1cc(Nc3nc(Cl)nc(Nc4cccc(S(=O)(=O)[O-])c4)n3)ccc1S(=O)(=O)[O-])C(S(=O)(=O)[O-])=C2.[Na+].[Na+].[Na+].[Na+].[Na+].[Na+],-0.9572055168
C1CN1,1.3658352118
CC1CN1,1.2434
OCC1OC(OCCc2cccc3ccccc23)C(O)C(O)C1O,-1.11
CCC(C)C1NC(=O)C(Cc2ccccc2)NC(=O)C2CCCN2C(=O)C(Cc2ccccc2)N(C)C(=O)C(CCCN)NC(=O)C2CCC=NN2C1=O,-2.7
Cc1ccccc1NC(=O)CC(=O)CN=Nc1ccc(S(=O)(=O)[O-])cc1[N+](=O)[O-].Cc1ccccc1NC(=O)CC(=O)CN=Nc1ccc(S(=O)(=O)[O-])cc1[N+](=O)[O-].[Ca+2],-7.7398036692
NS(=O)(=O)c1ccc([O-])c(N=Nc2c(S(=O)(=O)[O-])cc3cc(Nc4ccc5c([O-])c(N=Nc6cc(S(N)(=O)=O)ccc6[O-])c(S(=O)(=O)[O-])cc5c4)ccc3c2[O-])c1.[Cu+2].[Cu+2].[Na+].[Na+],-2.7104892768
COc1ccc2ccc(=O)oc2c1,-3.1221
O=c1cc(Br)c2ccccc2o1,-1.6533
CCOP(=S)(OCC)Oc1ccc2c(C)c(Cl)c(=O)oc2c1,-5.3835
CCN(CC)c1ccc2c(C)cc(=O)oc2c1,-4.0
COc1ccc2ccc(=O)oc2c1CC=C(C)C,-4.3087
CCOP(=O)(OCC)Oc1ccc2c(C)c(Cl)c(=O)oc2c1,-3.18
CCOP(=S)(OCC)Oc1ccc2oc(=O)c(Cl)c(C)c2c1,-5.3820000000000014
O=c1ccc2ccccc2o1,-1.8860303607
Cl[Sn](Cl)(c1ccccc1)c1ccccc1,-3.8373
Cc1nn(-c2ccccc2)c([O-])c1N=Nc1cc(S(=O)(=O)[O-])ccc1[O-].[Cr+3].[Na+].[Na+].[O-]c1ccc(N=Nc2ccccc2)cc1N=Nc1c([O-])ccc2ccccc12,-2.6916066775
O=C(Nc1ccccc1)Nc1ccnc(Cl)c1,-3.8028
CC(c1ccccc1)c1cc(C(=O)[O-])c(O)c(C(C)c2ccccc2)c1.CC(c1ccccc1)c1cc(C(=O)[O-])c(O)c(C(C)c2ccccc2)c1.[Zn+2],-3.9244090954
O=CC1CC2C3C1C1(Cl)C(Cl)(Cl)C3(Cl)C3(Cl)C2C13Cl,-7.2006
CCc1cccc2c3c([nH]c12)C(CC)(CC(=O)O)OCC3,-3.31
c1ccc2c(c1)OCCOCCOc1ccccc1OCCOCCO2,-4.6935
CCOc1ccccc1NC(=O)C(=O)Nc1ccc(CCCCCCCCCC(C)C)cc1,-6.0994494699
CCOc1ccccc1NC(=O)C(=O)Nc1ccccc1CC,-6.0175466725
CCC/C(=N\OCC)C1=C(O)CC(C2CCCSC2)CC1=O,-3.58
O=C(Cn1cnc([N+](=O)[O-])n1)Nc1cc(C(F)(F)F)ccc1Cl,-5.968106766699999
CC(=O)N(c1onc(C)c1C)S(=O)c1ccc(N)cc1,-3.59
COC1=C(OC)C2C(=O)OCC2C=C1,-1.899
COc1cc2c3c(cccc3c1)CN(C(N)=NO)C2,-1.21
CN=C(NC)N1Cc2cccc3cccc(c23)C1,-1.15
CN(C)NC(=N)N1Cc2cccc3cccc(c23)C1,-1.07
CC(C)=NNC(=N)N1Cc2cccc3cccc(c23)C1,-2.48
NC(=NO)N1Cc2cccc3c(Cl)ccc(c23)C1,-2.0
O=C1C=CC(O)(c2cc(O)ccc2O)C=C1,-1.73
COC(=O)c1c(C(F)F)nc(C(F)(F)F)c(C2=NCCS2)c1CC(C)C,-5.2002
OCC(O)C1OC2OC(C(Cl)(Cl)Cl)OC2C1O,-1.84
CCCCCCCC(=O)OC1C(C(O)CO)OC2OC(C)(C)OC21,-3.17
OCC1OC2OC(C(Cl)(Cl)Cl)OC2C1O,-2.12
OCC(O)[C@H]1OC2O[C@H](C(Cl)(Cl)Cl)O[C@@H]2[C@H]1O,-1.843
O=S(=O)([O-])c1ccc(N=Nc2ccc(N=Nc3ccc(/C=C/c4ccc(N=Nc5ccc(/C=C/c6ccc(N=Nc7ccc(N=Nc8ccc(S(=O)(=O)[O-])cc8)cc7)cc6S(=O)(=O)[O-])c(S(=O)(=O)[O-])c5)cc4S(=O)(=O)[O-])c(S(=O)(=O)[O-])c3)cc2)cc1.O=S(=O)([O-])c1ccc(N=Nc2ccc(N=Nc3ccc(/C=C/c4ccc(N=Nc5ccc(N=Nc6ccc(S(=O)(=O)[O-])cc6)cc5)cc4S(=O)(=O)[O-])c(S(=O)(=O)[O-])c3)cc2)cc1.[Na+].[Na+].[Na+].[Na+].[Na+].[Na+].[Na+].[Na+].[Na+].[Na+],-1.2315456851
CC(C)(C)c1ccc(CSc2cnn(C(C)(C)C)c(=O)c2Cl)cc1,-7.483
O=S(=O)([O-])c1cccc(N=Nc2ccc(Nc3ccccc3)cc2)c1.[Na+],-1.2046860906
O=[N+]([O-])c1ccc(N=Nc2ccc(Nc3ccccc3)cc2)cc1,-7.5229
O=c1ccc(Br)ccc1O,-3.5629
O=c1ccccc(Br)c1O,-2.4352
Nc1ccc(N=Nc2cccc(N=Nc3ccc(N)cc3N)c2)c(N)c1,-4.197152695
Nc1c(N=Nc2ccc(S(=O)(=O)CCOS(=O)(=O)[O-])cc2S(=O)(=O)[O-])cc(S(=O)(=O)[O-])c(N)c1N=Nc1ccc(S(=O)(=O)CCOS(=O)(=O)[O-])cc1.[K+].[K+].[Na+].[Na+],-0.2891446213
O=C(c1ccccc1)c1ccccn1,-2.02
O/N=C1\C=CCCC1,-0.9667
O/N=C1/C=CCCC1,-0.7034
C1CCSC1,-1.1819174748
O=C1NC(c2ccccc2)(c2ccccc2)C(=O)N1COP(=O)(O)O,-0.43
O=C1NC(=O)C(c2ccccc2)(c2ccccc2)N1,-3.99
CCC(=O)OCN1C(=O)NC(c2ccccc2)(c2ccccc2)C1=O,-4.91
O=C(OCN1C(=O)NC(c2ccccc2)(c2ccccc2)C1=O)C(CO)CO,-2.21
O=C1NC(c2ccccc2)(c2ccccc2)C(=O)N1CO,-3.3
CCCCC(=O)OCN1C(=O)NC(c2ccccc2)(c2ccccc2)C1=O,-4.68
CCCCCCCC(=O)OCN1C(=O)NC(c2ccccc2)(c2ccccc2)C1=O,-6.52
CCCC(=O)OCN1C(=O)NC(c2ccccc2)(c2ccccc2)C1=O,-4.68
CC(=O)OCN1C(=O)NC(c2ccccc2)(c2ccccc2)C1=O,-4.47
CCCCCCC(=O)OCN1C(=O)NC(c2ccccc2)(c2ccccc2)C1=O,-6.301
CCCCCC(=O)OCN1C(=O)NC(c2ccccc2)(c2ccccc2)C1=O,-5.886
C(=C/c1ccccc1)\CN1CCN(C(c2ccccc2)c2ccccc2)CC1,-4.2
O=C(OCCCOCCCOC(=O)c1ccccc1)c1ccccc1,-4.595502563999999
CC1CCC2C(C)C(=O)OCC12,-1.9249
CC(C)(c1ccccc1)c1ccc(Nc2ccc(C(C)(C)c3ccccc3)cc2)cc1,-7.782007082100001
CC(c1ccccc1)c1ccc(Nc2ccc(C(C)c3ccccc3)cc2)cc1,-5.9641687617
CCOC(=O)n1c(-c2cscn2)nc2ccccc21,-2.92
CCCOC(=O)n1c(-c2cscn2)nc2ccccc21,-3.52
CC(C)COC(=O)n1c(-c2cscn2)nc2ccccc21,-4.17
COC(=O)n1c(-c2cscn2)nc2ccccc21,-3.11
c1ccc2[nH]c(-c3cscn3)nc2c1,-3.6048
O=S(=O)([O-])OCCS(=O)(=O)c1ccc(N=Nc2c(S(=O)(=O)[O-])cc3cc(Nc4nc(Cl)nc(Cl)n4)ccc3c2O)cc1.[Na+].[Na+],-1.5783823574
O=c1n(CCO)c(=O)n(CCO)c(=O)n1CCO,0.3403663284
C=CC(=O)OCCn1c(=O)n(CCOC(=O)C=C)c(=O)n(CCOC(=O)C=C)c1=O,-2.4514194624
C=CCn1c(=O)n(CC=C)c(=O)n(CC=C)c1=O,-1.8526019693
O=c1n(Cl)c(=O)n(Cl)c(=O)n1Cl,-1.2871
O=c1[nH]c(=O)[nH]c(=O)[nH]1,-1.8076460763
COc1cc(OC)c2c(c1Cl)OC1(C2=O)C(C)CC(O)CC1O,-2.34
CCc1nn(C)c(C(=O)NCc2ccc(C(C)(C)C)cc2)c1Cl,-5.1086
NC(=O)c1cn(Cc2c(F)cccc2F)nn1,-3.5
Cc1ccc(OCC(=O)NC2C(=O)N3C2SC(C)(C)C3C(=O)O)cc1,-3.15
CC1(C)SC2C(NC(=O)COc3ccccc3)C(=O)N2C1C(=O)O,-2.81
CC1COC(Cn2cncn2)(c2ccc(Oc3ccc(Cl)cc3)cc2Cl)O1,-4.91
Nc1c(S(=O)(=O)O)cc(Nc2ccc(S(=O)(=O)O)c(Nc3nc(Cl)nc(Cl)n3)c2)c2c1C(=O)c1ccccc1C2=O,0.1956
CCC1(CC)C(=O)NC(=S)NC1=O,-2.32
CCCCC1(CCO)C(=O)NC(=S)NC1=O,-2.17
CCCCCC1(CC)C(=O)NC(=S)NC1=O,-3.71
CCCC(C)C1(CC)C(=O)NC(=S)NC1=O,-3.6
CCCCCCC1(CC)C(=O)NC(=S)NC1=O,-4.08
CC(C)CCC1(CCO)C(=O)NC(=S)NC1=O,-2.56
CC(C)CC1(CCO)C(=O)NC(=S)NC1=O,-2.62
CCC1(CCO)C(=O)NC(=S)NC1=O,-1.47
CCCC1(CCO)C(=O)NC(=S)NC1=O,-1.61
C=CCC1(C(C)CCC)C(=O)NC(=S)NC1=O,-3.4585
CCCC1(CC)C(=O)NC(=S)NC1=O,-2.8
CCCCCC1(CCO)C(=O)NC(=S)NC1=O,-2.38
CCCC(C)CC1(CCO)C(=O)NC(=S)NC1=O,-3.09
CCC(CC)CC1(CCO)C(=O)NC(=S)NC1=O,-3.14
CCCCC1(CC)C(=O)NC(=S)NC1=O,-3.14
Nc1nc(N)nc(N)n1.O=c1[nH]c(=O)[nH]c(=O)[nH]1,-4.9755135023
CC1c2nc3ccccc3c(=O)n2CN1Cc1ccccc1,-4.0
Nc1ccc(S(=O)(=O)N=C2CC=CN2)cc1,-1.69
C1CC(COCC2CO2)CCC1COCC1CO1,-1.8357972344
O=c1[nH]c(=S)c2[nH]c(=O)[nH]c2[nH]1,-4.04
CC(C)Nc1nc(Cl)nc(NC2CC2)n1,-3.5185
Nc1nc(N)nc(NC2CC2)n1,-1.179
CC1=NN(c2ccc(S(=O)(=O)[O-])cc2)C(=O)C1N=Nc1ccc(C)c(S(=O)(=O)Nc2ccccc2)c1.[Na+],-0.8725523685
CC1CCC(=O)N1c1ccccc1,-0.8457
O=C1C(Cl)C(CCl)CN1c1cccc(C(F)(F)F)c1,-4.05
C[Si]1(C)O[Si](C)(C)O[Si](C)(C)O[Si](C)(C)O[Si](C)(C)O1,-7.3387
Cc1cccc(C)c1N(Cn1cccn1)C(=O)CCl,-2.8102
CCn1c(O)c(N=Nc2ccc(Cl)cc2[N+](=O)[O-])c(C)c(C#N)c1=O,-6.69
CCCCC(CC)CNS(=O)(=O)c1ccc(N=Nc2c(C)c(C#N)c(=O)n(CCCC)c2O)cc1,-8.797313426799999
COCCCN1C(=O)c2ccc3c(=O)n4c5ccc(C)cc5nc4c4ccc(c2c34)C1=O,-6.7715099068
COc1ccc(N2CCN(c3ccc(-n4cn[nH]c4=O)cc3)CC2)cc1,-6.4889092646
CCC(C)n1ncn(-c2ccc(N3CCN(c4ccc(O)cc4)CC3)cc2)c1=O,-4.8285219564
CC(Cc1ccc(C(C)(C)C)cc1)CN1CC(C)OC(C)C1,-2.4821
CC(Cc1ccc(C(C)(C)C)cc1)CN1C[C@H](C)O[C@H](C)C1,-4.8487
CCN1c2ncccc2C(=S)N(C)c2cccnc21,-4.634
Cc1c(C(C)C)c(=O)n(-c2ccccc2)n1C,-1.91
CCCCNC(=O)Nc1c(C)n(C)n(-c2ccccc2)c1=O,-1.63
Cc1c(N(C)C)c(=O)n(-c2ccccc2)n1C,-0.6286
Cc1c(N)c(=O)n(-c2ccccc2)n1C,0.31
Cc1cc(=O)n(-c2ccccc2)n1C,-0.5642
Cc1c(NC(N)=O)c(=O)n(-c2ccccc2)n1C,-1.52
CCNC(=O)Nc1c(C)n(C)n(-c2ccccc2)c1=O,-1.83
CS(=O)c1ccc2oc3ccc(C(=O)O)cc3c(=O)c2c1,-5.02
COc1cc(O)c2c(=O)c3cc(O)ccc3oc2c1,-2.93
CSc1ccc2oc3ccc(C(=O)O)cc3c(=O)c2c1,-5.32
Cc1cc(C)cc(OP(=O)(Oc2cc(C)cc(C)c2)Oc2cc(C)cc(C)c2)c1,-7.312230264299999
O=[N+]([O-])c1ccc(OP(=O)(Oc2ccccc2)Oc2ccccc2)cc1,-4.96
Cc1cc(O)ccc1OP(=O)(Oc1cc(O)ccc1C)Oc1c(C)cccc1O,-6.7
Cc1ccc(OP(=O)(Oc2ccccc2)Oc2ccccc2)cc1,-6.1517
Cc1ccc(OP(=O)(Oc2ccccc2)Oc2ccccc2C)cc1,-6.3733
Cc1ccc(OP(=O)(Oc2cccc(C)c2)Oc2ccccc2C)cc1,-6.01
O=P(Oc1ccccc1)(Oc1ccccc1)Oc1ccccc1,-5.66
CC(C)(C)c1ccc(OP(=O)(Oc2ccccc2)Oc2ccccc2)cc1,-5.0774
Cc1ccc(OP(=O)(Oc2ccc(C)cc2)Oc2ccc(C)cc2)cc1,-6.0892
CC(C)c1ccc(OP(=O)(Oc2ccc(C(C)C)cc2)Oc2ccc(C(C)C)cc2)cc1,-6.1371343954
CC(C)c1ccccc1OP(=O)(Oc1ccccc1)Oc1ccccc1,-5.2239
CCOP(=O)(SC(C)CC)N1CCSC1=O,-1.4589
O=C([O-])c1ccccc1-c1c2cc(Br)c(=O)c(Br)c-2oc2c(Br)c([O-])c(Br)cc12.O=C([O-])c1ccccc1-c1c2cc(Br)c(=O)c(Br)c-2oc2c(Br)c([O-])c(Br)cc12.O=C([O-])c1ccccc1-c1c2cc(Br)c(=O)c(Br)c-2oc2c(Br)c([O-])c(Br)cc12.[Al+3].[Al+3],-7.1435627019000005
O=C([O-])c1c(Cl)c(Cl)c(Cl)c(Cl)c1-c1c2cc(Br)c(=O)c(Br)c-2oc2c(Br)c([O-])c(Br)cc12.O=C([O-])c1c(Cl)c(Cl)c(Cl)c(Cl)c1-c1c2cc(Br)c(=O)c(Br)c-2oc2c(Br)c([O-])c(Br)cc12.O=C([O-])c1c(Cl)c(Cl)c(Cl)c(Cl)c1-c1c2cc(Br)c(=O)c(Br)c-2oc2c(Br)c([O-])c(Br)cc12.[Al+3].[Al+3],-6.4900690111
C1CC(N2CCOCC2)CCN1,-2.9027228224
CC1NC(=O)c2ccccc2NC1=O,-2.38
O=C1CNC(=O)c2cc(Cl)ccc2N1,-3.05
CC1NC(=O)c2ccccc2N(CC(O)C(O)C(O)CO)C1=O,-1.51
O=C1NCC(=O)N(CC(O)C(O)C(O)CO)c2ccccc21,-1.46
O=C1CNC(=O)c2ccccc2N1,-2.85
CC(C)OC(=O)C(C)N(C(=O)c1ccccc1)c1ccc(F)c(Cl)c1,-4.3056
Cc1cccc(NC(=O)c2ccccc2C(=O)O)c1,-2.407
COc1ccc(C(=O)Nc2ccc(C(N)=O)cc2)cc1[N+](=O)[O-],-4.6536052692
COC(=O)C(C)N(C(=O)c1ccccc1)c1ccc(F)c(Cl)c1,-3.982
NC(=O)c1ccc(NC(=O)c2ccc(N)cc2)cc1,-4.9156499936
Cc1cccc(C)c1NC(=O)c1cc(S(N)(=O)=O)c(Cl)cc1O,-3.9
O=C(O)c1ccccc1C(=O)Nc1ccccc1,-4.0814
O=C(c1ccccc1I)N(O)c1ccccc1,-3.5304
CC(C)Oc1cccc(NC(=O)c2ccccc2C(F)(F)F)c1,-4.6947
Cc1ccc(C(=O)Nc2ccc(S(=O)(=O)[O-])cc2)cc1[N+](=O)[O-].[Na+],-1.232035998
O=C(Nc1ccc(Cl)cc1)c1cc([N+](=O)[O-])ccc1O,-5.122000000000001
O=C(Nc1ccc(Cl)cc1)c1cccc([N+](=O)[O-])c1O,-4.5452
CN(C)C(=O)N(C(=O)c1ccccc1)c1ccc(Cl)c(Cl)c1,-4.3238
O=C(c1cccc(F)c1)N(O)c1ccccc1,-2.6
Cc1ccc(C(=O)N(O)c2ccc(Cl)cc2)cc1,-4.42
O=C(Nc1ccccc1)c1ccccc1O,-3.5885
CCOc1cc(NC(=O)c2ccccc2)c(OCC)cc1N,-2.4057571965
Cc1ccccc1N(O)C(=O)c1cccc(F)c1,-2.53
COc1cc(OC)cc(C(=O)N(O)c2ccccc2)c1,-3.1
Cc1cccc(N(O)C(=O)c2ccc(Cl)cc2Cl)c1,-4.47
Cc1ccccc1N(O)C(=O)c1ccc(Cl)cc1Cl,-4.17
COc1cc(OC)cc(C(=O)N(O)c2ccccc2C)c1,-3.65
COc1cc(OC)cc(C(=O)N(O)c2cccc(C)c2)c1,-3.61
Cc1ccccc1C(=O)Nc1cccc(OC(C)C)c1,-4.3265
COc1ccc(C(=O)Nc2ccccc2)cc1[N+](=O)[O-],-4.9878258088
O=C(c1cc([N+](=O)[O-])cc([N+](=O)[O-])c1)N(O)c1ccccc1,-3.6367
COc1ccc(C(=O)Nc2ccccc2)cc1N,-3.86580004
CC(C(=O)O)N(C(=O)c1ccccc1)c1ccc(F)c(Cl)c1,-4.2474
O=C(Nc1ccccc1)c1ccccc1I,-4.2084
COC(=O)c1ccc(NC(=O)c2cc(Cl)ccc2Cl)cc1N,-5.7900649855
CC(=O)NS(=O)(=O)c1ccc(NC(=O)c2ccccc2C(=O)O)cc1,-2.52
O=C(c1ccccc1)N(O)c1ccccc1,-2.73
O=C(Nc1ccc([N+](=O)[O-])cc1Cl)c1cc(Cl)ccc1O,-5.3106
CCOC(=O)C(C)N(C(=O)c1ccccc1)c1ccc(Cl)c(Cl)c1,-4.2627
COC(=O)c1ccc(C(=O)Nc2cc(Cl)ccc2Cl)cc1[N+](=O)[O-],-5.965154646
CC(=O)Oc1ccc(NC(=O)c2ccccc2)cc1,-4.14
CC(=O)Nc1ccc(C(=O)Nc2ccc(OC(C)=O)cc2)cc1,-4.41
O=C(c1ccc(Cl)cc1Cl)N(O)c1ccccc1,-3.6723
Cc1ccc(C(=O)Nc2ccc(S(=O)(=O)[O-])cc2)cc1N.[Na+],-0.9492775868
CC(C)OC(=O)[C@H](C)N(C(=O)c1ccccc1)c1ccc(F)c(Cl)c1,-4.561
O=C(O)c1c(Cl)c(Cl)c(Cl)c(Cl)c1C(=O)Nc1cccc(Cl)c1Cl,-4.5051
COC(=O)[C@@H](C)N(C(=O)c1ccccc1)c1ccc(F)c(Cl)c1,-4.3219
CC(C)OC(=O)[C@@H](C)N(C(=O)c1ccccc1)c1ccc(F)c(Cl)c1,-4.4817
NCCO.O=C(Nc1ccc([N+](=O)[O-])cc1Cl)c1cc(Cl)ccc1O,-3.5891
CCOc1ccccc1C(=O)N(O)c1ccccc1,-3.37
NC(=O)c1ccc(NC(=O)c2ccc([N+](=O)[O-])cc2)cc1,-4.9367254155
O=c1cnc2ncncc2[nH]1,-2.71
CCN1C(=O)C(C#N)=C(C)/C(=N/Nc2ccccc2[N+](=O)[O-])C1=O,-6.815976001
CC1=C(C#N)C(=O)N(C)C(=O)/C1=N/Nc1ccc(Cl)c(Cl)c1,-6.9257837823
CCCCC(CC)CNC(=O)c1ccc(N/N=C2\C(=O)N(C)C(=O)C(C#N)=C2C)cc1,-7.0248108563
CCN1C(=O)C(C#N)=C(C)/C(=N\Nc2ccc(Cl)cc2[N+](=O)[O-])C1=O,-4.96733793
O=C1CCCCC1C1=CCCCC1,-2.774
CC1CCCCN1CCCOC(=O)c1ccc(Cl)c(Cl)c1,-4.2178
O=C1CCN(c2ccccc2)N1,-1.1448233011
CCOP(=O)(Cc1ccc(-c2nc3ccccc3s2)cc1)N1CCCC1=O,-3.73
O=c1c2cccc3cccc(c32)c2nc3cccc4cccc(c43)n12,-7.204596088300001
Cc1ncc(C[n+]2csc(CCO)c2C)c(N)n1.[Cl-],0.2207
CN1CC(O)N(c2nnc(C(C)(C)C)s2)C1=O,-1.8773
CC(C)Oc1ccc(C(=O)NS(=O)(=O)c2ccc(N)cc2)cc1,-4.3
Nc1ccc(S(=O)(=O)NC(=O)c2ccccc2)cc1,-2.9501
CCC(=O)N(c1ccccc1)C1(COC)CCN(CCc2cccs2)CC1,-3.7064
CN1CCN(C2=Nc3cc(Cl)ccc3Nc3ccccc32)CC1,-4.64
CC(C)(C)NC(=O)[C@@H]1C[C@@H]2CCCC[C@H]2C[NH2+]1,-2.1616093611
CC(=O)OC1(C(C)=O)CCC2C3C=C(Cl)C4=CC(=O)C=CC4(C)C3CCC21C,-4.9453
Cc1ccnc2c1NC(=O)c1cccnc1N2C1CC1,-3.19
CC(C(=O)O)c1ccc(N2Cc3ccccc3C2=O)cc1,-4.72
C1N2CN3CN1CN(C2)C3,0.7924026819
COc1ccccc1OCCNCC(O)COc1cccc2[nH]c3ccccc3c12,-4.26
CSCS(=O)CC(CO)NC(=O)C=Cc1c(C)[nH]c(=O)[nH]c1=O,-1.981
CCC(C)n1c(=O)[nH]c(C)c(Br)c1=O,-2.5057
Cc1[nH]c(=O)n(C(C)C)c(=O)c1Br,-2.0604
CCCC(=O)n1c(=O)[nH]cc(F)c1=O,-1.28
Cc1[nH]c(=O)[nH]c(=O)c1CC(=O)O,-2.31
Cn1cc([N+](=O)[O-])c(=O)[nH]c1=O,-1.9977
CCC(=O)OCn1c(=O)[nH]cc(F)c1=O,-0.77
Cc1cc(=O)[nH]c(=O)[nH]1,-1.2557
Nc1c[nH]c(=O)[nH]c1=O,-2.41
CCCNC(=O)n1cc(F)c(=O)[nH]c1=O,-1.83
CCCCC(=O)n1c(=O)[nH]cc(F)c1=O,-2.3
O=C(O)Cc1c[nH]c(=O)[nH]c1=O,-1.6287
CC(C)(C)C(=O)OCn1cc(F)c(=O)n(COC(=O)C(C)(C)C)c1=O,-3.9
O=c1cc[nH]c(=O)[nH]1,-1.48
Cn1c(N)c(NC=O)c(=O)n(C)c1=O,-1.1831208545999998
CC(=O)OCn1cc(F)c(=O)n(COC(C)=O)c1=O,-1.81
CCCC(=O)OCn1c(=O)[nH]cc(F)c1=O,-1.13
CCCCCCCCNC(=O)n1cc(F)c(=O)[nH]c1=O,-4.18
CNC(=O)n1cc(F)c(=O)[nH]c1=O,-2.28
CCC(=O)n1c(=O)[nH]cc(F)c1=O,-0.7
COC(=O)n1cc(F)c(=O)[nH]c1=O,-0.91
CC(=O)OCn1cc(F)c(=O)[nH]c1=O,-0.67
CCCCC(=O)OCn1c(=O)[nH]cc(F)c1=O,-1.66
CC(=O)OCn1c(=O)[nH]cc(F)c1=O,-1.2
O=c1[nH]cc(Br)c(=O)[nH]1,-2.3698
CCNC(=O)n1cc(F)c(=O)[nH]c1=O,-2.13
CCCCCCCC(=O)OCn1c(=O)[nH]cc(F)c1=O,-3.29
Cn1c(N)cc(=O)n(C)c1=O,-1.4535787311
CCOC(=O)OCn1c(=O)[nH]cc(F)c1=O,-1.46
CCOC(=O)n1cc(F)c(=O)[nH]c1=O,-1.47
CN(C)C(=O)n1cc(F)c(=O)[nH]c1=O,-1.53
Cc1[nH]c(=O)n(C(C)(C)C)c(=O)c1Cl,-2.4845
CCC(=O)OCn1cc(F)c(=O)[nH]c1=O,-0.81
CCOC(=O)n1c(=O)[nH]cc(F)c1=O,-0.45
CC(C)(C)C(=O)OCn1cc(F)c(=O)[nH]c1=O,-2.03
C=C(C)Cn1c(N)cc(=O)n(C)c1=O,-0.9895
CCCC(=O)OCn1cc(F)c(=O)[nH]c1=O,-1.31
CCCCCC(=O)OCn1c(=O)[nH]cc(F)c1=O,-2.11
O=c1[nH]cc(NS(=O)(=O)O)c(=O)[nH]1,-1.77
O=C(O)c1cc(=O)[nH]c(=O)[nH]1,-1.93
CCCCOC(=O)n1cc(F)c(=O)[nH]c1=O,-1.59
CC(=O)n1cc(F)c(=O)[nH]c1=O,-0.6
CCc1c[nH]c(=O)[nH]c1=O,-1.9424
CC(C)COC(=O)n1cc(F)c(=O)[nH]c1=O,-1.89
O=C(O)c1c[nH]c(=O)[nH]c1=O,-1.9381
O=C(OCCCl)n1cc(F)c(=O)[nH]c1=O,-1.91
CC(=O)n1c(=O)[nH]cc(F)c1=O,-0.6
CCCCCCOC(=O)n1cc(F)c(=O)[nH]c1=O,-2.24
CCCCNC(=O)n1cc(F)c(=O)[nH]c1=O,-2.4464
O=c1[nH]cc(F)c(=O)[nH]1,-1.0689
Cc1c[nH]c(=O)[nH]c1=O,-1.5187
Cn1ccc(=O)[nH]c1=O,-0.7998
CN(C)C(=O)C(CCN1CCC(O)(c2ccc(Cl)cc2)CC1)(c1ccccc1)c1ccccc1.[Cl-].[H+],-4.6731215617
c1cncc([C@@H]2CCCCN2)c1,0.7898
CC1(C)OC(c2ccco2)CN1C(=O)C(Cl)Cl,-3.1498
CN1CCCC1c1cccnc1,0.79
CN1CCC[C@H]1c1cccnc1,0.7898
O=c1[nH]c2c(c(=O)n1C1CCCCC1)CCC2,-4.5916
CCOc1cc(C(C)(C)C)ccc1C1COC(c2c(F)cccc2F)=N1,-6.6782
CCN(CC)c1ccc2c(C#N)c(-c3nc4ccccc4s3)c(=O)oc2c1,-8.0974343241
C[N+](C)=C1OCCC1(c1ccccc1)c1ccccc1.[Br-],-2.5265751338
CCCc1onc(C)c1N=C1C=C(O)C(=O)c2ccccc21,-3.7
CCc1onc(C)c1N=C1C=C(O)C(=O)c2ccccc21,-2.72
Cc1noc(C)c1N=C1C=C(O)C(=O)c2ccccc21,-3.89
CCCCCc1onc(C)c1N=C1C=C(O)C(=O)c2ccccc21,-3.18
O=C(O)c1ccc(P(=O)(O)c2ccccc2)cc1,-4.07
CC(C)Oc1cc(-n2nc(C(C)(C)C)oc2=O)c(Cl)cc1Cl,-5.54
C#CCOc1cc(-n2nc(C(C)(C)C)oc2=O)c(Cl)cc1Cl,-5.9648
CN(C)C(=O)Nc1ccc(-n2nc(C(C)(C)C)oc2=O)c(Cl)c1,-4.3258
O=c1c2ccccc2c(=O)c2c1ccc1[nH]c3c(ccc4c(=O)c5ccccc5c(=O)c43)[nH]c12,-7.946874563300001
CC(=O)c1cc2ccccc2o1,-2.5484883965000003
COc1c(C(=O)O)oc2ccccc12,-2.8857
CN(C)[C@@H]1C(=O)/C(=C(\N)O)C(=O)[C@@]2(O)C(=O)C3=C(O)c4c(O)ccc(Cl)c4[C@@H](O)[C@H]3C[C@@H]12.[Cl-].[H+],-1.0469016509
CN(C)[C@@H]1C(=O)/C(=C(\N)O)C(=O)[C@@]2(O)C(=O)C3=C(O)c4c(O)cccc4[C@@](C)(O)[C@H]3C[C@@H]12,-3.284
C/C=C(/C)C(=O)O[C@H]1CC[C@@]2(C)[C@@H]3CC[C@@H]4[C@@]2(C[C@@]2(O)[C@@H]5CN6C[C@@H](C)CC[C@H]6[C@@](C)(O)[C@@]5(O)[C@@H](O)C[C@@]42O)O[C@]13O,-3.0163
c1ccc2c(NCCCN3CCOCC3)cccc2c1,-2.702803349
C#CC1(OC(=O)c2ccc(-c3ccccc3)cc2)CCC2C3CCC4=CC(=O)CCC4C3CCC21C,-8.11
CCN1C(=O)c2ccccc2Oc2ccccc21,-3.68
Cc1ccc2c(c1)C(=O)N(C)c1cc(N)ccc1O2,-3.928
COc1ccc(-c2c(Cl)ncn2-c2ccc(S(=O)(=O)NP(=O)(O)O)cc2)cc1F,-2.55
CC1=NN(c2ccccc2)C(=N)/C1=N/Nc1cc(Cl)c(S(=O)(=O)[O-])cc1Cl.[Li+],-1.2370685249
CC(=O)C1=C(C)C2CC3(C1)C(C)CCC3C2(C)C,-4.6134788776
O=C(Oc1cccc(N=C=S)c1)c1cccnc1,-4.3
CC1(C)SC2C(NC(=O)C3(N)CCCCC3)C(=O)N2C1C(=O)O,-1.04
CN(C)CCN(Cc1ccccc1)c1ccccn1,-2.64
Cc1cccc(C)c1NC(=O)C[NH+]1CC[NH2+]CC1,0.4432827885
Cc1onc(NS(=O)(=O)c2ccc(N)cc2)c1C,-2.19
Cc1cc(NS(=O)(=O)c2ccc(N)cc2)no1,-2.6183
NC(=O)Nc1cc(Nc2nc(Cl)nc(Nc3ccc(-c4ccc(Nc5nc(Cl)nc(Nc6ccc(N=Nc7cc8c(S(=O)(=O)[O-])cc(S(=O)(=O)[O-])cc8cc7S(=O)(=O)[O-])c(NC(N)=O)c6)n5)cc4S(=O)(=O)[O-])c(S(=O)(=O)[O-])c3)n2)ccc1N=Nc1cc2c(S(=O)(=O)[O-])cc(S(=O)(=O)[O-])cc2cc1S(=O)(=O)[O-].[Na+].[Na+].[Na+].[Na+].[Na+].[Na+].[Na+].[Na+],-1.4981682805
CNC(=O)N(C)c1nnc(C(F)(F)F)s1,-2.0584
COC(CN(C)C(=O)Nc1nnc(C(C)(C)C)s1)OC,-1.8678
CNC(=O)N(C)c1nnc(C(C)(C)CCl)s1,-2.47
CN(CC(=O)Nc1nnc(S(N)(=O)=O)s1)C(=N)N,-1.14
CNC(=O)N(C)c1nnc(C(C)(C)C)s1,-1.997
CC(=O)Nc1nnc(S(N)(=O)=O)s1,-2.44
CN(C)S(=O)(=O)Nc1nnc(S(N)(=O)=O)s1,-2.68
CCS(=O)(=O)c1nnc(N(C)C(=O)NC)s1,-1.945
CN(CC(=O)NCCC(=O)Nc1nnc(S(N)(=O)=O)s1)C(=N)N,-1.13
CS(=O)(=O)Nc1nnc(S(N)(=O)=O)s1,-1.68
COc1nn(CSP(=S)(OC)OC)c(=O)s1,-3.1
COc1ccc(C(=O)c2coc(S(N)(=O)=O)c2)cc1,-4.1481
O=C(O)c1cc2ccccc2c(Cc2c(O)c(C(=O)O)cc3ccccc23)c1O.[Na],-0.9807588825
CC(=O)C(N=Nc1ccc(C(=O)Nc2ccc(C(N)=O)cc2)cc1)C(=O)Nc1ccc2[nH]c(=O)[nH]c2c1,-6.672808805599999
CN1CC[C@]23c4c5ccc(OCCN6CCOCC6)c4O[C@H]2[C@@H](O)C=CC3[C@H]1C5,-1.2994
CCCCc1nc(Cl)c(CO)n1Cc1ccc(-c2ccccc2-c2nnn(C(c3ccccc3)(c3ccccc3)c3ccccc3)n2)cc1,-6.4612511717
Nc1nc2nc[nH]c2c(=O)[nH]1,-4.43
COc1cc2c(N)nc(N3CCN(C(=O)OCC(C)(C)O)CC3)nc2c(OC)c1OC,-3.64
C[c-]1cccc1.[C-]#[O+].[C-]#[O+].[C-]#[O+].[Mn],-3.8762
COCCOCCCn1c(=O)c2c(N)c3c(=O)c4ccccc4c(=O)c3c(N)c2c1=O,-8.2650486602
COCCCn1c(=O)c2c(N)c3c(=O)c4ccccc4c(=O)c3c(N)c2c1=O,-7.323792769
Cc1nn(C)c(Oc2ccccc2)c1/C=N/OCc1ccc(C(=O)OC(C)(C)C)cc1,-7.4604
NN=c1nc[nH]c2nccnc12,-1.8632
c1ccc(CNCc2ccccc2)cc1,-2.6876302374
CCOC(=O)COc1cc(-c2nn(C)c(OC(F)F)c2Cl)c(F)cc1Cl,-5.6161
CC(C)OC(=O)c1cc(-c2nn(C)c(C(F)(F)F)c2Br)c(F)cc1Cl,-6.9227
Nc1ccc(S(=O)(=O)Nc2ccnn2-c2ccccc2)cc1,-2.3213
O=C1CN(/N=C/c2ccc([N+](=O)[O-])o2)C(=O)N1,-3.38
O=C1CN(/N=C/c2ccc([N+](=O)[O-])o2)C(=O)N1CO,-2.91
O=C1CN(N=Cc2ccc([N+](=O)[O-])o2)C(=O)N1,-3.38
CN1CCCN(C)C1=O,0.8921966739
CC(C)C(C(=O)O)N1CCCNC1=O,-1.1028619258
CC1CC(NC(N)=O)NC(=O)N1,-1.5314234319
c1ccc2c(c1)ccc1ncccc12,-3.3574
CCOc1cc2c(cc1NC(=O)c1ccccc1)Oc1c(NC(C)=O)c3c(c(NC(C)=O)c1=N2)Oc1cc(NC(=O)c2ccccc2)c(OCC)cc1N=3,-7.861382650099999
CCn1nc2cc(-c3cc4c5c(n(CC)nc5c3)-c3ccccc3C4=O)cc3c2c1-c1ccccc1C3=O,-4.3931837232
O=c1c2ccccc2[nH]c2cc3c(=O)c4ccccc4[nH]c3cc12,-7.481773695499999
O=c1c2cc(Cl)ccc2[nH]c2cc3c(=O)c4cc(Cl)ccc4[nH]c3cc12,-7.4198053963
O=c1c2ccccc2[nH]c2cc3c(=O)c4c(Cl)c(Cl)ccc4[nH]c3cc12,-7.0666256459
O=c1c2cc3[nH]c4c(Cl)cccc4c(=O)c3cc2[nH]c2c(Cl)cccc12,-6.4573217576
Cc1ccc2[nH]c3cc4c(=O)c5cc(C)ccc5[nH]c4cc3c(=O)c2c1,-7.7837785588
C=C(CC(C)(C)c1ccccc1)c1ccccc1,-6.0118424704
Clc1cc(Cl)c2c(c1Cl)C1=NC2N=C2c3c(Cl)c(Cl)c(Cl)c(Cl)c3C3N=C4N=C(N=c5c6c(Cl)c(Cl)c(Cl)c(Cl)c6c(n5[Cu]N23)=N1)c1c(Cl)c(Cl)c(Cl)c(Cl)c14,-9.039324078
O=C(Cn1ccnc1[N+](=O)[O-])NCc1ccccc1,-2.813
O=C(O)C1CC1C(=O)Nc1ccc(Cl)cc1Cl,-3.8697
Cn1c(=O)c2ncnnc2n(C)c1=O,-1.9849
CC(C)CC(NC(=S)Nc1ccccc1)C(=O)NC1CCOC1O,-2.37
CCOC(=O)C1=CC2(CC)CCCN3CCc4c(n1c1ccccc41)C32,-4.84
CC1=C/C(=C(\c2ccc(N)c(S(=O)(=O)[O-])c2)c2ccc(N)c(S(=O)(=O)O)c2)C=C(S(=O)(=O)[O-])C1=N.[Na+].[Na+],-1.7675632436000002
CC(=O)O.CCN=C1C=CC(=C(c2ccc(NCC)c(C)c2)c2ccc(NCC)c(C)c2)C=C1C,-1.0232212865
CC1=CC(=C(c2ccc(N)cc2)c2ccc(N)cc2)C=CC1=N.[Cl-].[H+],-2.1054831912
O=C1OC(c2ccc(Br)cc2)C(Br)C1=O,-3.05
c1ccc2c(c1)ccc1c2ccc2c3ccccc3ccc21,-7.87
COc1c2occc2c(CN)c2ccc(=O)oc12,-0.9
O=c1ccc2cc3ccoc3c(O)c2o1,-3.22
O=c1ccc2cc3ccoc3cc2o1,-3.74
Cc1coc2cc3oc(=O)c(N)cc3cc12,-5.08
COc1c2ccoc2cc2oc(=O)ccc12,-3.6
Cc1cc2cc3c(C)cc(=O)oc3c(C)c2o1,-5.28
COc1c2occc2cc2ccc(=O)oc12,-3.52
COc1cc2cc3c(C)coc3cc2oc1=O,-5.0
COC(=O)c1cc2cc3c(C)coc3c(C)c2oc1=O,-4.9
Cc1cc2cc3c(C)cc(=O)oc3cc2o1,-5.23
COC(=O)c1cc2cc3c(C)cc(=O)oc3c(C)c2o1,-5.16
CC1CC(C)(C)OC(Cc2ccccc2)O1,-2.7446854432
CCOC(=O)/C(=N/Nc1ccc([N+](=O)[O-])cc1)C(=O)c1nn2c(nc(=O)c3ccccc32)s1,-2.2216330999
CCCN1CCn2c(nc3ccccc3c2=O)C1C,-2.31
CCN1CCn2c(nc3ccccc3c2=O)C1C,-2.5
CCN1CC(C)n2c(nc3ccccc3c2=O)C1C,-2.46
CCCN1CC(C)n2c(nc3ccccc3c2=O)C1C,-2.24
CC1c2nc3ccccc3c(=O)n2C(C)CN1C,-2.09
O=S(=O)([O-])c1ccc2c(N=Nc3ccc(-c4ccc(N=Nc5c([O-])c(S(=O)(=O)[O-])cc6cc(S(=O)(=O)[O-])ccc56)c([O-])c4)cc3[O-])c([O-])c(S(=O)(=O)[O-])cc2c1.[Cu+2].[Cu+2].[Na+].[Na+].[Na+].[Na+],-1.6074287478
c1ccc2cc3c4ccccc4c4ccccc4c3cc2c1,-8.2405
N#CC(=C1CCCCC1)c1ccccc1,-4.4200239973
CC[N+](CC)(CC(=O)Nc1c(C)cccc1C)Cc1ccccc1.O=C([O-])c1ccccc1,-1.020958606
NS(=O)(=O)c1cc2c(s1)C(O)CCS2,-2.25
O=C1OC(=O)c2ccc3c4ccc5c6c(ccc(c7ccc1c2c73)c64)C(=O)OC5=O,-5.5936426625
CN(C)c1nc(=O)n(C2CCCCC2)c(=O)n1C,-0.8834
O=C1C(=C2Nc3ccccc3C=C2O)C(=O)c2ccccc21,-7.0463600735
Cn1c2ccccc2c(=O)c2ccccc21,-4.46
C1CCC(NCCNC2CCCCC2)CC1,-0.98
Clc1ccc(CSC(Cn2cncn2)=Nc2ccc(Cl)cc2Cl)cc1,-5.3842
CS(=O)(=O)c1ccc(C(=O)C2C(=O)CCCC2=O)c(Cl)c1,-3.2994
O=C(CCCCC(=O)Nc1c(I)cc(I)c(C(=O)O)c1I)Nc1c(I)cc(I)c(C(=O)O)c1I,-3.39
Nc1ccc2c(c1)C=C(S(=O)(=O)O)/C(=N/Nc1ccc(N=Nc3ccc(S(=O)(=O)O)cc3)cc1)C2=O.OCCN(CCO)CCO.OCCN(CCO)CCO,-0.6359046156
CCOP(=O)(N=C1SCS1)OCC,-0.6835
O=C1NC(=O)c2cccc3cccc1c23,-4.6928315029
O=c1[nH]c2cc(N=Cc3c([O-])ccc4ccccc34)c(N=Cc3c([O-])ccc4ccccc34)cc2[nH]1.[Ni+2],-7.6266942296
O=c1[nH]sc2ccccc12,-1.9472895459
O=c1[nH]c2cncnc2[nH]1,-1.5141
O=Nc1ccc(NNC(=O)c2ccccc2)cc1,-4.6835
COc1cc2c(c3c1c(=O)c1ccccc1n3C)C=CC(C)(C)O2,-5.21
O=C([O-])c1ccccc1-c1c2cc(I)c(=O)c(I)c-2oc2c(I)c([O-])c(I)cc12.[Na+].[Na+],-1.0993150407
O=C([O-])c1ccccc1-c1c2ccc(=O)cc-2oc2cc([O-])ccc12.[Na+].[Na+],-1.5755053644
O=C([O-])c1ccccc1-c1c2cc(Br)c(=O)c(Br)c-2oc2c(Br)c([O-])c(Br)cc12.[Na+].[Na+],-0.8400175948
O=C(O)c1ccccc1-c1c2ccc(=O)cc-2oc2cc(O)ccc12,-3.82
CC(=O)N1CCN(C(=O)/C=C/c2ccc(Sc3ccc4c(c3)OCCO4)c(Cl)c2)CC1,-2.05
CCOc1cccc2c1C(=O)c1c(NC3CCCCC3)ccc(Nc3ccccc3S(=O)(=O)[O-])c1C2=O.[Na+],-1.9878367861
C#CCN1CC(=O)N(COC(=O)C2C(C=C(C)C)C2(C)C)C1=O,-3.5321
O=[N+]([O-])O[C@H]1CO[C@H]2[C@@H]1OC[C@H]2O[N+](=O)[O-],-2.6328
O[C@H]1CO[C@@H]2[C@H](O)CO[C@H]12,1.1774501829
O=[N+]([O-])OC1COC2C(O[N+](=O)[O-])COC12,-2.63
COC1COC2C(OC)COC12,1.0599918174
C1CCC([Sn](C2CCCCC2)C2CCCCC2)CC1.O,-5.59
CCCCC1CCC(C2CCC(=O)CC2)CC1,-6.3736456351
CCC1CCC(CCC(=O)[O-])C1.CCC1CCC(CCC(=O)[O-])C1.[Co+2],-3.1323831914
S=C(SSSSSSC(=S)N1CCCCC1)N1CCCCC1,-7.6317322062
O=C(/C=C/c1ccccc1)OCc1ccccc1,-4.8207960263
CC12CCCC1C1CCC3CC(=O)C(=O)CC3(C)C1CC2,-3.76
O=S1(=O)CCCC1,-0.079806903
O=c1cnc2c(=O)[nH]c(=O)[nH]c2[nH]1,-3.34
O=[N+]([O-])c1ccc(N=Nc2c(O)c(N=Nc3cc([N+](=O)[O-])cc([N+](=O)[O-])c3O)cc(N=Nc3cc(S(=O)(=O)[O-])cc4cc(S(=O)(=O)[O-])cc(O)c34)c2O)cc1.[Na+].[Na+],-0.9675670249
CCc1cc(N/N=C2/C(=O)C=Cc3ccccc32)c(S(=O)(=O)[O-])cc1Cl.CCc1cc(N/N=C2/C(=O)C=Cc3ccccc32)c(S(=O)(=O)[O-])cc1Cl.[Ba+2],-5.692860180299999
Cc1cc(N/N=C2\C(=O)C=Cc3ccccc32)c(S(=O)(=O)[O-])cc1Cl.Cc1cc(N/N=C2\C(=O)C=Cc3ccccc32)c(S(=O)(=O)[O-])cc1Cl.[Ba+2],-6.156487599
Cc1cc(N/N=C2\C(=O)C=Cc3ccccc32)c(S(=O)(=O)[O-])cc1Cl.Cc1cc(N/N=C2\C(=O)C=Cc3ccccc32)c(S(=O)(=O)[O-])cc1Cl.[Sr+2],-7.6228592843
CCCC1C(=O)N2C(N(C)C)=Nc3ccc(C)cc3N2C1=O,-3.5380000000000003
C[C@@H]1O[C@@H](O[C@@H]2[C@H](C)O[C@@H](O[C@H]3[C@H](OS(=O)(=O)O)[C@H](O[C@@H]4[C@H](C)O[C@@H](O)[C@@H](OS(=O)(=O)O)[C@@H]4OS(=O)(=O)O)O[C@@H](C)[C@H]3O)[C@@H](OS(=O)(=O)O)[C@@H]2OS(=O)(=O)O)[C@@H](OS(=O)(=O)O)[C@H](O[C@@H]2O[C@@H](C)[C@@H](O)[C@@H](OS(=O)(=O)O)[C@@H]2OS(=O)(=O)O)[C@@H]1O.O=C(O)[C@H]1O[C@@H](O[C@@H]2[C@@H](C(=O)O)O[C@@H](O)[C@@H](O)[C@H]2O)[C@@H](O)[C@@H](O)[C@@H]1O.OC[C@@H](O)[C@@H](O)[C@H](O)[C@H](O)CO,-0.5892058636
CCC1(CC)NC(=O)C(CC)(CC)NC1=O,-2.31
CCC1(C)NC(=O)C(C)(CC)NC1=O,-1.92
C[C@@H]1NC(=O)[C@@H](C)NC1=O,-0.1528
CC(C)CC1NC(=O)CNC1=O,-1.25
CC(C)C1NC(=O)CNC1=O,-0.8926
CC1NC(=O)CNC1=O,0.2903
O=C1CN(CO)C(=O)CN1CO,-0.4168
O=C1CNC(=O)CN1,-0.8312
CC1NC(=O)C(C)NC1=O,-0.75
O=C(Nc1ccccc1)Nc1cnns1,-3.85
O=C1C=CC(=O)N1c1ccc(Cc2ccc(N3C(=O)C=CC3=O)cc2)cc1,-5.9980085438
CC1C(NC(=O)/C(=N\OC(C)(C)C(=O)O)c2csc(N)n2)C(=O)N1S(=O)(=O)O,-1.64
Cc1cnc2nc[nH]c(=O)c2n1,-1.65
CCc1nc2nc(N)[nH]c(=O)c2nc1CC,-4.28
Cc1nc2nc[nH]c(=O)c2nc1C,-2.29
Cn1cnc2nccnc2c1=O,-1.07
Cc1cnc2c(=O)[nH]cnc2n1,-1.56
CCC(Cc1ccccc1)(C(=O)c1ccc(N2CCOCC2)cc1)N(C)C,-4.7932278922
CCC(Cc1ccc(C)cc1)(C(=O)c1ccc(N2CCOCC2)cc1)N(C)C,-5.1332331523
Cc1cc(C)nc(Oc2cc(C)n(C)n2)n1,-1.52
CC(=O)N1CCN(C(=O)/C=C/c2ccc(Sc3ccccc3C(C)C)c([N+](=O)[O-])c2)CC1,-2.7
O=C1/C(=N/Nc2ccccc2)C(S(=O)(=O)[O-])=Cc2cc(S(=O)(=O)[O-])cc(Nc3nc(Nc4ccc(/C=C/c5ccc(Nc6nc(Nc7cc(S(=O)(=O)[O-])cc8c7C(=O)/C(=N/Nc7ccccc7)C(S(=O)(=O)[O-])=C8)nc(N7CCOCC7)n6)cc5S(=O)(=O)[O-])c(S(=O)(=O)[O-])c4)nc(N4CCOCC4)n3)c21.[Na+].[Na+].[Na+].[Na+].[Na+].[Na+],-1.144796153
OC(c1ccc(Cl)cc1)(c1cncnc1)c1ccccc1Cl,-4.374
OC(c1ccc(F)cc1)(c1cncnc1)c1ccccc1Cl,-4.083
C[C@]12CC[C@H]3C(=CCc4cc(O)ccc43)[C@@H]1CCC2=O,-5.2795
CC12CCC3C(=CCc4cc(O)ccc43)C1CCC2=O,-4.99
CN(CCC#N)c1ccc(C=CC2=[N+](C)c3ccccc3C2(C)C)cc1.O=S(=O)([O-])[O-],-0.7741720686
CC(=O)[O-].CCN(CC)c1ccc(C=CC2=[N+](C)c3ccccc3C2(C)C)cc1,-0.9604187817
CCN(CC)c1ccc(C=CC2=[N+](C)c3ccccc3C2(C)C)cc1.O=P([O-])(O)O,-1.0004895677
CN(CCC#N)c1ccc(C=CC2=[N+](C)c3ccccc3C2(C)C)cc1.O=P([O-])(O)O,-0.9304018204
O=C(OC(=O)c1ccccc1)c1ccccc1,-4.3546
CCN1c2cc(N(C)C)cc(C)c2NC(=O)c2cccnc21,-4.871
CCN1c2cc(OC)cc(C)c2NC(=O)c2cccnc21,-5.153
CCN1c2cc(Cl)ccc2NC(=O)c2cccnc21,-5.36
CCN1c2ccccc2N(C)C(=O)c2cccnc21,-3.324
CN(C)S(=O)(=O)N=c1sc(S(N)(=O)=O)nn1C,-2.7
Cn1nc(S(N)(=O)=O)sc1=NS(=O)(=O)C(F)(F)F,-1.16
Cn1nc(S(N)(=O)=O)sc1=NS(C)(=O)=O,-2.05
CC(=O)N=c1sc(S(N)(=O)=O)nn1C,-1.92
CC1(c2ccc(Oc3ccccc3)cc2)OC(=O)N(Nc2ccccc2)C1=O,-6.8573
CC(=O)OCn1ncc2c(=O)[nH]cnc21,-2.56
CCC(=O)n1ncc2c(=O)[nH]cnc21,-2.81
CCN(CC)C(=O)CCC(=O)OCn1ncc2c(=O)[nH]cnc21,-0.99
CCCC(=O)OCn1cnc2c(cnn2COC(=O)CCC)c1=O,-3.83
CCN(CC)CC(=O)OCn1ncc2c(=O)[nH]cnc21,-1.79
CC(=O)n1ncc2c(=O)[nH]cnc21,-2.38
CCCC(=O)OCn1ncc2c(=O)[nH]cnc21,-2.83
CCCC(=O)n1ncc2c(=O)[nH]cnc21,-3.27
CC(C)(C)C(=O)OCn1ncc2c(=O)[nH]cnc21,-2.68
CC(C)(C)C(=O)OCn1cnc2c(cnn2COC(=O)C(C)(C)C)c1=O,-4.26
O=c1c2cnn(CO)c2ncn1CO,-1.72
O=C1OC(=O)c2cccc3cccc1c23,-6.2970532498
CC(C)=CC1C(C(=O)OCc2coc(Cc3ccccc3)c2)C1(C)C,-6.0524
CCCCN(CCCC)c1ccc2c(c1)Oc1cc(C)c(Nc3ccccc3)cc1C21OC(=O)c2ccccc21,-7.4042503575
O=P1(N(CCCl)CCCl)NCCCCO1,-0.9624
CCOP(=O)(OCC)SCn1nnc2ccccc2c1=O,-1.993
COP(=S)(OC)SCn1nnc2ccccc2c1=O,-4.04
CCOP(=S)(OCC)SCn1nnc2ccccc2c1=O,-4.5171
CC1=NN(c2cc(S(=O)(=O)[O-])ccc2Cl)C(=O)C1N=Nc1cc(Cl)ccc1Oc1ccccc1Cl.[Na+],-2.3162215849
Cc1ccccc1Oc1ccccc1N/N=C1/C(=O)c2c(cc(S(=O)(=O)[O-])cc2NC(=O)c2ccccc2)C=C1S(=O)(=O)[O-].[Na+].[Na+],-2.0506714672
Cc1cc(C)c(C(=O)P(=O)(c2ccccc2)c2ccccc2)c(C)c1,-5.010576791
Cc1ccc(S(=O)(=O)/C(C#N)=C/N2CC(=O)NC2=S)cc1,-3.5292992951
C=CC(=O)OCC1CC2CC1C1CCC(COC(=O)C=C)C21,-4.4930858187
O=CC1CCC2C3CCC(C3)C12,-2.4199676473
CC(=O)OC1CC2CC1C1CCCC21,-3.3380498278
OCC1CC2CC1C1CCC(CO)C21,-1.2515054899
CN(C)C(=O)NC1CC2CC1C1CCCC21,-3.01
O=C1C=CC(=O)C=C1.Oc1ccc(O)cc1,-1.7305
Cc1ccc(N=c2sccn2C)c(C)c1,-3.1630000000000003
Nc1nc2c(O)cccc2s1,-1.9196
NCC(=O)NCC(=O)OCCOc1ccc2nc(S(N)(=O)=O)sc2c1,-1.3
N#CSCSc1nc2ccccc2s1,-3.2803
CSc1nc2ccccc2s1,-3.1614
Clc1nc2ccccc2s1,-2.7325883752
O=C(O)CSc1nc2ccccc2s1,-3.2288979848
CCOc1ccc2nc(S(N)(=O)=O)sc2c1,-4.03
CC(C)(C)C(=O)Oc1ccc2nc(S(N)(=O)=O)sc2c1,-3.73
CNC(=O)N(C)c1nc2ccccc2s1,-3.5741
NS(=O)(=O)c1nc2ccccc2s1,-2.63
CNC(=O)Nc1nc2ccccc2s1,-4.2373
NS(=O)(=O)c1nc2ccc(O)cc2s1,-2.5
NC(N)=Nc1nc2ccccc2s1,-2.4412
CC(C)(C)NSc1nc2ccccc2s1,-5.136722389
CC(=O)Nc1ccc2nc(S(N)(=O)=O)sc2c1,-3.16
c1ccc2scnc2c1,-1.6538265258000002
CN(C)C(CSS(=O)(=O)c1ccccc1)CSS(=O)(=O)c1ccccc1,-5.76
CN(C)CCCOC1(Cc2ccccc2)CCCCCC1,-1.62
CCCC(=O)OCn1cc2c(=O)[nH]cnc2n1,-2.2
CCCC(=O)OCn1cc2c(=O)n(COC(=O)CCC)cnc2n1,-3.55
CC(C)(C)C(=O)OCn1cc2c(=O)[nH]cnc2n1,-2.17
CC(C)(C)C(=O)OCn1cc2c(=O)n(COC(=O)C(C)(C)C)cnc2n1,-3.91
CC(=O)OCn1cc2c(=O)n(COC(C)=O)cnc2n1,-1.99
C#CCOS(=O)OC1CCCCC1Oc1ccc(C(C)(C)C)cc1,-5.8457
CC(=O)[O-].CCN(CCO)c1ccc(N=Nc2sc3cc(OC)ccc3[n+]2C)cc1,-0.2262726911
CCN(CCO)c1ccc(N=Nc2sc3cc(OC)ccc3[n+]2C)cc1.[Cl-],-0.9467714818
CCN(CCO)c1ccc(N=Nc2sc3cc(OC)ccc3[n+]2C)cc1.COS(=O)(=O)[O-],-1.0208150872
c1cc2ccc3ccc4ccc5ccc6ccc1c1c2c3c4c5c61,-8.83
C1=Cc2ccccc2C1.Cc1cccc(C)c1C.c1ccc2c(c1)CCC2,-3.51623781
O=S(=O)([O-])c1cc(N=Nc2ccc3c(S(=O)(=O)[O-])cccc3c2S(=O)(=O)[O-])c2c(O)c(Nc3nc(Cl)nc(Nc4ccc(Nc5nc(Cl)nc(Nc6c(S(=O)(=O)[O-])cc7cc(S(=O)(=O)[O-])cc(N=Nc8ccc9c(S(=O)(=O)[O-])cccc9c8S(=O)(=O)[O-])c7c6O)n5)cc4)n3)c(S(=O)(=O)[O-])cc2c1.[Na+].[Na+].[Na+].[Na+].[Na+].[Na+].[Na+].[Na+],-0.634868411
O=C1CCC(C(=O)[O-])N1.O=C1CCC(C(=O)[O-])N1.[Zn+2],-0.5341935881000001
O=C1CCC(C(=O)[O-])N1.O=C1CCC(C(=O)[O-])N1.[Cu+2],-0.384250204
CNc1ccc(/C=C/c2ccc(Nc3nc(Nc4ccc(S(=O)(=O)[O-])cc4)nc(N4CCOCC4)n3)cc2S(=O)(=O)[O-])c(S(=O)(=O)[O-])c1.Cc1nc(Nc2ccc(S(=O)(=O)[O-])cc2)nc(N2CCOCC2)n1.[Na].[Na].[Na].[Na],-0.4843358105
CCn1cc(C(=O)OC)c(=O)c2ccc(C)nc21,-2.7
CCN(CC)C(=O)COC(=O)c1cn(CC)c2nc(C)ccc2c1=O,-1.43
CCn1cc(C(=O)O)c(=O)c2ccc(C)nc21,-3.61
CCn1cc(C(=O)OCOC(C)=O)c(=O)c2ccc(C)nc21,-2.49
CCC(=O)OCOC(=O)c1cn(CC)c2nc(C)ccc2c1=O,-2.83
CCCC(=O)OCOC(=O)c1cn(CC)c2nc(C)ccc2c1=O,-2.95
CCn1cc(C(=O)OCOC(=O)C(C)C)c(=O)c2ccc(C)nc21,-3.02
c1ccc(-c2ccc(-c3ccccc3)cc2)cc1,-6.183335848
